categoria,objetivo,objetivo_nome,concept_id,fonte,indicador,sub_itens,descricao,escala,populacao,valor_normalizado,ano_fonte
RO,1,Governança do Governo Digital,munic/MUNIC_TI_ESTRUTURA,munic,MUNIC_TI_ESTRUTURA,total,Estrutura organizacional de TI na prefeitura,prop_0_100,prefeituras,100.0,2024
RO,2,Qualidade dos Serviços Digitais,munic/MUNIC_ACESS_IMAGENS,munic,MUNIC_ACESS_IMAGENS,total,Descrição do conteúdo das imagens,prop_0_100,prefeituras,0.0,2024
RO,2,Qualidade dos Serviços Digitais,munic/MUNIC_ACESS_LIBRAS,munic,MUNIC_ACESS_LIBRAS,total,Tradução de conteúdo em LIBRAS,prop_0_100,prefeituras,100.0,2024
RO,2,Qualidade dos Serviços Digitais,munic/MUNIC_ACESS_NAVEGACAO,munic,MUNIC_ACESS_NAVEGACAO,total,Navegação acessível por todos os itens interativos,prop_0_100,prefeituras,0.0,2024
RO,2,Qualidade dos Serviços Digitais,munic/MUNIC_ACESS_SALTAR,munic,MUNIC_ACESS_SALTAR,total,Tecnologia assistiva para saltar itens repetitivos,prop_0_100,prefeituras,0.0,2024
RO,2,Qualidade dos Serviços Digitais,munic/MUNIC_ATEND_DISTANCIA,munic,MUNIC_ATEND_DISTANCIA,total,Serviços de atendimento ao público a distância,prop_0_100,prefeituras,100.0,2024
RO,2,Qualidade dos Serviços Digitais,munic/MUNIC_ATIV_REDES_DIVULGAR,munic,MUNIC_ATIV_REDES_DIVULGAR,total,Atividade em redes sociais — divulgar serviços/campanhas,prop_0_100,prefeituras,100.0,2024
RO,2,Qualidade dos Serviços Digitais,munic/MUNIC_ATIV_REDES_NOTICIAS,munic,MUNIC_ATIV_REDES_NOTICIAS,total,Atividade em redes sociais — postar notícias,prop_0_100,prefeituras,100.0,2024
RO,2,Qualidade dos Serviços Digitais,munic/MUNIC_ATIV_REDES_RESPOSTAS,munic,MUNIC_ATIV_REDES_RESPOSTAS,total,Atividade em redes sociais — responder comentários,prop_0_100,prefeituras,100.0,2024
RO,2,Qualidade dos Serviços Digitais,munic/MUNIC_CELULAR_APP_OUTROS,munic,MUNIC_CELULAR_APP_OUTROS,total,Aplicativos criados por outros organismos,prop_0_100,prefeituras,0.0,2024
RO,2,Qualidade dos Serviços Digitais,munic/MUNIC_CELULAR_APP_PREF,munic,MUNIC_CELULAR_APP_PREF,total,Aplicativos criados pela prefeitura,prop_0_100,prefeituras,0.0,2024
RO,2,Qualidade dos Serviços Digitais,munic/MUNIC_CELULAR_BOLETOS,munic,MUNIC_CELULAR_BOLETOS,total,Emissão de boletos ou guias de pagamento,prop_0_100,prefeituras,0.0,2024
RO,2,Qualidade dos Serviços Digitais,munic/MUNIC_CELULAR_SMS_ENVIO,munic,MUNIC_CELULAR_SMS_ENVIO,total,Envio de SMS para o cidadão,prop_0_100,prefeituras,0.0,2024
RO,2,Qualidade dos Serviços Digitais,munic/MUNIC_CELULAR_SMS_RECEB,munic,MUNIC_CELULAR_SMS_RECEB,total,Recebimento de SMS pelo cidadão,prop_0_100,prefeituras,0.0,2024
RO,2,Qualidade dos Serviços Digitais,munic/MUNIC_CELULAR_WEBSITE_MOBILE,munic,MUNIC_CELULAR_WEBSITE_MOBILE,total,Website adaptado para dispositivos móveis,prop_0_100,prefeituras,0.0,2024
RO,2,Qualidade dos Serviços Digitais,munic/MUNIC_PAGINA_INTERNET,munic,MUNIC_PAGINA_INTERNET,total,Prefeitura com página na Internet,prop_0_100,prefeituras,100.0,2024
RO,2,Qualidade dos Serviços Digitais,munic/MUNIC_REDES_SOCIAIS,munic,MUNIC_REDES_SOCIAIS,total,Prefeitura com perfil em plataformas online,prop_0_100,prefeituras,100.0,2024
RO,2,Qualidade dos Serviços Digitais,munic/MUNIC_SERV_INFO_CONCURSOS,munic,MUNIC_SERV_INFO_CONCURSOS,total,Serviço informativo — concursos públicos,prop_0_100,prefeituras,100.0,2024
RO,2,Qualidade dos Serviços Digitais,munic/MUNIC_SERV_INFO_DIARIO,munic,MUNIC_SERV_INFO_DIARIO,total,Serviço informativo — diário oficial,prop_0_100,prefeituras,100.0,2024
RO,2,Qualidade dos Serviços Digitais,munic/MUNIC_SERV_INFO_DOCUMENTOS,munic,MUNIC_SERV_INFO_DOCUMENTOS,total,Serviço informativo — acesso a documentos/formulários,prop_0_100,prefeituras,100.0,2024
RO,2,Qualidade dos Serviços Digitais,munic/MUNIC_SERV_INFO_LEGISLACAO,munic,MUNIC_SERV_INFO_LEGISLACAO,total,Serviço informativo — legislação municipal,prop_0_100,prefeituras,100.0,2024
RO,2,Qualidade dos Serviços Digitais,munic/MUNIC_SERV_INFO_LICITACOES,munic,MUNIC_SERV_INFO_LICITACOES,total,Serviço informativo — licitações,prop_0_100,prefeituras,100.0,2024
RO,2,Qualidade dos Serviços Digitais,munic/MUNIC_SERV_INFO_NOTICIAS,munic,MUNIC_SERV_INFO_NOTICIAS,total,Serviço informativo na página — notícias,prop_0_100,prefeituras,100.0,2024
RO,2,Qualidade dos Serviços Digitais,munic/MUNIC_SERV_TRANS_CERTIDAO,munic,MUNIC_SERV_TRANS_CERTIDAO,total,Serviço transacional — certidão negativa de débito,prop_0_100,prefeituras,100.0,2024
RO,2,Qualidade dos Serviços Digitais,munic/MUNIC_SERV_TRANS_DOWNLOAD,munic,MUNIC_SERV_TRANS_DOWNLOAD,total,Serviço transacional — download de documentos,prop_0_100,prefeituras,100.0,2024
RO,2,Qualidade dos Serviços Digitais,munic/MUNIC_SERV_TRANS_MATRICULA,munic,MUNIC_SERV_TRANS_MATRICULA,total,Serviço transacional — matrícula escolar online,prop_0_100,prefeituras,100.0,2024
RO,2,Qualidade dos Serviços Digitais,munic/MUNIC_SERV_TRANS_NFE,munic,MUNIC_SERV_TRANS_NFE,total,Serviço transacional — Nota Fiscal Eletrônica,prop_0_100,prefeituras,100.0,2024
RO,2,Qualidade dos Serviços Digitais,munic/MUNIC_SERV_TRANS_OUVIDORIA,munic,MUNIC_SERV_TRANS_OUVIDORIA,total,Serviço transacional — ouvidoria online,prop_0_100,prefeituras,100.0,2024
RO,2,Qualidade dos Serviços Digitais,munic/MUNIC_SERV_TRANS_PROCESSOS,munic,MUNIC_SERV_TRANS_PROCESSOS,total,Serviço transacional — consulta a processos,prop_0_100,prefeituras,100.0,2024
RO,2,Qualidade dos Serviços Digitais,munic/MUNIC_SERV_TRANS_SATISFACAO,munic,MUNIC_SERV_TRANS_SATISFACAO,total,Serviço transacional — pesquisa de satisfação,prop_0_100,prefeituras,0.0,2024
RO,2,Qualidade dos Serviços Digitais,munic/MUNIC_SERV_TRANS_SAUDE,munic,MUNIC_SERV_TRANS_SAUDE,total,Serviço transacional — agendamento consulta saúde,prop_0_100,prefeituras,0.0,2024
RO,2,Qualidade dos Serviços Digitais,munic/MUNIC_SERV_TRANS_TRIBUTOS,munic,MUNIC_SERV_TRANS_TRIBUTOS,total,Serviço transacional — guia de pagamento de tributos,prop_0_100,prefeituras,0.0,2024
RO,2,Qualidade dos Serviços Digitais,munic/MUNIC_SMART_BILHETE,munic,MUNIC_SMART_BILHETE,total,Bilhete eletrônico no transporte público,prop_0_100,prefeituras,100.0,2024
RO,2,Qualidade dos Serviços Digitais,munic/MUNIC_SMART_GPS_ONIBUS,munic,MUNIC_SMART_GPS_ONIBUS,total,Ônibus com GPS para informação ao usuário,prop_0_100,prefeituras,100.0,2024
RO,2,Qualidade dos Serviços Digitais,munic/PAGINA_POSSUI_TITULO,munic,PAGINA_POSSUI_TITULO,total,Páginas com título descritivo na aba do navegador (WCAG 2.4.2),prop_0_100,prefeituras,0.0,2024
RO,3,Identificação Única,munic/MUNIC_AUTENTICACAO,munic,MUNIC_AUTENTICACAO,total,Autenticação para acessar serviços pela internet,prop_0_100,prefeituras,100.0,2024
RO,4,Segurança e LGPD,munic/MUNIC_LGPD,munic,MUNIC_LGPD,total,Disseminação de orientações sobre LGPD na prefeitura,prop_0_100,prefeituras,100.0,2024
RO,4,Segurança e LGPD,munic/MUNIC_LGPD_CANAL_TITULAR,munic,MUNIC_LGPD_CANAL_TITULAR,total,Canal pela internet para titulares de dados (LGPD),prop_0_100,prefeituras,100.0,2024
RO,4,Segurança e LGPD,munic/MUNIC_LGPD_CAPACIT,munic,MUNIC_LGPD_CAPACIT,total,Cursos de segurança da informação e proteção de dados para servidores,prop_0_100,prefeituras,100.0,2024
RO,4,Segurança e LGPD,munic/MUNIC_LGPD_REGULAMENT,munic,MUNIC_LGPD_REGULAMENT,total,Regulamentação municipal específica sobre LGPD,prop_0_100,prefeituras,100.0,2024
RO,4,Segurança e LGPD,munic/MUNIC_LGPD_RESP,munic,MUNIC_LGPD_RESP,total,Responsável LGPD designado no município,prop_0_100,prefeituras,100.0,2024
RO,5,Dados e Interoperabilidade,munic/MUNIC_DADOS_ABERTOS,munic,MUNIC_DADOS_ABERTOS,total,Portal de dados abertos,prop_0_100,prefeituras,0.0,2024
RO,6,Infraestrutura,censo_escolar/IN_COMPUTADOR,censo_escolar,IN_COMPUTADOR,total,% escolas com computador,binario_agregar,escolas,92.91,2024
RO,6,Infraestrutura,censo_escolar/IN_INTERNET,censo_escolar,IN_INTERNET,total,% escolas com acesso à Internet,binario_agregar,escolas,96.28,2024
RO,6,Infraestrutura,censo_escolar/IN_INTERNET_ALUNOS,censo_escolar,IN_INTERNET_ALUNOS,total,% escolas com Internet para alunos,binario_agregar,escolas,44.59,2024
RO,6,Infraestrutura,censo_escolar/IN_INTERNET_APRENDIZAGEM,censo_escolar,IN_INTERNET_APRENDIZAGEM,total,% escolas com Internet para ensino,binario_agregar,escolas,56.42,2024
RO,6,Infraestrutura,censo_escolar/IN_LABORATORIO_INFORMATICA,censo_escolar,IN_LABORATORIO_INFORMATICA,total,% escolas com laboratório de informática,binario_agregar,escolas,40.88,2024
RO,6,Infraestrutura,anatel/BLM02,anatel,BLM02,total,% de domicílios cobertos por telefonia móvel,pct_meta_100,domicilios,91.78,2025
RO,6,Infraestrutura,munic/MUNIC_CPD,munic,MUNIC_CPD,total,Centro de Processamento de Dados na prefeitura,prop_0_100,prefeituras,100.0,2024
RO,6,Infraestrutura,munic/MUNIC_INCLUSAO_DIGITAL,munic,MUNIC_INCLUSAO_DIGITAL,total,Programa ou ação de inclusão digital,prop_0_100,prefeituras,100.0,2024
RO,6,Infraestrutura,munic/MUNIC_INTERNET,munic,MUNIC_INTERNET,total,Municípios com evidência afirmativa de conexão à Internet,prop_0_100,prefeituras,100.0,2024
RO,6,Infraestrutura,munic/MUNIC_SMART_CENTRO_CONTROLE,munic,MUNIC_SMART_CENTRO_CONTROLE,total,Centro de controle operacional,prop_0_100,prefeituras,100.0,2024
RO,6,Infraestrutura,munic/MUNIC_SMART_ILUMINACAO,munic,MUNIC_SMART_ILUMINACAO,total,Iluminação inteligente com medição de consumo,prop_0_100,prefeituras,100.0,2024
RO,6,Infraestrutura,munic/MUNIC_SMART_SEMAFOROS,munic,MUNIC_SMART_SEMAFOROS,total,Semáforos inteligentes controlados a distância,prop_0_100,prefeituras,100.0,2024
RO,6,Infraestrutura,munic/MUNIC_SMART_SENSORES,munic,MUNIC_SMART_SENSORES,total,Sensores para monitoramento de áreas de risco,prop_0_100,prefeituras,100.0,2024
RO,6,Infraestrutura,munic/MUNIC_WIFI_PUBLICO,munic,MUNIC_WIFI_PUBLICO,total,Acesso público à Internet (Wi-Fi) pela prefeitura,prop_0_100,prefeituras,0.0,2024
RO,9,Transparência e Participação,munic/MUNIC_ATIV_REDES_CONSULTA,munic,MUNIC_ATIV_REDES_CONSULTA,total,Atividade em redes sociais — consulta pública/enquete,prop_0_100,prefeituras,0.0,2024
RO,9,Transparência e Participação,munic/MUNIC_CONSELHO_TRANSP,munic,MUNIC_CONSELHO_TRANSP,total,Existência de Conselho Municipal de Transparência,prop_0_100,prefeituras,100.0,2024
RO,9,Transparência e Participação,munic/MUNIC_LAI,munic,MUNIC_LAI,total,Disseminação de orientações sobre LAI na prefeitura,prop_0_100,prefeituras,100.0,2024
RO,9,Transparência e Participação,munic/MUNIC_LAI_LEI,munic,MUNIC_LAI_LEI,total,Legislação municipal específica sobre LAI,prop_0_100,prefeituras,100.0,2024
RO,9,Transparência e Participação,munic/MUNIC_LAI_PUBLICA_PR,munic,MUNIC_LAI_PUBLICA_PR,total,Publicação de perguntas e respostas feitas pela LAI,prop_0_100,prefeituras,100.0,2024
RO,9,Transparência e Participação,munic/MUNIC_LAI_SOLICITACOES,munic,MUNIC_LAI_SOLICITACOES,total,Solicitações de acesso à informação recebidas em 2023,prop_0_100,prefeituras,100.0,2024
RO,9,Transparência e Participação,munic/MUNIC_PARTICIPACAO,munic,MUNIC_PARTICIPACAO,total,Participação do cidadão pela internet,prop_0_100,prefeituras,100.0,2024
RO,9,Transparência e Participação,munic/MUNIC_PORTAL_TRANSP,munic,MUNIC_PORTAL_TRANSP,total,Portal da transparência,prop_0_100,prefeituras,100.0,2024
RO,9,Transparência e Participação,munic/MUNIC_SERV_INFO_FINANCAS,munic,MUNIC_SERV_INFO_FINANCAS,total,Serviço informativo — finanças públicas,prop_0_100,prefeituras,100.0,2024
AC,1,Governança do Governo Digital,munic/MUNIC_TI_ESTRUTURA,munic,MUNIC_TI_ESTRUTURA,total,Estrutura organizacional de TI na prefeitura,prop_0_100,prefeituras,100.0,2024
AC,2,Qualidade dos Serviços Digitais,munic/MUNIC_ACESS_IMAGENS,munic,MUNIC_ACESS_IMAGENS,total,Descrição do conteúdo das imagens,prop_0_100,prefeituras,0.0,2024
AC,2,Qualidade dos Serviços Digitais,munic/MUNIC_ACESS_LIBRAS,munic,MUNIC_ACESS_LIBRAS,total,Tradução de conteúdo em LIBRAS,prop_0_100,prefeituras,0.0,2024
AC,2,Qualidade dos Serviços Digitais,munic/MUNIC_ACESS_NAVEGACAO,munic,MUNIC_ACESS_NAVEGACAO,total,Navegação acessível por todos os itens interativos,prop_0_100,prefeituras,0.0,2024
AC,2,Qualidade dos Serviços Digitais,munic/MUNIC_ACESS_SALTAR,munic,MUNIC_ACESS_SALTAR,total,Tecnologia assistiva para saltar itens repetitivos,prop_0_100,prefeituras,0.0,2024
AC,2,Qualidade dos Serviços Digitais,munic/MUNIC_ATEND_DISTANCIA,munic,MUNIC_ATEND_DISTANCIA,total,Serviços de atendimento ao público a distância,prop_0_100,prefeituras,100.0,2024
AC,2,Qualidade dos Serviços Digitais,munic/MUNIC_ATIV_REDES_DIVULGAR,munic,MUNIC_ATIV_REDES_DIVULGAR,total,Atividade em redes sociais — divulgar serviços/campanhas,prop_0_100,prefeituras,100.0,2024
AC,2,Qualidade dos Serviços Digitais,munic/MUNIC_ATIV_REDES_NOTICIAS,munic,MUNIC_ATIV_REDES_NOTICIAS,total,Atividade em redes sociais — postar notícias,prop_0_100,prefeituras,100.0,2024
AC,2,Qualidade dos Serviços Digitais,munic/MUNIC_ATIV_REDES_RESPOSTAS,munic,MUNIC_ATIV_REDES_RESPOSTAS,total,Atividade em redes sociais — responder comentários,prop_0_100,prefeituras,100.0,2024
AC,2,Qualidade dos Serviços Digitais,munic/MUNIC_CELULAR_APP_OUTROS,munic,MUNIC_CELULAR_APP_OUTROS,total,Aplicativos criados por outros organismos,prop_0_100,prefeituras,0.0,2024
AC,2,Qualidade dos Serviços Digitais,munic/MUNIC_CELULAR_APP_PREF,munic,MUNIC_CELULAR_APP_PREF,total,Aplicativos criados pela prefeitura,prop_0_100,prefeituras,0.0,2024
AC,2,Qualidade dos Serviços Digitais,munic/MUNIC_CELULAR_BOLETOS,munic,MUNIC_CELULAR_BOLETOS,total,Emissão de boletos ou guias de pagamento,prop_0_100,prefeituras,0.0,2024
AC,2,Qualidade dos Serviços Digitais,munic/MUNIC_CELULAR_SMS_ENVIO,munic,MUNIC_CELULAR_SMS_ENVIO,total,Envio de SMS para o cidadão,prop_0_100,prefeituras,0.0,2024
AC,2,Qualidade dos Serviços Digitais,munic/MUNIC_CELULAR_SMS_RECEB,munic,MUNIC_CELULAR_SMS_RECEB,total,Recebimento de SMS pelo cidadão,prop_0_100,prefeituras,0.0,2024
AC,2,Qualidade dos Serviços Digitais,munic/MUNIC_CELULAR_WEBSITE_MOBILE,munic,MUNIC_CELULAR_WEBSITE_MOBILE,total,Website adaptado para dispositivos móveis,prop_0_100,prefeituras,0.0,2024
AC,2,Qualidade dos Serviços Digitais,munic/MUNIC_PAGINA_INTERNET,munic,MUNIC_PAGINA_INTERNET,total,Prefeitura com página na Internet,prop_0_100,prefeituras,100.0,2024
AC,2,Qualidade dos Serviços Digitais,munic/MUNIC_REDES_SOCIAIS,munic,MUNIC_REDES_SOCIAIS,total,Prefeitura com perfil em plataformas online,prop_0_100,prefeituras,100.0,2024
AC,2,Qualidade dos Serviços Digitais,munic/MUNIC_SERV_INFO_CONCURSOS,munic,MUNIC_SERV_INFO_CONCURSOS,total,Serviço informativo — concursos públicos,prop_0_100,prefeituras,100.0,2024
AC,2,Qualidade dos Serviços Digitais,munic/MUNIC_SERV_INFO_DIARIO,munic,MUNIC_SERV_INFO_DIARIO,total,Serviço informativo — diário oficial,prop_0_100,prefeituras,0.0,2024
AC,2,Qualidade dos Serviços Digitais,munic/MUNIC_SERV_INFO_DOCUMENTOS,munic,MUNIC_SERV_INFO_DOCUMENTOS,total,Serviço informativo — acesso a documentos/formulários,prop_0_100,prefeituras,0.0,2024
AC,2,Qualidade dos Serviços Digitais,munic/MUNIC_SERV_INFO_LEGISLACAO,munic,MUNIC_SERV_INFO_LEGISLACAO,total,Serviço informativo — legislação municipal,prop_0_100,prefeituras,100.0,2024
AC,2,Qualidade dos Serviços Digitais,munic/MUNIC_SERV_INFO_LICITACOES,munic,MUNIC_SERV_INFO_LICITACOES,total,Serviço informativo — licitações,prop_0_100,prefeituras,0.0,2024
AC,2,Qualidade dos Serviços Digitais,munic/MUNIC_SERV_INFO_NOTICIAS,munic,MUNIC_SERV_INFO_NOTICIAS,total,Serviço informativo na página — notícias,prop_0_100,prefeituras,100.0,2024
AC,2,Qualidade dos Serviços Digitais,munic/MUNIC_SERV_TRANS_CERTIDAO,munic,MUNIC_SERV_TRANS_CERTIDAO,total,Serviço transacional — certidão negativa de débito,prop_0_100,prefeituras,100.0,2024
AC,2,Qualidade dos Serviços Digitais,munic/MUNIC_SERV_TRANS_DOWNLOAD,munic,MUNIC_SERV_TRANS_DOWNLOAD,total,Serviço transacional — download de documentos,prop_0_100,prefeituras,0.0,2024
AC,2,Qualidade dos Serviços Digitais,munic/MUNIC_SERV_TRANS_MATRICULA,munic,MUNIC_SERV_TRANS_MATRICULA,total,Serviço transacional — matrícula escolar online,prop_0_100,prefeituras,0.0,2024
AC,2,Qualidade dos Serviços Digitais,munic/MUNIC_SERV_TRANS_NFE,munic,MUNIC_SERV_TRANS_NFE,total,Serviço transacional — Nota Fiscal Eletrônica,prop_0_100,prefeituras,0.0,2024
AC,2,Qualidade dos Serviços Digitais,munic/MUNIC_SERV_TRANS_OUVIDORIA,munic,MUNIC_SERV_TRANS_OUVIDORIA,total,Serviço transacional — ouvidoria online,prop_0_100,prefeituras,100.0,2024
AC,2,Qualidade dos Serviços Digitais,munic/MUNIC_SERV_TRANS_PROCESSOS,munic,MUNIC_SERV_TRANS_PROCESSOS,total,Serviço transacional — consulta a processos,prop_0_100,prefeituras,0.0,2024
AC,2,Qualidade dos Serviços Digitais,munic/MUNIC_SERV_TRANS_SATISFACAO,munic,MUNIC_SERV_TRANS_SATISFACAO,total,Serviço transacional — pesquisa de satisfação,prop_0_100,prefeituras,0.0,2024
AC,2,Qualidade dos Serviços Digitais,munic/MUNIC_SERV_TRANS_SAUDE,munic,MUNIC_SERV_TRANS_SAUDE,total,Serviço transacional — agendamento consulta saúde,prop_0_100,prefeituras,0.0,2024
AC,2,Qualidade dos Serviços Digitais,munic/MUNIC_SERV_TRANS_TRIBUTOS,munic,MUNIC_SERV_TRANS_TRIBUTOS,total,Serviço transacional — guia de pagamento de tributos,prop_0_100,prefeituras,100.0,2024
AC,2,Qualidade dos Serviços Digitais,munic/MUNIC_SMART_BILHETE,munic,MUNIC_SMART_BILHETE,total,Bilhete eletrônico no transporte público,prop_0_100,prefeituras,100.0,2024
AC,2,Qualidade dos Serviços Digitais,munic/MUNIC_SMART_GPS_ONIBUS,munic,MUNIC_SMART_GPS_ONIBUS,total,Ônibus com GPS para informação ao usuário,prop_0_100,prefeituras,100.0,2024
AC,2,Qualidade dos Serviços Digitais,munic/PAGINA_POSSUI_TITULO,munic,PAGINA_POSSUI_TITULO,total,Páginas com título descritivo na aba do navegador (WCAG 2.4.2),prop_0_100,prefeituras,0.0,2024
AC,3,Identificação Única,munic/MUNIC_AUTENTICACAO,munic,MUNIC_AUTENTICACAO,total,Autenticação para acessar serviços pela internet,prop_0_100,prefeituras,0.0,2024
AC,4,Segurança e LGPD,munic/MUNIC_LGPD,munic,MUNIC_LGPD,total,Disseminação de orientações sobre LGPD na prefeitura,prop_0_100,prefeituras,0.0,2024
AC,4,Segurança e LGPD,munic/MUNIC_LGPD_CANAL_TITULAR,munic,MUNIC_LGPD_CANAL_TITULAR,total,Canal pela internet para titulares de dados (LGPD),prop_0_100,prefeituras,0.0,2024
AC,4,Segurança e LGPD,munic/MUNIC_LGPD_CAPACIT,munic,MUNIC_LGPD_CAPACIT,total,Cursos de segurança da informação e proteção de dados para servidores,prop_0_100,prefeituras,100.0,2024
AC,4,Segurança e LGPD,munic/MUNIC_LGPD_REGULAMENT,munic,MUNIC_LGPD_REGULAMENT,total,Regulamentação municipal específica sobre LGPD,prop_0_100,prefeituras,0.0,2024
AC,4,Segurança e LGPD,munic/MUNIC_LGPD_RESP,munic,MUNIC_LGPD_RESP,total,Responsável LGPD designado no município,prop_0_100,prefeituras,0.0,2024
AC,5,Dados e Interoperabilidade,munic/MUNIC_DADOS_ABERTOS,munic,MUNIC_DADOS_ABERTOS,total,Portal de dados abertos,prop_0_100,prefeituras,0.0,2024
AC,6,Infraestrutura,censo_escolar/IN_COMPUTADOR,censo_escolar,IN_COMPUTADOR,total,% escolas com computador,binario_agregar,escolas,88.69,2024
AC,6,Infraestrutura,censo_escolar/IN_INTERNET,censo_escolar,IN_INTERNET,total,% escolas com acesso à Internet,binario_agregar,escolas,86.86,2024
AC,6,Infraestrutura,censo_escolar/IN_INTERNET_ALUNOS,censo_escolar,IN_INTERNET_ALUNOS,total,% escolas com Internet para alunos,binario_agregar,escolas,28.47,2024
AC,6,Infraestrutura,censo_escolar/IN_INTERNET_APRENDIZAGEM,censo_escolar,IN_INTERNET_APRENDIZAGEM,total,% escolas com Internet para ensino,binario_agregar,escolas,45.99,2024
AC,6,Infraestrutura,censo_escolar/IN_LABORATORIO_INFORMATICA,censo_escolar,IN_LABORATORIO_INFORMATICA,total,% escolas com laboratório de informática,binario_agregar,escolas,32.12,2024
AC,6,Infraestrutura,anatel/BLM02,anatel,BLM02,total,% de domicílios cobertos por telefonia móvel,pct_meta_100,domicilios,95.22,2025
AC,6,Infraestrutura,munic/MUNIC_CPD,munic,MUNIC_CPD,total,Centro de Processamento de Dados na prefeitura,prop_0_100,prefeituras,100.0,2024
AC,6,Infraestrutura,munic/MUNIC_INCLUSAO_DIGITAL,munic,MUNIC_INCLUSAO_DIGITAL,total,Programa ou ação de inclusão digital,prop_0_100,prefeituras,100.0,2024
AC,6,Infraestrutura,munic/MUNIC_INTERNET,munic,MUNIC_INTERNET,total,Municípios com evidência afirmativa de conexão à Internet,prop_0_100,prefeituras,100.0,2024
AC,6,Infraestrutura,munic/MUNIC_SMART_CENTRO_CONTROLE,munic,MUNIC_SMART_CENTRO_CONTROLE,total,Centro de controle operacional,prop_0_100,prefeituras,100.0,2024
AC,6,Infraestrutura,munic/MUNIC_SMART_ILUMINACAO,munic,MUNIC_SMART_ILUMINACAO,total,Iluminação inteligente com medição de consumo,prop_0_100,prefeituras,0.0,2024
AC,6,Infraestrutura,munic/MUNIC_SMART_SEMAFOROS,munic,MUNIC_SMART_SEMAFOROS,total,Semáforos inteligentes controlados a distância,prop_0_100,prefeituras,100.0,2024
AC,6,Infraestrutura,munic/MUNIC_SMART_SENSORES,munic,MUNIC_SMART_SENSORES,total,Sensores para monitoramento de áreas de risco,prop_0_100,prefeituras,100.0,2024
AC,6,Infraestrutura,munic/MUNIC_WIFI_PUBLICO,munic,MUNIC_WIFI_PUBLICO,total,Acesso público à Internet (Wi-Fi) pela prefeitura,prop_0_100,prefeituras,100.0,2024
AC,9,Transparência e Participação,munic/MUNIC_ATIV_REDES_CONSULTA,munic,MUNIC_ATIV_REDES_CONSULTA,total,Atividade em redes sociais — consulta pública/enquete,prop_0_100,prefeituras,0.0,2024
AC,9,Transparência e Participação,munic/MUNIC_CONSELHO_TRANSP,munic,MUNIC_CONSELHO_TRANSP,total,Existência de Conselho Municipal de Transparência,prop_0_100,prefeituras,100.0,2024
AC,9,Transparência e Participação,munic/MUNIC_LAI,munic,MUNIC_LAI,total,Disseminação de orientações sobre LAI na prefeitura,prop_0_100,prefeituras,0.0,2024
AC,9,Transparência e Participação,munic/MUNIC_LAI_LEI,munic,MUNIC_LAI_LEI,total,Legislação municipal específica sobre LAI,prop_0_100,prefeituras,100.0,2024
AC,9,Transparência e Participação,munic/MUNIC_LAI_PUBLICA_PR,munic,MUNIC_LAI_PUBLICA_PR,total,Publicação de perguntas e respostas feitas pela LAI,prop_0_100,prefeituras,100.0,2024
AC,9,Transparência e Participação,munic/MUNIC_LAI_SOLICITACOES,munic,MUNIC_LAI_SOLICITACOES,total,Solicitações de acesso à informação recebidas em 2023,prop_0_100,prefeituras,100.0,2024
AC,9,Transparência e Participação,munic/MUNIC_PARTICIPACAO,munic,MUNIC_PARTICIPACAO,total,Participação do cidadão pela internet,prop_0_100,prefeituras,100.0,2024
AC,9,Transparência e Participação,munic/MUNIC_PORTAL_TRANSP,munic,MUNIC_PORTAL_TRANSP,total,Portal da transparência,prop_0_100,prefeituras,100.0,2024
AC,9,Transparência e Participação,munic/MUNIC_SERV_INFO_FINANCAS,munic,MUNIC_SERV_INFO_FINANCAS,total,Serviço informativo — finanças públicas,prop_0_100,prefeituras,100.0,2024
AM,1,Governança do Governo Digital,munic/MUNIC_TI_ESTRUTURA,munic,MUNIC_TI_ESTRUTURA,total,Estrutura organizacional de TI na prefeitura,prop_0_100,prefeituras,100.0,2024
AM,2,Qualidade dos Serviços Digitais,munic/MUNIC_ACESS_IMAGENS,munic,MUNIC_ACESS_IMAGENS,total,Descrição do conteúdo das imagens,prop_0_100,prefeituras,100.0,2024
AM,2,Qualidade dos Serviços Digitais,munic/MUNIC_ACESS_LIBRAS,munic,MUNIC_ACESS_LIBRAS,total,Tradução de conteúdo em LIBRAS,prop_0_100,prefeituras,100.0,2024
AM,2,Qualidade dos Serviços Digitais,munic/MUNIC_ACESS_NAVEGACAO,munic,MUNIC_ACESS_NAVEGACAO,total,Navegação acessível por todos os itens interativos,prop_0_100,prefeituras,100.0,2024
AM,2,Qualidade dos Serviços Digitais,munic/MUNIC_ACESS_SALTAR,munic,MUNIC_ACESS_SALTAR,total,Tecnologia assistiva para saltar itens repetitivos,prop_0_100,prefeituras,0.0,2024
AM,2,Qualidade dos Serviços Digitais,munic/MUNIC_ATEND_DISTANCIA,munic,MUNIC_ATEND_DISTANCIA,total,Serviços de atendimento ao público a distância,prop_0_100,prefeituras,100.0,2024
AM,2,Qualidade dos Serviços Digitais,munic/MUNIC_ATIV_REDES_DIVULGAR,munic,MUNIC_ATIV_REDES_DIVULGAR,total,Atividade em redes sociais — divulgar serviços/campanhas,prop_0_100,prefeituras,100.0,2024
AM,2,Qualidade dos Serviços Digitais,munic/MUNIC_ATIV_REDES_NOTICIAS,munic,MUNIC_ATIV_REDES_NOTICIAS,total,Atividade em redes sociais — postar notícias,prop_0_100,prefeituras,100.0,2024
AM,2,Qualidade dos Serviços Digitais,munic/MUNIC_ATIV_REDES_RESPOSTAS,munic,MUNIC_ATIV_REDES_RESPOSTAS,total,Atividade em redes sociais — responder comentários,prop_0_100,prefeituras,100.0,2024
AM,2,Qualidade dos Serviços Digitais,munic/MUNIC_CELULAR_APP_OUTROS,munic,MUNIC_CELULAR_APP_OUTROS,total,Aplicativos criados por outros organismos,prop_0_100,prefeituras,0.0,2024
AM,2,Qualidade dos Serviços Digitais,munic/MUNIC_CELULAR_APP_PREF,munic,MUNIC_CELULAR_APP_PREF,total,Aplicativos criados pela prefeitura,prop_0_100,prefeituras,100.0,2024
AM,2,Qualidade dos Serviços Digitais,munic/MUNIC_CELULAR_BOLETOS,munic,MUNIC_CELULAR_BOLETOS,total,Emissão de boletos ou guias de pagamento,prop_0_100,prefeituras,0.0,2024
AM,2,Qualidade dos Serviços Digitais,munic/MUNIC_CELULAR_SMS_ENVIO,munic,MUNIC_CELULAR_SMS_ENVIO,total,Envio de SMS para o cidadão,prop_0_100,prefeituras,100.0,2024
AM,2,Qualidade dos Serviços Digitais,munic/MUNIC_CELULAR_SMS_RECEB,munic,MUNIC_CELULAR_SMS_RECEB,total,Recebimento de SMS pelo cidadão,prop_0_100,prefeituras,0.0,2024
AM,2,Qualidade dos Serviços Digitais,munic/MUNIC_CELULAR_WEBSITE_MOBILE,munic,MUNIC_CELULAR_WEBSITE_MOBILE,total,Website adaptado para dispositivos móveis,prop_0_100,prefeituras,100.0,2024
AM,2,Qualidade dos Serviços Digitais,munic/MUNIC_PAGINA_INTERNET,munic,MUNIC_PAGINA_INTERNET,total,Prefeitura com página na Internet,prop_0_100,prefeituras,100.0,2024
AM,2,Qualidade dos Serviços Digitais,munic/MUNIC_REDES_SOCIAIS,munic,MUNIC_REDES_SOCIAIS,total,Prefeitura com perfil em plataformas online,prop_0_100,prefeituras,100.0,2024
AM,2,Qualidade dos Serviços Digitais,munic/MUNIC_SERV_INFO_CONCURSOS,munic,MUNIC_SERV_INFO_CONCURSOS,total,Serviço informativo — concursos públicos,prop_0_100,prefeituras,100.0,2024
AM,2,Qualidade dos Serviços Digitais,munic/MUNIC_SERV_INFO_DIARIO,munic,MUNIC_SERV_INFO_DIARIO,total,Serviço informativo — diário oficial,prop_0_100,prefeituras,100.0,2024
AM,2,Qualidade dos Serviços Digitais,munic/MUNIC_SERV_INFO_DOCUMENTOS,munic,MUNIC_SERV_INFO_DOCUMENTOS,total,Serviço informativo — acesso a documentos/formulários,prop_0_100,prefeituras,100.0,2024
AM,2,Qualidade dos Serviços Digitais,munic/MUNIC_SERV_INFO_LEGISLACAO,munic,MUNIC_SERV_INFO_LEGISLACAO,total,Serviço informativo — legislação municipal,prop_0_100,prefeituras,100.0,2024
AM,2,Qualidade dos Serviços Digitais,munic/MUNIC_SERV_INFO_LICITACOES,munic,MUNIC_SERV_INFO_LICITACOES,total,Serviço informativo — licitações,prop_0_100,prefeituras,100.0,2024
AM,2,Qualidade dos Serviços Digitais,munic/MUNIC_SERV_INFO_NOTICIAS,munic,MUNIC_SERV_INFO_NOTICIAS,total,Serviço informativo na página — notícias,prop_0_100,prefeituras,100.0,2024
AM,2,Qualidade dos Serviços Digitais,munic/MUNIC_SERV_TRANS_CERTIDAO,munic,MUNIC_SERV_TRANS_CERTIDAO,total,Serviço transacional — certidão negativa de débito,prop_0_100,prefeituras,100.0,2024
AM,2,Qualidade dos Serviços Digitais,munic/MUNIC_SERV_TRANS_DOWNLOAD,munic,MUNIC_SERV_TRANS_DOWNLOAD,total,Serviço transacional — download de documentos,prop_0_100,prefeituras,100.0,2024
AM,2,Qualidade dos Serviços Digitais,munic/MUNIC_SERV_TRANS_MATRICULA,munic,MUNIC_SERV_TRANS_MATRICULA,total,Serviço transacional — matrícula escolar online,prop_0_100,prefeituras,100.0,2024
AM,2,Qualidade dos Serviços Digitais,munic/MUNIC_SERV_TRANS_NFE,munic,MUNIC_SERV_TRANS_NFE,total,Serviço transacional — Nota Fiscal Eletrônica,prop_0_100,prefeituras,100.0,2024
AM,2,Qualidade dos Serviços Digitais,munic/MUNIC_SERV_TRANS_OUVIDORIA,munic,MUNIC_SERV_TRANS_OUVIDORIA,total,Serviço transacional — ouvidoria online,prop_0_100,prefeituras,100.0,2024
AM,2,Qualidade dos Serviços Digitais,munic/MUNIC_SERV_TRANS_PROCESSOS,munic,MUNIC_SERV_TRANS_PROCESSOS,total,Serviço transacional — consulta a processos,prop_0_100,prefeituras,100.0,2024
AM,2,Qualidade dos Serviços Digitais,munic/MUNIC_SERV_TRANS_SATISFACAO,munic,MUNIC_SERV_TRANS_SATISFACAO,total,Serviço transacional — pesquisa de satisfação,prop_0_100,prefeituras,100.0,2024
AM,2,Qualidade dos Serviços Digitais,munic/MUNIC_SERV_TRANS_SAUDE,munic,MUNIC_SERV_TRANS_SAUDE,total,Serviço transacional — agendamento consulta saúde,prop_0_100,prefeituras,100.0,2024
AM,2,Qualidade dos Serviços Digitais,munic/MUNIC_SERV_TRANS_TRIBUTOS,munic,MUNIC_SERV_TRANS_TRIBUTOS,total,Serviço transacional — guia de pagamento de tributos,prop_0_100,prefeituras,100.0,2024
AM,2,Qualidade dos Serviços Digitais,munic/MUNIC_SMART_BILHETE,munic,MUNIC_SMART_BILHETE,total,Bilhete eletrônico no transporte público,prop_0_100,prefeituras,100.0,2024
AM,2,Qualidade dos Serviços Digitais,munic/MUNIC_SMART_GPS_ONIBUS,munic,MUNIC_SMART_GPS_ONIBUS,total,Ônibus com GPS para informação ao usuário,prop_0_100,prefeituras,100.0,2024
AM,2,Qualidade dos Serviços Digitais,munic/PAGINA_POSSUI_TITULO,munic,PAGINA_POSSUI_TITULO,total,Páginas com título descritivo na aba do navegador (WCAG 2.4.2),prop_0_100,prefeituras,100.0,2024
AM,3,Identificação Única,munic/MUNIC_AUTENTICACAO,munic,MUNIC_AUTENTICACAO,total,Autenticação para acessar serviços pela internet,prop_0_100,prefeituras,100.0,2024
AM,4,Segurança e LGPD,munic/MUNIC_LGPD,munic,MUNIC_LGPD,total,Disseminação de orientações sobre LGPD na prefeitura,prop_0_100,prefeituras,100.0,2024
AM,4,Segurança e LGPD,munic/MUNIC_LGPD_CANAL_TITULAR,munic,MUNIC_LGPD_CANAL_TITULAR,total,Canal pela internet para titulares de dados (LGPD),prop_0_100,prefeituras,100.0,2024
AM,4,Segurança e LGPD,munic/MUNIC_LGPD_CAPACIT,munic,MUNIC_LGPD_CAPACIT,total,Cursos de segurança da informação e proteção de dados para servidores,prop_0_100,prefeituras,100.0,2024
AM,4,Segurança e LGPD,munic/MUNIC_LGPD_REGULAMENT,munic,MUNIC_LGPD_REGULAMENT,total,Regulamentação municipal específica sobre LGPD,prop_0_100,prefeituras,100.0,2024
AM,4,Segurança e LGPD,munic/MUNIC_LGPD_RESP,munic,MUNIC_LGPD_RESP,total,Responsável LGPD designado no município,prop_0_100,prefeituras,100.0,2024
AM,5,Dados e Interoperabilidade,munic/MUNIC_DADOS_ABERTOS,munic,MUNIC_DADOS_ABERTOS,total,Portal de dados abertos,prop_0_100,prefeituras,100.0,2024
AM,6,Infraestrutura,censo_escolar/IN_COMPUTADOR,censo_escolar,IN_COMPUTADOR,total,% escolas com computador,binario_agregar,escolas,91.51,2024
AM,6,Infraestrutura,censo_escolar/IN_INTERNET,censo_escolar,IN_INTERNET,total,% escolas com acesso à Internet,binario_agregar,escolas,98.68,2024
AM,6,Infraestrutura,censo_escolar/IN_INTERNET_ALUNOS,censo_escolar,IN_INTERNET_ALUNOS,total,% escolas com Internet para alunos,binario_agregar,escolas,53.3,2024
AM,6,Infraestrutura,censo_escolar/IN_INTERNET_APRENDIZAGEM,censo_escolar,IN_INTERNET_APRENDIZAGEM,total,% escolas com Internet para ensino,binario_agregar,escolas,67.74,2024
AM,6,Infraestrutura,censo_escolar/IN_LABORATORIO_INFORMATICA,censo_escolar,IN_LABORATORIO_INFORMATICA,total,% escolas com laboratório de informática,binario_agregar,escolas,51.98,2024
AM,6,Infraestrutura,anatel/BLM02,anatel,BLM02,total,% de domicílios cobertos por telefonia móvel,pct_meta_100,domicilios,98.54,2025
AM,6,Infraestrutura,munic/MUNIC_CPD,munic,MUNIC_CPD,total,Centro de Processamento de Dados na prefeitura,prop_0_100,prefeituras,100.0,2024
AM,6,Infraestrutura,munic/MUNIC_INCLUSAO_DIGITAL,munic,MUNIC_INCLUSAO_DIGITAL,total,Programa ou ação de inclusão digital,prop_0_100,prefeituras,100.0,2024
AM,6,Infraestrutura,munic/MUNIC_INTERNET,munic,MUNIC_INTERNET,total,Municípios com evidência afirmativa de conexão à Internet,prop_0_100,prefeituras,100.0,2024
AM,6,Infraestrutura,munic/MUNIC_SMART_CENTRO_CONTROLE,munic,MUNIC_SMART_CENTRO_CONTROLE,total,Centro de controle operacional,prop_0_100,prefeituras,100.0,2024
AM,6,Infraestrutura,munic/MUNIC_SMART_ILUMINACAO,munic,MUNIC_SMART_ILUMINACAO,total,Iluminação inteligente com medição de consumo,prop_0_100,prefeituras,100.0,2024
AM,6,Infraestrutura,munic/MUNIC_SMART_SEMAFOROS,munic,MUNIC_SMART_SEMAFOROS,total,Semáforos inteligentes controlados a distância,prop_0_100,prefeituras,100.0,2024
AM,6,Infraestrutura,munic/MUNIC_SMART_SENSORES,munic,MUNIC_SMART_SENSORES,total,Sensores para monitoramento de áreas de risco,prop_0_100,prefeituras,100.0,2024
AM,6,Infraestrutura,munic/MUNIC_WIFI_PUBLICO,munic,MUNIC_WIFI_PUBLICO,total,Acesso público à Internet (Wi-Fi) pela prefeitura,prop_0_100,prefeituras,100.0,2024
AM,9,Transparência e Participação,munic/MUNIC_ATIV_REDES_CONSULTA,munic,MUNIC_ATIV_REDES_CONSULTA,total,Atividade em redes sociais — consulta pública/enquete,prop_0_100,prefeituras,100.0,2024
AM,9,Transparência e Participação,munic/MUNIC_CONSELHO_TRANSP,munic,MUNIC_CONSELHO_TRANSP,total,Existência de Conselho Municipal de Transparência,prop_0_100,prefeituras,0.0,2024
AM,9,Transparência e Participação,munic/MUNIC_LAI,munic,MUNIC_LAI,total,Disseminação de orientações sobre LAI na prefeitura,prop_0_100,prefeituras,100.0,2024
AM,9,Transparência e Participação,munic/MUNIC_LAI_LEI,munic,MUNIC_LAI_LEI,total,Legislação municipal específica sobre LAI,prop_0_100,prefeituras,100.0,2024
AM,9,Transparência e Participação,munic/MUNIC_LAI_PUBLICA_PR,munic,MUNIC_LAI_PUBLICA_PR,total,Publicação de perguntas e respostas feitas pela LAI,prop_0_100,prefeituras,100.0,2024
AM,9,Transparência e Participação,munic/MUNIC_LAI_SOLICITACOES,munic,MUNIC_LAI_SOLICITACOES,total,Solicitações de acesso à informação recebidas em 2023,prop_0_100,prefeituras,100.0,2024
AM,9,Transparência e Participação,munic/MUNIC_PARTICIPACAO,munic,MUNIC_PARTICIPACAO,total,Participação do cidadão pela internet,prop_0_100,prefeituras,100.0,2024
AM,9,Transparência e Participação,munic/MUNIC_PORTAL_TRANSP,munic,MUNIC_PORTAL_TRANSP,total,Portal da transparência,prop_0_100,prefeituras,100.0,2024
AM,9,Transparência e Participação,munic/MUNIC_SERV_INFO_FINANCAS,munic,MUNIC_SERV_INFO_FINANCAS,total,Serviço informativo — finanças públicas,prop_0_100,prefeituras,100.0,2024
RR,1,Governança do Governo Digital,munic/MUNIC_TI_ESTRUTURA,munic,MUNIC_TI_ESTRUTURA,total,Estrutura organizacional de TI na prefeitura,prop_0_100,prefeituras,100.0,2024
RR,2,Qualidade dos Serviços Digitais,munic/MUNIC_ACESS_IMAGENS,munic,MUNIC_ACESS_IMAGENS,total,Descrição do conteúdo das imagens,prop_0_100,prefeituras,0.0,2024
RR,2,Qualidade dos Serviços Digitais,munic/MUNIC_ACESS_LIBRAS,munic,MUNIC_ACESS_LIBRAS,total,Tradução de conteúdo em LIBRAS,prop_0_100,prefeituras,0.0,2024
RR,2,Qualidade dos Serviços Digitais,munic/MUNIC_ACESS_NAVEGACAO,munic,MUNIC_ACESS_NAVEGACAO,total,Navegação acessível por todos os itens interativos,prop_0_100,prefeituras,0.0,2024
RR,2,Qualidade dos Serviços Digitais,munic/MUNIC_ACESS_SALTAR,munic,MUNIC_ACESS_SALTAR,total,Tecnologia assistiva para saltar itens repetitivos,prop_0_100,prefeituras,0.0,2024
RR,2,Qualidade dos Serviços Digitais,munic/MUNIC_ATEND_DISTANCIA,munic,MUNIC_ATEND_DISTANCIA,total,Serviços de atendimento ao público a distância,prop_0_100,prefeituras,100.0,2024
RR,2,Qualidade dos Serviços Digitais,munic/MUNIC_ATIV_REDES_DIVULGAR,munic,MUNIC_ATIV_REDES_DIVULGAR,total,Atividade em redes sociais — divulgar serviços/campanhas,prop_0_100,prefeituras,100.0,2024
RR,2,Qualidade dos Serviços Digitais,munic/MUNIC_ATIV_REDES_NOTICIAS,munic,MUNIC_ATIV_REDES_NOTICIAS,total,Atividade em redes sociais — postar notícias,prop_0_100,prefeituras,100.0,2024
RR,2,Qualidade dos Serviços Digitais,munic/MUNIC_ATIV_REDES_RESPOSTAS,munic,MUNIC_ATIV_REDES_RESPOSTAS,total,Atividade em redes sociais — responder comentários,prop_0_100,prefeituras,100.0,2024
RR,2,Qualidade dos Serviços Digitais,munic/MUNIC_CELULAR_APP_OUTROS,munic,MUNIC_CELULAR_APP_OUTROS,total,Aplicativos criados por outros organismos,prop_0_100,prefeituras,100.0,2024
RR,2,Qualidade dos Serviços Digitais,munic/MUNIC_CELULAR_APP_PREF,munic,MUNIC_CELULAR_APP_PREF,total,Aplicativos criados pela prefeitura,prop_0_100,prefeituras,100.0,2024
RR,2,Qualidade dos Serviços Digitais,munic/MUNIC_CELULAR_BOLETOS,munic,MUNIC_CELULAR_BOLETOS,total,Emissão de boletos ou guias de pagamento,prop_0_100,prefeituras,100.0,2024
RR,2,Qualidade dos Serviços Digitais,munic/MUNIC_CELULAR_SMS_ENVIO,munic,MUNIC_CELULAR_SMS_ENVIO,total,Envio de SMS para o cidadão,prop_0_100,prefeituras,0.0,2024
RR,2,Qualidade dos Serviços Digitais,munic/MUNIC_CELULAR_SMS_RECEB,munic,MUNIC_CELULAR_SMS_RECEB,total,Recebimento de SMS pelo cidadão,prop_0_100,prefeituras,0.0,2024
RR,2,Qualidade dos Serviços Digitais,munic/MUNIC_CELULAR_WEBSITE_MOBILE,munic,MUNIC_CELULAR_WEBSITE_MOBILE,total,Website adaptado para dispositivos móveis,prop_0_100,prefeituras,100.0,2024
RR,2,Qualidade dos Serviços Digitais,munic/MUNIC_PAGINA_INTERNET,munic,MUNIC_PAGINA_INTERNET,total,Prefeitura com página na Internet,prop_0_100,prefeituras,100.0,2024
RR,2,Qualidade dos Serviços Digitais,munic/MUNIC_REDES_SOCIAIS,munic,MUNIC_REDES_SOCIAIS,total,Prefeitura com perfil em plataformas online,prop_0_100,prefeituras,100.0,2024
RR,2,Qualidade dos Serviços Digitais,munic/MUNIC_SERV_INFO_CONCURSOS,munic,MUNIC_SERV_INFO_CONCURSOS,total,Serviço informativo — concursos públicos,prop_0_100,prefeituras,100.0,2024
RR,2,Qualidade dos Serviços Digitais,munic/MUNIC_SERV_INFO_DIARIO,munic,MUNIC_SERV_INFO_DIARIO,total,Serviço informativo — diário oficial,prop_0_100,prefeituras,100.0,2024
RR,2,Qualidade dos Serviços Digitais,munic/MUNIC_SERV_INFO_DOCUMENTOS,munic,MUNIC_SERV_INFO_DOCUMENTOS,total,Serviço informativo — acesso a documentos/formulários,prop_0_100,prefeituras,100.0,2024
RR,2,Qualidade dos Serviços Digitais,munic/MUNIC_SERV_INFO_LEGISLACAO,munic,MUNIC_SERV_INFO_LEGISLACAO,total,Serviço informativo — legislação municipal,prop_0_100,prefeituras,100.0,2024
RR,2,Qualidade dos Serviços Digitais,munic/MUNIC_SERV_INFO_LICITACOES,munic,MUNIC_SERV_INFO_LICITACOES,total,Serviço informativo — licitações,prop_0_100,prefeituras,100.0,2024
RR,2,Qualidade dos Serviços Digitais,munic/MUNIC_SERV_INFO_NOTICIAS,munic,MUNIC_SERV_INFO_NOTICIAS,total,Serviço informativo na página — notícias,prop_0_100,prefeituras,100.0,2024
RR,2,Qualidade dos Serviços Digitais,munic/MUNIC_SERV_TRANS_CERTIDAO,munic,MUNIC_SERV_TRANS_CERTIDAO,total,Serviço transacional — certidão negativa de débito,prop_0_100,prefeituras,100.0,2024
RR,2,Qualidade dos Serviços Digitais,munic/MUNIC_SERV_TRANS_DOWNLOAD,munic,MUNIC_SERV_TRANS_DOWNLOAD,total,Serviço transacional — download de documentos,prop_0_100,prefeituras,100.0,2024
RR,2,Qualidade dos Serviços Digitais,munic/MUNIC_SERV_TRANS_MATRICULA,munic,MUNIC_SERV_TRANS_MATRICULA,total,Serviço transacional — matrícula escolar online,prop_0_100,prefeituras,100.0,2024
RR,2,Qualidade dos Serviços Digitais,munic/MUNIC_SERV_TRANS_NFE,munic,MUNIC_SERV_TRANS_NFE,total,Serviço transacional — Nota Fiscal Eletrônica,prop_0_100,prefeituras,100.0,2024
RR,2,Qualidade dos Serviços Digitais,munic/MUNIC_SERV_TRANS_OUVIDORIA,munic,MUNIC_SERV_TRANS_OUVIDORIA,total,Serviço transacional — ouvidoria online,prop_0_100,prefeituras,100.0,2024
RR,2,Qualidade dos Serviços Digitais,munic/MUNIC_SERV_TRANS_PROCESSOS,munic,MUNIC_SERV_TRANS_PROCESSOS,total,Serviço transacional — consulta a processos,prop_0_100,prefeituras,100.0,2024
RR,2,Qualidade dos Serviços Digitais,munic/MUNIC_SERV_TRANS_SATISFACAO,munic,MUNIC_SERV_TRANS_SATISFACAO,total,Serviço transacional — pesquisa de satisfação,prop_0_100,prefeituras,0.0,2024
RR,2,Qualidade dos Serviços Digitais,munic/MUNIC_SERV_TRANS_SAUDE,munic,MUNIC_SERV_TRANS_SAUDE,total,Serviço transacional — agendamento consulta saúde,prop_0_100,prefeituras,0.0,2024
RR,2,Qualidade dos Serviços Digitais,munic/MUNIC_SERV_TRANS_TRIBUTOS,munic,MUNIC_SERV_TRANS_TRIBUTOS,total,Serviço transacional — guia de pagamento de tributos,prop_0_100,prefeituras,100.0,2024
RR,2,Qualidade dos Serviços Digitais,munic/MUNIC_SMART_BILHETE,munic,MUNIC_SMART_BILHETE,total,Bilhete eletrônico no transporte público,prop_0_100,prefeituras,100.0,2024
RR,2,Qualidade dos Serviços Digitais,munic/MUNIC_SMART_GPS_ONIBUS,munic,MUNIC_SMART_GPS_ONIBUS,total,Ônibus com GPS para informação ao usuário,prop_0_100,prefeituras,100.0,2024
RR,2,Qualidade dos Serviços Digitais,munic/PAGINA_POSSUI_TITULO,munic,PAGINA_POSSUI_TITULO,total,Páginas com título descritivo na aba do navegador (WCAG 2.4.2),prop_0_100,prefeituras,0.0,2024
RR,3,Identificação Única,munic/MUNIC_AUTENTICACAO,munic,MUNIC_AUTENTICACAO,total,Autenticação para acessar serviços pela internet,prop_0_100,prefeituras,100.0,2024
RR,4,Segurança e LGPD,munic/MUNIC_LGPD,munic,MUNIC_LGPD,total,Disseminação de orientações sobre LGPD na prefeitura,prop_0_100,prefeituras,0.0,2024
RR,4,Segurança e LGPD,munic/MUNIC_LGPD_CANAL_TITULAR,munic,MUNIC_LGPD_CANAL_TITULAR,total,Canal pela internet para titulares de dados (LGPD),prop_0_100,prefeituras,0.0,2024
RR,4,Segurança e LGPD,munic/MUNIC_LGPD_CAPACIT,munic,MUNIC_LGPD_CAPACIT,total,Cursos de segurança da informação e proteção de dados para servidores,prop_0_100,prefeituras,0.0,2024
RR,4,Segurança e LGPD,munic/MUNIC_LGPD_REGULAMENT,munic,MUNIC_LGPD_REGULAMENT,total,Regulamentação municipal específica sobre LGPD,prop_0_100,prefeituras,100.0,2024
RR,4,Segurança e LGPD,munic/MUNIC_LGPD_RESP,munic,MUNIC_LGPD_RESP,total,Responsável LGPD designado no município,prop_0_100,prefeituras,100.0,2024
RR,5,Dados e Interoperabilidade,munic/MUNIC_DADOS_ABERTOS,munic,MUNIC_DADOS_ABERTOS,total,Portal de dados abertos,prop_0_100,prefeituras,0.0,2024
RR,6,Infraestrutura,censo_escolar/IN_COMPUTADOR,censo_escolar,IN_COMPUTADOR,total,% escolas com computador,binario_agregar,escolas,98.12,2024
RR,6,Infraestrutura,censo_escolar/IN_INTERNET,censo_escolar,IN_INTERNET,total,% escolas com acesso à Internet,binario_agregar,escolas,97.37,2024
RR,6,Infraestrutura,censo_escolar/IN_INTERNET_ALUNOS,censo_escolar,IN_INTERNET_ALUNOS,total,% escolas com Internet para alunos,binario_agregar,escolas,43.98,2024
RR,6,Infraestrutura,censo_escolar/IN_INTERNET_APRENDIZAGEM,censo_escolar,IN_INTERNET_APRENDIZAGEM,total,% escolas com Internet para ensino,binario_agregar,escolas,61.65,2024
RR,6,Infraestrutura,censo_escolar/IN_LABORATORIO_INFORMATICA,censo_escolar,IN_LABORATORIO_INFORMATICA,total,% escolas com laboratório de informática,binario_agregar,escolas,24.81,2024
RR,6,Infraestrutura,anatel/BLM02,anatel,BLM02,total,% de domicílios cobertos por telefonia móvel,pct_meta_100,domicilios,96.44,2025
RR,6,Infraestrutura,munic/MUNIC_CPD,munic,MUNIC_CPD,total,Centro de Processamento de Dados na prefeitura,prop_0_100,prefeituras,0.0,2024
RR,6,Infraestrutura,munic/MUNIC_INCLUSAO_DIGITAL,munic,MUNIC_INCLUSAO_DIGITAL,total,Programa ou ação de inclusão digital,prop_0_100,prefeituras,100.0,2024
RR,6,Infraestrutura,munic/MUNIC_INTERNET,munic,MUNIC_INTERNET,total,Municípios com evidência afirmativa de conexão à Internet,prop_0_100,prefeituras,100.0,2024
RR,6,Infraestrutura,munic/MUNIC_SMART_CENTRO_CONTROLE,munic,MUNIC_SMART_CENTRO_CONTROLE,total,Centro de controle operacional,prop_0_100,prefeituras,100.0,2024
RR,6,Infraestrutura,munic/MUNIC_SMART_ILUMINACAO,munic,MUNIC_SMART_ILUMINACAO,total,Iluminação inteligente com medição de consumo,prop_0_100,prefeituras,0.0,2024
RR,6,Infraestrutura,munic/MUNIC_SMART_SEMAFOROS,munic,MUNIC_SMART_SEMAFOROS,total,Semáforos inteligentes controlados a distância,prop_0_100,prefeituras,0.0,2024
RR,6,Infraestrutura,munic/MUNIC_SMART_SENSORES,munic,MUNIC_SMART_SENSORES,total,Sensores para monitoramento de áreas de risco,prop_0_100,prefeituras,0.0,2024
RR,6,Infraestrutura,munic/MUNIC_WIFI_PUBLICO,munic,MUNIC_WIFI_PUBLICO,total,Acesso público à Internet (Wi-Fi) pela prefeitura,prop_0_100,prefeituras,0.0,2024
RR,9,Transparência e Participação,munic/MUNIC_ATIV_REDES_CONSULTA,munic,MUNIC_ATIV_REDES_CONSULTA,total,Atividade em redes sociais — consulta pública/enquete,prop_0_100,prefeituras,0.0,2024
RR,9,Transparência e Participação,munic/MUNIC_CONSELHO_TRANSP,munic,MUNIC_CONSELHO_TRANSP,total,Existência de Conselho Municipal de Transparência,prop_0_100,prefeituras,0.0,2024
RR,9,Transparência e Participação,munic/MUNIC_LAI,munic,MUNIC_LAI,total,Disseminação de orientações sobre LAI na prefeitura,prop_0_100,prefeituras,0.0,2024
RR,9,Transparência e Participação,munic/MUNIC_LAI_LEI,munic,MUNIC_LAI_LEI,total,Legislação municipal específica sobre LAI,prop_0_100,prefeituras,100.0,2024
RR,9,Transparência e Participação,munic/MUNIC_LAI_PUBLICA_PR,munic,MUNIC_LAI_PUBLICA_PR,total,Publicação de perguntas e respostas feitas pela LAI,prop_0_100,prefeituras,100.0,2024
RR,9,Transparência e Participação,munic/MUNIC_LAI_SOLICITACOES,munic,MUNIC_LAI_SOLICITACOES,total,Solicitações de acesso à informação recebidas em 2023,prop_0_100,prefeituras,100.0,2024
RR,9,Transparência e Participação,munic/MUNIC_PARTICIPACAO,munic,MUNIC_PARTICIPACAO,total,Participação do cidadão pela internet,prop_0_100,prefeituras,100.0,2024
RR,9,Transparência e Participação,munic/MUNIC_PORTAL_TRANSP,munic,MUNIC_PORTAL_TRANSP,total,Portal da transparência,prop_0_100,prefeituras,100.0,2024
RR,9,Transparência e Participação,munic/MUNIC_SERV_INFO_FINANCAS,munic,MUNIC_SERV_INFO_FINANCAS,total,Serviço informativo — finanças públicas,prop_0_100,prefeituras,100.0,2024
PA,1,Governança do Governo Digital,munic/MUNIC_TI_ESTRUTURA,munic,MUNIC_TI_ESTRUTURA,total,Estrutura organizacional de TI na prefeitura,prop_0_100,prefeituras,100.0,2024
PA,2,Qualidade dos Serviços Digitais,munic/MUNIC_ACESS_IMAGENS,munic,MUNIC_ACESS_IMAGENS,total,Descrição do conteúdo das imagens,prop_0_100,prefeituras,100.0,2024
PA,2,Qualidade dos Serviços Digitais,munic/MUNIC_ACESS_LIBRAS,munic,MUNIC_ACESS_LIBRAS,total,Tradução de conteúdo em LIBRAS,prop_0_100,prefeituras,0.0,2024
PA,2,Qualidade dos Serviços Digitais,munic/MUNIC_ACESS_NAVEGACAO,munic,MUNIC_ACESS_NAVEGACAO,total,Navegação acessível por todos os itens interativos,prop_0_100,prefeituras,0.0,2024
PA,2,Qualidade dos Serviços Digitais,munic/MUNIC_ACESS_SALTAR,munic,MUNIC_ACESS_SALTAR,total,Tecnologia assistiva para saltar itens repetitivos,prop_0_100,prefeituras,100.0,2024
PA,2,Qualidade dos Serviços Digitais,munic/MUNIC_ATEND_DISTANCIA,munic,MUNIC_ATEND_DISTANCIA,total,Serviços de atendimento ao público a distância,prop_0_100,prefeituras,100.0,2024
PA,2,Qualidade dos Serviços Digitais,munic/MUNIC_ATIV_REDES_DIVULGAR,munic,MUNIC_ATIV_REDES_DIVULGAR,total,Atividade em redes sociais — divulgar serviços/campanhas,prop_0_100,prefeituras,100.0,2024
PA,2,Qualidade dos Serviços Digitais,munic/MUNIC_ATIV_REDES_NOTICIAS,munic,MUNIC_ATIV_REDES_NOTICIAS,total,Atividade em redes sociais — postar notícias,prop_0_100,prefeituras,100.0,2024
PA,2,Qualidade dos Serviços Digitais,munic/MUNIC_ATIV_REDES_RESPOSTAS,munic,MUNIC_ATIV_REDES_RESPOSTAS,total,Atividade em redes sociais — responder comentários,prop_0_100,prefeituras,100.0,2024
PA,2,Qualidade dos Serviços Digitais,munic/MUNIC_CELULAR_APP_OUTROS,munic,MUNIC_CELULAR_APP_OUTROS,total,Aplicativos criados por outros organismos,prop_0_100,prefeituras,100.0,2024
PA,2,Qualidade dos Serviços Digitais,munic/MUNIC_CELULAR_APP_PREF,munic,MUNIC_CELULAR_APP_PREF,total,Aplicativos criados pela prefeitura,prop_0_100,prefeituras,0.0,2024
PA,2,Qualidade dos Serviços Digitais,munic/MUNIC_CELULAR_BOLETOS,munic,MUNIC_CELULAR_BOLETOS,total,Emissão de boletos ou guias de pagamento,prop_0_100,prefeituras,100.0,2024
PA,2,Qualidade dos Serviços Digitais,munic/MUNIC_CELULAR_SMS_ENVIO,munic,MUNIC_CELULAR_SMS_ENVIO,total,Envio de SMS para o cidadão,prop_0_100,prefeituras,0.0,2024
PA,2,Qualidade dos Serviços Digitais,munic/MUNIC_CELULAR_SMS_RECEB,munic,MUNIC_CELULAR_SMS_RECEB,total,Recebimento de SMS pelo cidadão,prop_0_100,prefeituras,0.0,2024
PA,2,Qualidade dos Serviços Digitais,munic/MUNIC_CELULAR_WEBSITE_MOBILE,munic,MUNIC_CELULAR_WEBSITE_MOBILE,total,Website adaptado para dispositivos móveis,prop_0_100,prefeituras,100.0,2024
PA,2,Qualidade dos Serviços Digitais,munic/MUNIC_PAGINA_INTERNET,munic,MUNIC_PAGINA_INTERNET,total,Prefeitura com página na Internet,prop_0_100,prefeituras,100.0,2024
PA,2,Qualidade dos Serviços Digitais,munic/MUNIC_REDES_SOCIAIS,munic,MUNIC_REDES_SOCIAIS,total,Prefeitura com perfil em plataformas online,prop_0_100,prefeituras,100.0,2024
PA,2,Qualidade dos Serviços Digitais,munic/MUNIC_SERV_INFO_CONCURSOS,munic,MUNIC_SERV_INFO_CONCURSOS,total,Serviço informativo — concursos públicos,prop_0_100,prefeituras,100.0,2024
PA,2,Qualidade dos Serviços Digitais,munic/MUNIC_SERV_INFO_DIARIO,munic,MUNIC_SERV_INFO_DIARIO,total,Serviço informativo — diário oficial,prop_0_100,prefeituras,100.0,2024
PA,2,Qualidade dos Serviços Digitais,munic/MUNIC_SERV_INFO_DOCUMENTOS,munic,MUNIC_SERV_INFO_DOCUMENTOS,total,Serviço informativo — acesso a documentos/formulários,prop_0_100,prefeituras,100.0,2024
PA,2,Qualidade dos Serviços Digitais,munic/MUNIC_SERV_INFO_LEGISLACAO,munic,MUNIC_SERV_INFO_LEGISLACAO,total,Serviço informativo — legislação municipal,prop_0_100,prefeituras,100.0,2024
PA,2,Qualidade dos Serviços Digitais,munic/MUNIC_SERV_INFO_LICITACOES,munic,MUNIC_SERV_INFO_LICITACOES,total,Serviço informativo — licitações,prop_0_100,prefeituras,100.0,2024
PA,2,Qualidade dos Serviços Digitais,munic/MUNIC_SERV_INFO_NOTICIAS,munic,MUNIC_SERV_INFO_NOTICIAS,total,Serviço informativo na página — notícias,prop_0_100,prefeituras,100.0,2024
PA,2,Qualidade dos Serviços Digitais,munic/MUNIC_SERV_TRANS_CERTIDAO,munic,MUNIC_SERV_TRANS_CERTIDAO,total,Serviço transacional — certidão negativa de débito,prop_0_100,prefeituras,100.0,2024
PA,2,Qualidade dos Serviços Digitais,munic/MUNIC_SERV_TRANS_DOWNLOAD,munic,MUNIC_SERV_TRANS_DOWNLOAD,total,Serviço transacional — download de documentos,prop_0_100,prefeituras,0.0,2024
PA,2,Qualidade dos Serviços Digitais,munic/MUNIC_SERV_TRANS_MATRICULA,munic,MUNIC_SERV_TRANS_MATRICULA,total,Serviço transacional — matrícula escolar online,prop_0_100,prefeituras,0.0,2024
PA,2,Qualidade dos Serviços Digitais,munic/MUNIC_SERV_TRANS_NFE,munic,MUNIC_SERV_TRANS_NFE,total,Serviço transacional — Nota Fiscal Eletrônica,prop_0_100,prefeituras,100.0,2024
PA,2,Qualidade dos Serviços Digitais,munic/MUNIC_SERV_TRANS_OUVIDORIA,munic,MUNIC_SERV_TRANS_OUVIDORIA,total,Serviço transacional — ouvidoria online,prop_0_100,prefeituras,100.0,2024
PA,2,Qualidade dos Serviços Digitais,munic/MUNIC_SERV_TRANS_PROCESSOS,munic,MUNIC_SERV_TRANS_PROCESSOS,total,Serviço transacional — consulta a processos,prop_0_100,prefeituras,100.0,2024
PA,2,Qualidade dos Serviços Digitais,munic/MUNIC_SERV_TRANS_SATISFACAO,munic,MUNIC_SERV_TRANS_SATISFACAO,total,Serviço transacional — pesquisa de satisfação,prop_0_100,prefeituras,0.0,2024
PA,2,Qualidade dos Serviços Digitais,munic/MUNIC_SERV_TRANS_SAUDE,munic,MUNIC_SERV_TRANS_SAUDE,total,Serviço transacional — agendamento consulta saúde,prop_0_100,prefeituras,0.0,2024
PA,2,Qualidade dos Serviços Digitais,munic/MUNIC_SERV_TRANS_TRIBUTOS,munic,MUNIC_SERV_TRANS_TRIBUTOS,total,Serviço transacional — guia de pagamento de tributos,prop_0_100,prefeituras,100.0,2024
PA,2,Qualidade dos Serviços Digitais,munic/MUNIC_SMART_BILHETE,munic,MUNIC_SMART_BILHETE,total,Bilhete eletrônico no transporte público,prop_0_100,prefeituras,100.0,2024
PA,2,Qualidade dos Serviços Digitais,munic/MUNIC_SMART_GPS_ONIBUS,munic,MUNIC_SMART_GPS_ONIBUS,total,Ônibus com GPS para informação ao usuário,prop_0_100,prefeituras,100.0,2024
PA,2,Qualidade dos Serviços Digitais,munic/PAGINA_POSSUI_TITULO,munic,PAGINA_POSSUI_TITULO,total,Páginas com título descritivo na aba do navegador (WCAG 2.4.2),prop_0_100,prefeituras,100.0,2024
PA,3,Identificação Única,munic/MUNIC_AUTENTICACAO,munic,MUNIC_AUTENTICACAO,total,Autenticação para acessar serviços pela internet,prop_0_100,prefeituras,100.0,2024
PA,4,Segurança e LGPD,munic/MUNIC_LGPD,munic,MUNIC_LGPD,total,Disseminação de orientações sobre LGPD na prefeitura,prop_0_100,prefeituras,0.0,2024
PA,4,Segurança e LGPD,munic/MUNIC_LGPD_CANAL_TITULAR,munic,MUNIC_LGPD_CANAL_TITULAR,total,Canal pela internet para titulares de dados (LGPD),prop_0_100,prefeituras,0.0,2024
PA,4,Segurança e LGPD,munic/MUNIC_LGPD_CAPACIT,munic,MUNIC_LGPD_CAPACIT,total,Cursos de segurança da informação e proteção de dados para servidores,prop_0_100,prefeituras,0.0,2024
PA,4,Segurança e LGPD,munic/MUNIC_LGPD_REGULAMENT,munic,MUNIC_LGPD_REGULAMENT,total,Regulamentação municipal específica sobre LGPD,prop_0_100,prefeituras,0.0,2024
PA,4,Segurança e LGPD,munic/MUNIC_LGPD_RESP,munic,MUNIC_LGPD_RESP,total,Responsável LGPD designado no município,prop_0_100,prefeituras,0.0,2024
PA,5,Dados e Interoperabilidade,munic/MUNIC_DADOS_ABERTOS,munic,MUNIC_DADOS_ABERTOS,total,Portal de dados abertos,prop_0_100,prefeituras,0.0,2024
PA,6,Infraestrutura,censo_escolar/IN_COMPUTADOR,censo_escolar,IN_COMPUTADOR,total,% escolas com computador,binario_agregar,escolas,97.38,2024
PA,6,Infraestrutura,censo_escolar/IN_INTERNET,censo_escolar,IN_INTERNET,total,% escolas com acesso à Internet,binario_agregar,escolas,80.38,2024
PA,6,Infraestrutura,censo_escolar/IN_INTERNET_ALUNOS,censo_escolar,IN_INTERNET_ALUNOS,total,% escolas com Internet para alunos,binario_agregar,escolas,29.07,2024
PA,6,Infraestrutura,censo_escolar/IN_INTERNET_APRENDIZAGEM,censo_escolar,IN_INTERNET_APRENDIZAGEM,total,% escolas com Internet para ensino,binario_agregar,escolas,49.13,2024
PA,6,Infraestrutura,censo_escolar/IN_LABORATORIO_INFORMATICA,censo_escolar,IN_LABORATORIO_INFORMATICA,total,% escolas com laboratório de informática,binario_agregar,escolas,43.17,2024
PA,6,Infraestrutura,anatel/BLM02,anatel,BLM02,total,% de domicílios cobertos por telefonia móvel,pct_meta_100,domicilios,99.98,2025
PA,6,Infraestrutura,munic/MUNIC_CPD,munic,MUNIC_CPD,total,Centro de Processamento de Dados na prefeitura,prop_0_100,prefeituras,100.0,2024
PA,6,Infraestrutura,munic/MUNIC_INCLUSAO_DIGITAL,munic,MUNIC_INCLUSAO_DIGITAL,total,Programa ou ação de inclusão digital,prop_0_100,prefeituras,100.0,2024
PA,6,Infraestrutura,munic/MUNIC_INTERNET,munic,MUNIC_INTERNET,total,Municípios com evidência afirmativa de conexão à Internet,prop_0_100,prefeituras,100.0,2024
PA,6,Infraestrutura,munic/MUNIC_SMART_CENTRO_CONTROLE,munic,MUNIC_SMART_CENTRO_CONTROLE,total,Centro de controle operacional,prop_0_100,prefeituras,100.0,2024
PA,6,Infraestrutura,munic/MUNIC_SMART_ILUMINACAO,munic,MUNIC_SMART_ILUMINACAO,total,Iluminação inteligente com medição de consumo,prop_0_100,prefeituras,100.0,2024
PA,6,Infraestrutura,munic/MUNIC_SMART_SEMAFOROS,munic,MUNIC_SMART_SEMAFOROS,total,Semáforos inteligentes controlados a distância,prop_0_100,prefeituras,0.0,2024
PA,6,Infraestrutura,munic/MUNIC_SMART_SENSORES,munic,MUNIC_SMART_SENSORES,total,Sensores para monitoramento de áreas de risco,prop_0_100,prefeituras,0.0,2024
PA,6,Infraestrutura,munic/MUNIC_WIFI_PUBLICO,munic,MUNIC_WIFI_PUBLICO,total,Acesso público à Internet (Wi-Fi) pela prefeitura,prop_0_100,prefeituras,100.0,2024
PA,9,Transparência e Participação,munic/MUNIC_ATIV_REDES_CONSULTA,munic,MUNIC_ATIV_REDES_CONSULTA,total,Atividade em redes sociais — consulta pública/enquete,prop_0_100,prefeituras,0.0,2024
PA,9,Transparência e Participação,munic/MUNIC_CONSELHO_TRANSP,munic,MUNIC_CONSELHO_TRANSP,total,Existência de Conselho Municipal de Transparência,prop_0_100,prefeituras,0.0,2024
PA,9,Transparência e Participação,munic/MUNIC_LAI,munic,MUNIC_LAI,total,Disseminação de orientações sobre LAI na prefeitura,prop_0_100,prefeituras,100.0,2024
PA,9,Transparência e Participação,munic/MUNIC_LAI_LEI,munic,MUNIC_LAI_LEI,total,Legislação municipal específica sobre LAI,prop_0_100,prefeituras,100.0,2024
PA,9,Transparência e Participação,munic/MUNIC_LAI_PUBLICA_PR,munic,MUNIC_LAI_PUBLICA_PR,total,Publicação de perguntas e respostas feitas pela LAI,prop_0_100,prefeituras,0.0,2024
PA,9,Transparência e Participação,munic/MUNIC_LAI_SOLICITACOES,munic,MUNIC_LAI_SOLICITACOES,total,Solicitações de acesso à informação recebidas em 2023,prop_0_100,prefeituras,0.0,2024
PA,9,Transparência e Participação,munic/MUNIC_PARTICIPACAO,munic,MUNIC_PARTICIPACAO,total,Participação do cidadão pela internet,prop_0_100,prefeituras,100.0,2024
PA,9,Transparência e Participação,munic/MUNIC_PORTAL_TRANSP,munic,MUNIC_PORTAL_TRANSP,total,Portal da transparência,prop_0_100,prefeituras,100.0,2024
PA,9,Transparência e Participação,munic/MUNIC_SERV_INFO_FINANCAS,munic,MUNIC_SERV_INFO_FINANCAS,total,Serviço informativo — finanças públicas,prop_0_100,prefeituras,100.0,2024
AP,1,Governança do Governo Digital,munic/MUNIC_TI_ESTRUTURA,munic,MUNIC_TI_ESTRUTURA,total,Estrutura organizacional de TI na prefeitura,prop_0_100,prefeituras,100.0,2024
AP,2,Qualidade dos Serviços Digitais,munic/MUNIC_ACESS_IMAGENS,munic,MUNIC_ACESS_IMAGENS,total,Descrição do conteúdo das imagens,prop_0_100,prefeituras,100.0,2024
AP,2,Qualidade dos Serviços Digitais,munic/MUNIC_ACESS_LIBRAS,munic,MUNIC_ACESS_LIBRAS,total,Tradução de conteúdo em LIBRAS,prop_0_100,prefeituras,100.0,2024
AP,2,Qualidade dos Serviços Digitais,munic/MUNIC_ACESS_NAVEGACAO,munic,MUNIC_ACESS_NAVEGACAO,total,Navegação acessível por todos os itens interativos,prop_0_100,prefeituras,100.0,2024
AP,2,Qualidade dos Serviços Digitais,munic/MUNIC_ACESS_SALTAR,munic,MUNIC_ACESS_SALTAR,total,Tecnologia assistiva para saltar itens repetitivos,prop_0_100,prefeituras,100.0,2024
AP,2,Qualidade dos Serviços Digitais,munic/MUNIC_ATEND_DISTANCIA,munic,MUNIC_ATEND_DISTANCIA,total,Serviços de atendimento ao público a distância,prop_0_100,prefeituras,100.0,2024
AP,2,Qualidade dos Serviços Digitais,munic/MUNIC_ATIV_REDES_DIVULGAR,munic,MUNIC_ATIV_REDES_DIVULGAR,total,Atividade em redes sociais — divulgar serviços/campanhas,prop_0_100,prefeituras,100.0,2024
AP,2,Qualidade dos Serviços Digitais,munic/MUNIC_ATIV_REDES_NOTICIAS,munic,MUNIC_ATIV_REDES_NOTICIAS,total,Atividade em redes sociais — postar notícias,prop_0_100,prefeituras,100.0,2024
AP,2,Qualidade dos Serviços Digitais,munic/MUNIC_ATIV_REDES_RESPOSTAS,munic,MUNIC_ATIV_REDES_RESPOSTAS,total,Atividade em redes sociais — responder comentários,prop_0_100,prefeituras,100.0,2024
AP,2,Qualidade dos Serviços Digitais,munic/MUNIC_CELULAR_APP_OUTROS,munic,MUNIC_CELULAR_APP_OUTROS,total,Aplicativos criados por outros organismos,prop_0_100,prefeituras,100.0,2024
AP,2,Qualidade dos Serviços Digitais,munic/MUNIC_CELULAR_APP_PREF,munic,MUNIC_CELULAR_APP_PREF,total,Aplicativos criados pela prefeitura,prop_0_100,prefeituras,100.0,2024
AP,2,Qualidade dos Serviços Digitais,munic/MUNIC_CELULAR_BOLETOS,munic,MUNIC_CELULAR_BOLETOS,total,Emissão de boletos ou guias de pagamento,prop_0_100,prefeituras,100.0,2024
AP,2,Qualidade dos Serviços Digitais,munic/MUNIC_CELULAR_SMS_ENVIO,munic,MUNIC_CELULAR_SMS_ENVIO,total,Envio de SMS para o cidadão,prop_0_100,prefeituras,100.0,2024
AP,2,Qualidade dos Serviços Digitais,munic/MUNIC_CELULAR_SMS_RECEB,munic,MUNIC_CELULAR_SMS_RECEB,total,Recebimento de SMS pelo cidadão,prop_0_100,prefeituras,100.0,2024
AP,2,Qualidade dos Serviços Digitais,munic/MUNIC_CELULAR_WEBSITE_MOBILE,munic,MUNIC_CELULAR_WEBSITE_MOBILE,total,Website adaptado para dispositivos móveis,prop_0_100,prefeituras,100.0,2024
AP,2,Qualidade dos Serviços Digitais,munic/MUNIC_PAGINA_INTERNET,munic,MUNIC_PAGINA_INTERNET,total,Prefeitura com página na Internet,prop_0_100,prefeituras,100.0,2024
AP,2,Qualidade dos Serviços Digitais,munic/MUNIC_REDES_SOCIAIS,munic,MUNIC_REDES_SOCIAIS,total,Prefeitura com perfil em plataformas online,prop_0_100,prefeituras,100.0,2024
AP,2,Qualidade dos Serviços Digitais,munic/MUNIC_SERV_INFO_CONCURSOS,munic,MUNIC_SERV_INFO_CONCURSOS,total,Serviço informativo — concursos públicos,prop_0_100,prefeituras,100.0,2024
AP,2,Qualidade dos Serviços Digitais,munic/MUNIC_SERV_INFO_DIARIO,munic,MUNIC_SERV_INFO_DIARIO,total,Serviço informativo — diário oficial,prop_0_100,prefeituras,100.0,2024
AP,2,Qualidade dos Serviços Digitais,munic/MUNIC_SERV_INFO_DOCUMENTOS,munic,MUNIC_SERV_INFO_DOCUMENTOS,total,Serviço informativo — acesso a documentos/formulários,prop_0_100,prefeituras,0.0,2024
AP,2,Qualidade dos Serviços Digitais,munic/MUNIC_SERV_INFO_LEGISLACAO,munic,MUNIC_SERV_INFO_LEGISLACAO,total,Serviço informativo — legislação municipal,prop_0_100,prefeituras,100.0,2024
AP,2,Qualidade dos Serviços Digitais,munic/MUNIC_SERV_INFO_LICITACOES,munic,MUNIC_SERV_INFO_LICITACOES,total,Serviço informativo — licitações,prop_0_100,prefeituras,100.0,2024
AP,2,Qualidade dos Serviços Digitais,munic/MUNIC_SERV_INFO_NOTICIAS,munic,MUNIC_SERV_INFO_NOTICIAS,total,Serviço informativo na página — notícias,prop_0_100,prefeituras,100.0,2024
AP,2,Qualidade dos Serviços Digitais,munic/MUNIC_SERV_TRANS_CERTIDAO,munic,MUNIC_SERV_TRANS_CERTIDAO,total,Serviço transacional — certidão negativa de débito,prop_0_100,prefeituras,100.0,2024
AP,2,Qualidade dos Serviços Digitais,munic/MUNIC_SERV_TRANS_DOWNLOAD,munic,MUNIC_SERV_TRANS_DOWNLOAD,total,Serviço transacional — download de documentos,prop_0_100,prefeituras,100.0,2024
AP,2,Qualidade dos Serviços Digitais,munic/MUNIC_SERV_TRANS_MATRICULA,munic,MUNIC_SERV_TRANS_MATRICULA,total,Serviço transacional — matrícula escolar online,prop_0_100,prefeituras,100.0,2024
AP,2,Qualidade dos Serviços Digitais,munic/MUNIC_SERV_TRANS_NFE,munic,MUNIC_SERV_TRANS_NFE,total,Serviço transacional — Nota Fiscal Eletrônica,prop_0_100,prefeituras,100.0,2024
AP,2,Qualidade dos Serviços Digitais,munic/MUNIC_SERV_TRANS_OUVIDORIA,munic,MUNIC_SERV_TRANS_OUVIDORIA,total,Serviço transacional — ouvidoria online,prop_0_100,prefeituras,100.0,2024
AP,2,Qualidade dos Serviços Digitais,munic/MUNIC_SERV_TRANS_PROCESSOS,munic,MUNIC_SERV_TRANS_PROCESSOS,total,Serviço transacional — consulta a processos,prop_0_100,prefeituras,100.0,2024
AP,2,Qualidade dos Serviços Digitais,munic/MUNIC_SERV_TRANS_SATISFACAO,munic,MUNIC_SERV_TRANS_SATISFACAO,total,Serviço transacional — pesquisa de satisfação,prop_0_100,prefeituras,0.0,2024
AP,2,Qualidade dos Serviços Digitais,munic/MUNIC_SERV_TRANS_SAUDE,munic,MUNIC_SERV_TRANS_SAUDE,total,Serviço transacional — agendamento consulta saúde,prop_0_100,prefeituras,100.0,2024
AP,2,Qualidade dos Serviços Digitais,munic/MUNIC_SERV_TRANS_TRIBUTOS,munic,MUNIC_SERV_TRANS_TRIBUTOS,total,Serviço transacional — guia de pagamento de tributos,prop_0_100,prefeituras,100.0,2024
AP,2,Qualidade dos Serviços Digitais,munic/MUNIC_SMART_BILHETE,munic,MUNIC_SMART_BILHETE,total,Bilhete eletrônico no transporte público,prop_0_100,prefeituras,100.0,2024
AP,2,Qualidade dos Serviços Digitais,munic/MUNIC_SMART_GPS_ONIBUS,munic,MUNIC_SMART_GPS_ONIBUS,total,Ônibus com GPS para informação ao usuário,prop_0_100,prefeituras,100.0,2024
AP,2,Qualidade dos Serviços Digitais,munic/PAGINA_POSSUI_TITULO,munic,PAGINA_POSSUI_TITULO,total,Páginas com título descritivo na aba do navegador (WCAG 2.4.2),prop_0_100,prefeituras,100.0,2024
AP,3,Identificação Única,munic/MUNIC_AUTENTICACAO,munic,MUNIC_AUTENTICACAO,total,Autenticação para acessar serviços pela internet,prop_0_100,prefeituras,100.0,2024
AP,4,Segurança e LGPD,munic/MUNIC_LGPD,munic,MUNIC_LGPD,total,Disseminação de orientações sobre LGPD na prefeitura,prop_0_100,prefeituras,100.0,2024
AP,4,Segurança e LGPD,munic/MUNIC_LGPD_CANAL_TITULAR,munic,MUNIC_LGPD_CANAL_TITULAR,total,Canal pela internet para titulares de dados (LGPD),prop_0_100,prefeituras,100.0,2024
AP,4,Segurança e LGPD,munic/MUNIC_LGPD_CAPACIT,munic,MUNIC_LGPD_CAPACIT,total,Cursos de segurança da informação e proteção de dados para servidores,prop_0_100,prefeituras,0.0,2024
AP,4,Segurança e LGPD,munic/MUNIC_LGPD_REGULAMENT,munic,MUNIC_LGPD_REGULAMENT,total,Regulamentação municipal específica sobre LGPD,prop_0_100,prefeituras,100.0,2024
AP,4,Segurança e LGPD,munic/MUNIC_LGPD_RESP,munic,MUNIC_LGPD_RESP,total,Responsável LGPD designado no município,prop_0_100,prefeituras,0.0,2024
AP,5,Dados e Interoperabilidade,munic/MUNIC_DADOS_ABERTOS,munic,MUNIC_DADOS_ABERTOS,total,Portal de dados abertos,prop_0_100,prefeituras,100.0,2024
AP,6,Infraestrutura,censo_escolar/IN_COMPUTADOR,censo_escolar,IN_COMPUTADOR,total,% escolas com computador,binario_agregar,escolas,78.17,2024
AP,6,Infraestrutura,censo_escolar/IN_INTERNET,censo_escolar,IN_INTERNET,total,% escolas com acesso à Internet,binario_agregar,escolas,82.01,2024
AP,6,Infraestrutura,censo_escolar/IN_INTERNET_ALUNOS,censo_escolar,IN_INTERNET_ALUNOS,total,% escolas com Internet para alunos,binario_agregar,escolas,30.68,2024
AP,6,Infraestrutura,censo_escolar/IN_INTERNET_APRENDIZAGEM,censo_escolar,IN_INTERNET_APRENDIZAGEM,total,% escolas com Internet para ensino,binario_agregar,escolas,46.9,2024
AP,6,Infraestrutura,censo_escolar/IN_LABORATORIO_INFORMATICA,censo_escolar,IN_LABORATORIO_INFORMATICA,total,% escolas com laboratório de informática,binario_agregar,escolas,21.24,2024
AP,6,Infraestrutura,anatel/BLM02,anatel,BLM02,total,% de domicílios cobertos por telefonia móvel,pct_meta_100,domicilios,95.36,2025
AP,6,Infraestrutura,munic/MUNIC_CPD,munic,MUNIC_CPD,total,Centro de Processamento de Dados na prefeitura,prop_0_100,prefeituras,100.0,2024
AP,6,Infraestrutura,munic/MUNIC_INCLUSAO_DIGITAL,munic,MUNIC_INCLUSAO_DIGITAL,total,Programa ou ação de inclusão digital,prop_0_100,prefeituras,100.0,2024
AP,6,Infraestrutura,munic/MUNIC_INTERNET,munic,MUNIC_INTERNET,total,Municípios com evidência afirmativa de conexão à Internet,prop_0_100,prefeituras,100.0,2024
AP,6,Infraestrutura,munic/MUNIC_SMART_CENTRO_CONTROLE,munic,MUNIC_SMART_CENTRO_CONTROLE,total,Centro de controle operacional,prop_0_100,prefeituras,100.0,2024
AP,6,Infraestrutura,munic/MUNIC_SMART_ILUMINACAO,munic,MUNIC_SMART_ILUMINACAO,total,Iluminação inteligente com medição de consumo,prop_0_100,prefeituras,100.0,2024
AP,6,Infraestrutura,munic/MUNIC_SMART_SEMAFOROS,munic,MUNIC_SMART_SEMAFOROS,total,Semáforos inteligentes controlados a distância,prop_0_100,prefeituras,0.0,2024
AP,6,Infraestrutura,munic/MUNIC_SMART_SENSORES,munic,MUNIC_SMART_SENSORES,total,Sensores para monitoramento de áreas de risco,prop_0_100,prefeituras,0.0,2024
AP,6,Infraestrutura,munic/MUNIC_WIFI_PUBLICO,munic,MUNIC_WIFI_PUBLICO,total,Acesso público à Internet (Wi-Fi) pela prefeitura,prop_0_100,prefeituras,100.0,2024
AP,9,Transparência e Participação,munic/MUNIC_ATIV_REDES_CONSULTA,munic,MUNIC_ATIV_REDES_CONSULTA,total,Atividade em redes sociais — consulta pública/enquete,prop_0_100,prefeituras,0.0,2024
AP,9,Transparência e Participação,munic/MUNIC_CONSELHO_TRANSP,munic,MUNIC_CONSELHO_TRANSP,total,Existência de Conselho Municipal de Transparência,prop_0_100,prefeituras,0.0,2024
AP,9,Transparência e Participação,munic/MUNIC_LAI,munic,MUNIC_LAI,total,Disseminação de orientações sobre LAI na prefeitura,prop_0_100,prefeituras,100.0,2024
AP,9,Transparência e Participação,munic/MUNIC_LAI_LEI,munic,MUNIC_LAI_LEI,total,Legislação municipal específica sobre LAI,prop_0_100,prefeituras,100.0,2024
AP,9,Transparência e Participação,munic/MUNIC_LAI_PUBLICA_PR,munic,MUNIC_LAI_PUBLICA_PR,total,Publicação de perguntas e respostas feitas pela LAI,prop_0_100,prefeituras,100.0,2024
AP,9,Transparência e Participação,munic/MUNIC_LAI_SOLICITACOES,munic,MUNIC_LAI_SOLICITACOES,total,Solicitações de acesso à informação recebidas em 2023,prop_0_100,prefeituras,100.0,2024
AP,9,Transparência e Participação,munic/MUNIC_PARTICIPACAO,munic,MUNIC_PARTICIPACAO,total,Participação do cidadão pela internet,prop_0_100,prefeituras,100.0,2024
AP,9,Transparência e Participação,munic/MUNIC_PORTAL_TRANSP,munic,MUNIC_PORTAL_TRANSP,total,Portal da transparência,prop_0_100,prefeituras,100.0,2024
AP,9,Transparência e Participação,munic/MUNIC_SERV_INFO_FINANCAS,munic,MUNIC_SERV_INFO_FINANCAS,total,Serviço informativo — finanças públicas,prop_0_100,prefeituras,100.0,2024
TO,1,Governança do Governo Digital,munic/MUNIC_TI_ESTRUTURA,munic,MUNIC_TI_ESTRUTURA,total,Estrutura organizacional de TI na prefeitura,prop_0_100,prefeituras,100.0,2024
TO,2,Qualidade dos Serviços Digitais,munic/MUNIC_ACESS_IMAGENS,munic,MUNIC_ACESS_IMAGENS,total,Descrição do conteúdo das imagens,prop_0_100,prefeituras,0.0,2024
TO,2,Qualidade dos Serviços Digitais,munic/MUNIC_ACESS_LIBRAS,munic,MUNIC_ACESS_LIBRAS,total,Tradução de conteúdo em LIBRAS,prop_0_100,prefeituras,100.0,2024
TO,2,Qualidade dos Serviços Digitais,munic/MUNIC_ACESS_NAVEGACAO,munic,MUNIC_ACESS_NAVEGACAO,total,Navegação acessível por todos os itens interativos,prop_0_100,prefeituras,0.0,2024
TO,2,Qualidade dos Serviços Digitais,munic/MUNIC_ACESS_SALTAR,munic,MUNIC_ACESS_SALTAR,total,Tecnologia assistiva para saltar itens repetitivos,prop_0_100,prefeituras,0.0,2024
TO,2,Qualidade dos Serviços Digitais,munic/MUNIC_ATEND_DISTANCIA,munic,MUNIC_ATEND_DISTANCIA,total,Serviços de atendimento ao público a distância,prop_0_100,prefeituras,100.0,2024
TO,2,Qualidade dos Serviços Digitais,munic/MUNIC_ATIV_REDES_DIVULGAR,munic,MUNIC_ATIV_REDES_DIVULGAR,total,Atividade em redes sociais — divulgar serviços/campanhas,prop_0_100,prefeituras,100.0,2024
TO,2,Qualidade dos Serviços Digitais,munic/MUNIC_ATIV_REDES_NOTICIAS,munic,MUNIC_ATIV_REDES_NOTICIAS,total,Atividade em redes sociais — postar notícias,prop_0_100,prefeituras,100.0,2024
TO,2,Qualidade dos Serviços Digitais,munic/MUNIC_ATIV_REDES_RESPOSTAS,munic,MUNIC_ATIV_REDES_RESPOSTAS,total,Atividade em redes sociais — responder comentários,prop_0_100,prefeituras,100.0,2024
TO,2,Qualidade dos Serviços Digitais,munic/MUNIC_CELULAR_APP_OUTROS,munic,MUNIC_CELULAR_APP_OUTROS,total,Aplicativos criados por outros organismos,prop_0_100,prefeituras,0.0,2024
TO,2,Qualidade dos Serviços Digitais,munic/MUNIC_CELULAR_APP_PREF,munic,MUNIC_CELULAR_APP_PREF,total,Aplicativos criados pela prefeitura,prop_0_100,prefeituras,0.0,2024
TO,2,Qualidade dos Serviços Digitais,munic/MUNIC_CELULAR_BOLETOS,munic,MUNIC_CELULAR_BOLETOS,total,Emissão de boletos ou guias de pagamento,prop_0_100,prefeituras,0.0,2024
TO,2,Qualidade dos Serviços Digitais,munic/MUNIC_CELULAR_SMS_ENVIO,munic,MUNIC_CELULAR_SMS_ENVIO,total,Envio de SMS para o cidadão,prop_0_100,prefeituras,0.0,2024
TO,2,Qualidade dos Serviços Digitais,munic/MUNIC_CELULAR_SMS_RECEB,munic,MUNIC_CELULAR_SMS_RECEB,total,Recebimento de SMS pelo cidadão,prop_0_100,prefeituras,0.0,2024
TO,2,Qualidade dos Serviços Digitais,munic/MUNIC_CELULAR_WEBSITE_MOBILE,munic,MUNIC_CELULAR_WEBSITE_MOBILE,total,Website adaptado para dispositivos móveis,prop_0_100,prefeituras,100.0,2024
TO,2,Qualidade dos Serviços Digitais,munic/MUNIC_PAGINA_INTERNET,munic,MUNIC_PAGINA_INTERNET,total,Prefeitura com página na Internet,prop_0_100,prefeituras,100.0,2024
TO,2,Qualidade dos Serviços Digitais,munic/MUNIC_REDES_SOCIAIS,munic,MUNIC_REDES_SOCIAIS,total,Prefeitura com perfil em plataformas online,prop_0_100,prefeituras,100.0,2024
TO,2,Qualidade dos Serviços Digitais,munic/MUNIC_SERV_INFO_CONCURSOS,munic,MUNIC_SERV_INFO_CONCURSOS,total,Serviço informativo — concursos públicos,prop_0_100,prefeituras,100.0,2024
TO,2,Qualidade dos Serviços Digitais,munic/MUNIC_SERV_INFO_DIARIO,munic,MUNIC_SERV_INFO_DIARIO,total,Serviço informativo — diário oficial,prop_0_100,prefeituras,0.0,2024
TO,2,Qualidade dos Serviços Digitais,munic/MUNIC_SERV_INFO_DOCUMENTOS,munic,MUNIC_SERV_INFO_DOCUMENTOS,total,Serviço informativo — acesso a documentos/formulários,prop_0_100,prefeituras,0.0,2024
TO,2,Qualidade dos Serviços Digitais,munic/MUNIC_SERV_INFO_LEGISLACAO,munic,MUNIC_SERV_INFO_LEGISLACAO,total,Serviço informativo — legislação municipal,prop_0_100,prefeituras,100.0,2024
TO,2,Qualidade dos Serviços Digitais,munic/MUNIC_SERV_INFO_LICITACOES,munic,MUNIC_SERV_INFO_LICITACOES,total,Serviço informativo — licitações,prop_0_100,prefeituras,0.0,2024
TO,2,Qualidade dos Serviços Digitais,munic/MUNIC_SERV_INFO_NOTICIAS,munic,MUNIC_SERV_INFO_NOTICIAS,total,Serviço informativo na página — notícias,prop_0_100,prefeituras,100.0,2024
TO,2,Qualidade dos Serviços Digitais,munic/MUNIC_SERV_TRANS_CERTIDAO,munic,MUNIC_SERV_TRANS_CERTIDAO,total,Serviço transacional — certidão negativa de débito,prop_0_100,prefeituras,100.0,2024
TO,2,Qualidade dos Serviços Digitais,munic/MUNIC_SERV_TRANS_DOWNLOAD,munic,MUNIC_SERV_TRANS_DOWNLOAD,total,Serviço transacional — download de documentos,prop_0_100,prefeituras,100.0,2024
TO,2,Qualidade dos Serviços Digitais,munic/MUNIC_SERV_TRANS_MATRICULA,munic,MUNIC_SERV_TRANS_MATRICULA,total,Serviço transacional — matrícula escolar online,prop_0_100,prefeituras,0.0,2024
TO,2,Qualidade dos Serviços Digitais,munic/MUNIC_SERV_TRANS_NFE,munic,MUNIC_SERV_TRANS_NFE,total,Serviço transacional — Nota Fiscal Eletrônica,prop_0_100,prefeituras,100.0,2024
TO,2,Qualidade dos Serviços Digitais,munic/MUNIC_SERV_TRANS_OUVIDORIA,munic,MUNIC_SERV_TRANS_OUVIDORIA,total,Serviço transacional — ouvidoria online,prop_0_100,prefeituras,100.0,2024
TO,2,Qualidade dos Serviços Digitais,munic/MUNIC_SERV_TRANS_PROCESSOS,munic,MUNIC_SERV_TRANS_PROCESSOS,total,Serviço transacional — consulta a processos,prop_0_100,prefeituras,100.0,2024
TO,2,Qualidade dos Serviços Digitais,munic/MUNIC_SERV_TRANS_SATISFACAO,munic,MUNIC_SERV_TRANS_SATISFACAO,total,Serviço transacional — pesquisa de satisfação,prop_0_100,prefeituras,0.0,2024
TO,2,Qualidade dos Serviços Digitais,munic/MUNIC_SERV_TRANS_SAUDE,munic,MUNIC_SERV_TRANS_SAUDE,total,Serviço transacional — agendamento consulta saúde,prop_0_100,prefeituras,0.0,2024
TO,2,Qualidade dos Serviços Digitais,munic/MUNIC_SERV_TRANS_TRIBUTOS,munic,MUNIC_SERV_TRANS_TRIBUTOS,total,Serviço transacional — guia de pagamento de tributos,prop_0_100,prefeituras,100.0,2024
TO,2,Qualidade dos Serviços Digitais,munic/MUNIC_SMART_BILHETE,munic,MUNIC_SMART_BILHETE,total,Bilhete eletrônico no transporte público,prop_0_100,prefeituras,100.0,2024
TO,2,Qualidade dos Serviços Digitais,munic/MUNIC_SMART_GPS_ONIBUS,munic,MUNIC_SMART_GPS_ONIBUS,total,Ônibus com GPS para informação ao usuário,prop_0_100,prefeituras,0.0,2024
TO,2,Qualidade dos Serviços Digitais,munic/PAGINA_POSSUI_TITULO,munic,PAGINA_POSSUI_TITULO,total,Páginas com título descritivo na aba do navegador (WCAG 2.4.2),prop_0_100,prefeituras,0.0,2024
TO,3,Identificação Única,munic/MUNIC_AUTENTICACAO,munic,MUNIC_AUTENTICACAO,total,Autenticação para acessar serviços pela internet,prop_0_100,prefeituras,100.0,2024
TO,4,Segurança e LGPD,munic/MUNIC_LGPD,munic,MUNIC_LGPD,total,Disseminação de orientações sobre LGPD na prefeitura,prop_0_100,prefeituras,0.0,2024
TO,4,Segurança e LGPD,munic/MUNIC_LGPD_CANAL_TITULAR,munic,MUNIC_LGPD_CANAL_TITULAR,total,Canal pela internet para titulares de dados (LGPD),prop_0_100,prefeituras,0.0,2024
TO,4,Segurança e LGPD,munic/MUNIC_LGPD_CAPACIT,munic,MUNIC_LGPD_CAPACIT,total,Cursos de segurança da informação e proteção de dados para servidores,prop_0_100,prefeituras,0.0,2024
TO,4,Segurança e LGPD,munic/MUNIC_LGPD_REGULAMENT,munic,MUNIC_LGPD_REGULAMENT,total,Regulamentação municipal específica sobre LGPD,prop_0_100,prefeituras,100.0,2024
TO,4,Segurança e LGPD,munic/MUNIC_LGPD_RESP,munic,MUNIC_LGPD_RESP,total,Responsável LGPD designado no município,prop_0_100,prefeituras,100.0,2024
TO,5,Dados e Interoperabilidade,munic/MUNIC_DADOS_ABERTOS,munic,MUNIC_DADOS_ABERTOS,total,Portal de dados abertos,prop_0_100,prefeituras,0.0,2024
TO,6,Infraestrutura,censo_escolar/IN_COMPUTADOR,censo_escolar,IN_COMPUTADOR,total,% escolas com computador,binario_agregar,escolas,98.73,2024
TO,6,Infraestrutura,censo_escolar/IN_INTERNET,censo_escolar,IN_INTERNET,total,% escolas com acesso à Internet,binario_agregar,escolas,100.0,2024
TO,6,Infraestrutura,censo_escolar/IN_INTERNET_ALUNOS,censo_escolar,IN_INTERNET_ALUNOS,total,% escolas com Internet para alunos,binario_agregar,escolas,39.24,2024
TO,6,Infraestrutura,censo_escolar/IN_INTERNET_APRENDIZAGEM,censo_escolar,IN_INTERNET_APRENDIZAGEM,total,% escolas com Internet para ensino,binario_agregar,escolas,82.28,2024
TO,6,Infraestrutura,censo_escolar/IN_LABORATORIO_INFORMATICA,censo_escolar,IN_LABORATORIO_INFORMATICA,total,% escolas com laboratório de informática,binario_agregar,escolas,27.85,2024
TO,6,Infraestrutura,anatel/BLM02,anatel,BLM02,total,% de domicílios cobertos por telefonia móvel,pct_meta_100,domicilios,98.89,2025
TO,6,Infraestrutura,munic/MUNIC_CPD,munic,MUNIC_CPD,total,Centro de Processamento de Dados na prefeitura,prop_0_100,prefeituras,100.0,2024
TO,6,Infraestrutura,munic/MUNIC_INCLUSAO_DIGITAL,munic,MUNIC_INCLUSAO_DIGITAL,total,Programa ou ação de inclusão digital,prop_0_100,prefeituras,0.0,2024
TO,6,Infraestrutura,munic/MUNIC_INTERNET,munic,MUNIC_INTERNET,total,Municípios com evidência afirmativa de conexão à Internet,prop_0_100,prefeituras,100.0,2024
TO,6,Infraestrutura,munic/MUNIC_SMART_CENTRO_CONTROLE,munic,MUNIC_SMART_CENTRO_CONTROLE,total,Centro de controle operacional,prop_0_100,prefeituras,0.0,2024
TO,6,Infraestrutura,munic/MUNIC_SMART_ILUMINACAO,munic,MUNIC_SMART_ILUMINACAO,total,Iluminação inteligente com medição de consumo,prop_0_100,prefeituras,0.0,2024
TO,6,Infraestrutura,munic/MUNIC_SMART_SEMAFOROS,munic,MUNIC_SMART_SEMAFOROS,total,Semáforos inteligentes controlados a distância,prop_0_100,prefeituras,0.0,2024
TO,6,Infraestrutura,munic/MUNIC_SMART_SENSORES,munic,MUNIC_SMART_SENSORES,total,Sensores para monitoramento de áreas de risco,prop_0_100,prefeituras,0.0,2024
TO,6,Infraestrutura,munic/MUNIC_WIFI_PUBLICO,munic,MUNIC_WIFI_PUBLICO,total,Acesso público à Internet (Wi-Fi) pela prefeitura,prop_0_100,prefeituras,100.0,2024
TO,9,Transparência e Participação,munic/MUNIC_ATIV_REDES_CONSULTA,munic,MUNIC_ATIV_REDES_CONSULTA,total,Atividade em redes sociais — consulta pública/enquete,prop_0_100,prefeituras,100.0,2024
TO,9,Transparência e Participação,munic/MUNIC_CONSELHO_TRANSP,munic,MUNIC_CONSELHO_TRANSP,total,Existência de Conselho Municipal de Transparência,prop_0_100,prefeituras,0.0,2024
TO,9,Transparência e Participação,munic/MUNIC_LAI,munic,MUNIC_LAI,total,Disseminação de orientações sobre LAI na prefeitura,prop_0_100,prefeituras,0.0,2024
TO,9,Transparência e Participação,munic/MUNIC_LAI_LEI,munic,MUNIC_LAI_LEI,total,Legislação municipal específica sobre LAI,prop_0_100,prefeituras,100.0,2024
TO,9,Transparência e Participação,munic/MUNIC_LAI_PUBLICA_PR,munic,MUNIC_LAI_PUBLICA_PR,total,Publicação de perguntas e respostas feitas pela LAI,prop_0_100,prefeituras,100.0,2024
TO,9,Transparência e Participação,munic/MUNIC_LAI_SOLICITACOES,munic,MUNIC_LAI_SOLICITACOES,total,Solicitações de acesso à informação recebidas em 2023,prop_0_100,prefeituras,100.0,2024
TO,9,Transparência e Participação,munic/MUNIC_PARTICIPACAO,munic,MUNIC_PARTICIPACAO,total,Participação do cidadão pela internet,prop_0_100,prefeituras,100.0,2024
TO,9,Transparência e Participação,munic/MUNIC_PORTAL_TRANSP,munic,MUNIC_PORTAL_TRANSP,total,Portal da transparência,prop_0_100,prefeituras,100.0,2024
TO,9,Transparência e Participação,munic/MUNIC_SERV_INFO_FINANCAS,munic,MUNIC_SERV_INFO_FINANCAS,total,Serviço informativo — finanças públicas,prop_0_100,prefeituras,100.0,2024
MA,1,Governança do Governo Digital,munic/MUNIC_TI_ESTRUTURA,munic,MUNIC_TI_ESTRUTURA,total,Estrutura organizacional de TI na prefeitura,prop_0_100,prefeituras,100.0,2024
MA,2,Qualidade dos Serviços Digitais,munic/MUNIC_ACESS_IMAGENS,munic,MUNIC_ACESS_IMAGENS,total,Descrição do conteúdo das imagens,prop_0_100,prefeituras,100.0,2024
MA,2,Qualidade dos Serviços Digitais,munic/MUNIC_ACESS_LIBRAS,munic,MUNIC_ACESS_LIBRAS,total,Tradução de conteúdo em LIBRAS,prop_0_100,prefeituras,100.0,2024
MA,2,Qualidade dos Serviços Digitais,munic/MUNIC_ACESS_NAVEGACAO,munic,MUNIC_ACESS_NAVEGACAO,total,Navegação acessível por todos os itens interativos,prop_0_100,prefeituras,100.0,2024
MA,2,Qualidade dos Serviços Digitais,munic/MUNIC_ACESS_SALTAR,munic,MUNIC_ACESS_SALTAR,total,Tecnologia assistiva para saltar itens repetitivos,prop_0_100,prefeituras,0.0,2024
MA,2,Qualidade dos Serviços Digitais,munic/MUNIC_ATEND_DISTANCIA,munic,MUNIC_ATEND_DISTANCIA,total,Serviços de atendimento ao público a distância,prop_0_100,prefeituras,100.0,2024
MA,2,Qualidade dos Serviços Digitais,munic/MUNIC_ATIV_REDES_DIVULGAR,munic,MUNIC_ATIV_REDES_DIVULGAR,total,Atividade em redes sociais — divulgar serviços/campanhas,prop_0_100,prefeituras,100.0,2024
MA,2,Qualidade dos Serviços Digitais,munic/MUNIC_ATIV_REDES_NOTICIAS,munic,MUNIC_ATIV_REDES_NOTICIAS,total,Atividade em redes sociais — postar notícias,prop_0_100,prefeituras,100.0,2024
MA,2,Qualidade dos Serviços Digitais,munic/MUNIC_ATIV_REDES_RESPOSTAS,munic,MUNIC_ATIV_REDES_RESPOSTAS,total,Atividade em redes sociais — responder comentários,prop_0_100,prefeituras,100.0,2024
MA,2,Qualidade dos Serviços Digitais,munic/MUNIC_CELULAR_APP_OUTROS,munic,MUNIC_CELULAR_APP_OUTROS,total,Aplicativos criados por outros organismos,prop_0_100,prefeituras,100.0,2024
MA,2,Qualidade dos Serviços Digitais,munic/MUNIC_CELULAR_APP_PREF,munic,MUNIC_CELULAR_APP_PREF,total,Aplicativos criados pela prefeitura,prop_0_100,prefeituras,100.0,2024
MA,2,Qualidade dos Serviços Digitais,munic/MUNIC_CELULAR_BOLETOS,munic,MUNIC_CELULAR_BOLETOS,total,Emissão de boletos ou guias de pagamento,prop_0_100,prefeituras,0.0,2024
MA,2,Qualidade dos Serviços Digitais,munic/MUNIC_CELULAR_SMS_ENVIO,munic,MUNIC_CELULAR_SMS_ENVIO,total,Envio de SMS para o cidadão,prop_0_100,prefeituras,0.0,2024
MA,2,Qualidade dos Serviços Digitais,munic/MUNIC_CELULAR_SMS_RECEB,munic,MUNIC_CELULAR_SMS_RECEB,total,Recebimento de SMS pelo cidadão,prop_0_100,prefeituras,0.0,2024
MA,2,Qualidade dos Serviços Digitais,munic/MUNIC_CELULAR_WEBSITE_MOBILE,munic,MUNIC_CELULAR_WEBSITE_MOBILE,total,Website adaptado para dispositivos móveis,prop_0_100,prefeituras,100.0,2024
MA,2,Qualidade dos Serviços Digitais,munic/MUNIC_PAGINA_INTERNET,munic,MUNIC_PAGINA_INTERNET,total,Prefeitura com página na Internet,prop_0_100,prefeituras,100.0,2024
MA,2,Qualidade dos Serviços Digitais,munic/MUNIC_REDES_SOCIAIS,munic,MUNIC_REDES_SOCIAIS,total,Prefeitura com perfil em plataformas online,prop_0_100,prefeituras,100.0,2024
MA,2,Qualidade dos Serviços Digitais,munic/MUNIC_SERV_INFO_CONCURSOS,munic,MUNIC_SERV_INFO_CONCURSOS,total,Serviço informativo — concursos públicos,prop_0_100,prefeituras,100.0,2024
MA,2,Qualidade dos Serviços Digitais,munic/MUNIC_SERV_INFO_DIARIO,munic,MUNIC_SERV_INFO_DIARIO,total,Serviço informativo — diário oficial,prop_0_100,prefeituras,100.0,2024
MA,2,Qualidade dos Serviços Digitais,munic/MUNIC_SERV_INFO_DOCUMENTOS,munic,MUNIC_SERV_INFO_DOCUMENTOS,total,Serviço informativo — acesso a documentos/formulários,prop_0_100,prefeituras,100.0,2024
MA,2,Qualidade dos Serviços Digitais,munic/MUNIC_SERV_INFO_LEGISLACAO,munic,MUNIC_SERV_INFO_LEGISLACAO,total,Serviço informativo — legislação municipal,prop_0_100,prefeituras,0.0,2024
MA,2,Qualidade dos Serviços Digitais,munic/MUNIC_SERV_INFO_LICITACOES,munic,MUNIC_SERV_INFO_LICITACOES,total,Serviço informativo — licitações,prop_0_100,prefeituras,100.0,2024
MA,2,Qualidade dos Serviços Digitais,munic/MUNIC_SERV_INFO_NOTICIAS,munic,MUNIC_SERV_INFO_NOTICIAS,total,Serviço informativo na página — notícias,prop_0_100,prefeituras,100.0,2024
MA,2,Qualidade dos Serviços Digitais,munic/MUNIC_SERV_TRANS_CERTIDAO,munic,MUNIC_SERV_TRANS_CERTIDAO,total,Serviço transacional — certidão negativa de débito,prop_0_100,prefeituras,100.0,2024
MA,2,Qualidade dos Serviços Digitais,munic/MUNIC_SERV_TRANS_DOWNLOAD,munic,MUNIC_SERV_TRANS_DOWNLOAD,total,Serviço transacional — download de documentos,prop_0_100,prefeituras,100.0,2024
MA,2,Qualidade dos Serviços Digitais,munic/MUNIC_SERV_TRANS_MATRICULA,munic,MUNIC_SERV_TRANS_MATRICULA,total,Serviço transacional — matrícula escolar online,prop_0_100,prefeituras,100.0,2024
MA,2,Qualidade dos Serviços Digitais,munic/MUNIC_SERV_TRANS_NFE,munic,MUNIC_SERV_TRANS_NFE,total,Serviço transacional — Nota Fiscal Eletrônica,prop_0_100,prefeituras,100.0,2024
MA,2,Qualidade dos Serviços Digitais,munic/MUNIC_SERV_TRANS_OUVIDORIA,munic,MUNIC_SERV_TRANS_OUVIDORIA,total,Serviço transacional — ouvidoria online,prop_0_100,prefeituras,100.0,2024
MA,2,Qualidade dos Serviços Digitais,munic/MUNIC_SERV_TRANS_PROCESSOS,munic,MUNIC_SERV_TRANS_PROCESSOS,total,Serviço transacional — consulta a processos,prop_0_100,prefeituras,100.0,2024
MA,2,Qualidade dos Serviços Digitais,munic/MUNIC_SERV_TRANS_SATISFACAO,munic,MUNIC_SERV_TRANS_SATISFACAO,total,Serviço transacional — pesquisa de satisfação,prop_0_100,prefeituras,100.0,2024
MA,2,Qualidade dos Serviços Digitais,munic/MUNIC_SERV_TRANS_SAUDE,munic,MUNIC_SERV_TRANS_SAUDE,total,Serviço transacional — agendamento consulta saúde,prop_0_100,prefeituras,100.0,2024
MA,2,Qualidade dos Serviços Digitais,munic/MUNIC_SERV_TRANS_TRIBUTOS,munic,MUNIC_SERV_TRANS_TRIBUTOS,total,Serviço transacional — guia de pagamento de tributos,prop_0_100,prefeituras,100.0,2024
MA,2,Qualidade dos Serviços Digitais,munic/MUNIC_SMART_BILHETE,munic,MUNIC_SMART_BILHETE,total,Bilhete eletrônico no transporte público,prop_0_100,prefeituras,100.0,2024
MA,2,Qualidade dos Serviços Digitais,munic/MUNIC_SMART_GPS_ONIBUS,munic,MUNIC_SMART_GPS_ONIBUS,total,Ônibus com GPS para informação ao usuário,prop_0_100,prefeituras,100.0,2024
MA,2,Qualidade dos Serviços Digitais,munic/PAGINA_POSSUI_TITULO,munic,PAGINA_POSSUI_TITULO,total,Páginas com título descritivo na aba do navegador (WCAG 2.4.2),prop_0_100,prefeituras,0.0,2024
MA,3,Identificação Única,munic/MUNIC_AUTENTICACAO,munic,MUNIC_AUTENTICACAO,total,Autenticação para acessar serviços pela internet,prop_0_100,prefeituras,100.0,2024
MA,4,Segurança e LGPD,munic/MUNIC_LGPD,munic,MUNIC_LGPD,total,Disseminação de orientações sobre LGPD na prefeitura,prop_0_100,prefeituras,0.0,2024
MA,4,Segurança e LGPD,munic/MUNIC_LGPD_CANAL_TITULAR,munic,MUNIC_LGPD_CANAL_TITULAR,total,Canal pela internet para titulares de dados (LGPD),prop_0_100,prefeituras,100.0,2024
MA,4,Segurança e LGPD,munic/MUNIC_LGPD_CAPACIT,munic,MUNIC_LGPD_CAPACIT,total,Cursos de segurança da informação e proteção de dados para servidores,prop_0_100,prefeituras,100.0,2024
MA,4,Segurança e LGPD,munic/MUNIC_LGPD_REGULAMENT,munic,MUNIC_LGPD_REGULAMENT,total,Regulamentação municipal específica sobre LGPD,prop_0_100,prefeituras,0.0,2024
MA,4,Segurança e LGPD,munic/MUNIC_LGPD_RESP,munic,MUNIC_LGPD_RESP,total,Responsável LGPD designado no município,prop_0_100,prefeituras,100.0,2024
MA,5,Dados e Interoperabilidade,munic/MUNIC_DADOS_ABERTOS,munic,MUNIC_DADOS_ABERTOS,total,Portal de dados abertos,prop_0_100,prefeituras,100.0,2024
MA,6,Infraestrutura,censo_escolar/IN_COMPUTADOR,censo_escolar,IN_COMPUTADOR,total,% escolas com computador,binario_agregar,escolas,92.65,2024
MA,6,Infraestrutura,censo_escolar/IN_INTERNET,censo_escolar,IN_INTERNET,total,% escolas com acesso à Internet,binario_agregar,escolas,96.26,2024
MA,6,Infraestrutura,censo_escolar/IN_INTERNET_ALUNOS,censo_escolar,IN_INTERNET_ALUNOS,total,% escolas com Internet para alunos,binario_agregar,escolas,42.51,2024
MA,6,Infraestrutura,censo_escolar/IN_INTERNET_APRENDIZAGEM,censo_escolar,IN_INTERNET_APRENDIZAGEM,total,% escolas com Internet para ensino,binario_agregar,escolas,58.29,2024
MA,6,Infraestrutura,censo_escolar/IN_LABORATORIO_INFORMATICA,censo_escolar,IN_LABORATORIO_INFORMATICA,total,% escolas com laboratório de informática,binario_agregar,escolas,27.14,2024
MA,6,Infraestrutura,anatel/BLM02,anatel,BLM02,total,% de domicílios cobertos por telefonia móvel,pct_meta_100,domicilios,100.0,2025
MA,6,Infraestrutura,munic/MUNIC_CPD,munic,MUNIC_CPD,total,Centro de Processamento de Dados na prefeitura,prop_0_100,prefeituras,100.0,2024
MA,6,Infraestrutura,munic/MUNIC_INCLUSAO_DIGITAL,munic,MUNIC_INCLUSAO_DIGITAL,total,Programa ou ação de inclusão digital,prop_0_100,prefeituras,100.0,2024
MA,6,Infraestrutura,munic/MUNIC_INTERNET,munic,MUNIC_INTERNET,total,Municípios com evidência afirmativa de conexão à Internet,prop_0_100,prefeituras,100.0,2024
MA,6,Infraestrutura,munic/MUNIC_SMART_CENTRO_CONTROLE,munic,MUNIC_SMART_CENTRO_CONTROLE,total,Centro de controle operacional,prop_0_100,prefeituras,100.0,2024
MA,6,Infraestrutura,munic/MUNIC_SMART_ILUMINACAO,munic,MUNIC_SMART_ILUMINACAO,total,Iluminação inteligente com medição de consumo,prop_0_100,prefeituras,0.0,2024
MA,6,Infraestrutura,munic/MUNIC_SMART_SEMAFOROS,munic,MUNIC_SMART_SEMAFOROS,total,Semáforos inteligentes controlados a distância,prop_0_100,prefeituras,0.0,2024
MA,6,Infraestrutura,munic/MUNIC_SMART_SENSORES,munic,MUNIC_SMART_SENSORES,total,Sensores para monitoramento de áreas de risco,prop_0_100,prefeituras,0.0,2024
MA,6,Infraestrutura,munic/MUNIC_WIFI_PUBLICO,munic,MUNIC_WIFI_PUBLICO,total,Acesso público à Internet (Wi-Fi) pela prefeitura,prop_0_100,prefeituras,100.0,2024
MA,9,Transparência e Participação,munic/MUNIC_ATIV_REDES_CONSULTA,munic,MUNIC_ATIV_REDES_CONSULTA,total,Atividade em redes sociais — consulta pública/enquete,prop_0_100,prefeituras,100.0,2024
MA,9,Transparência e Participação,munic/MUNIC_CONSELHO_TRANSP,munic,MUNIC_CONSELHO_TRANSP,total,Existência de Conselho Municipal de Transparência,prop_0_100,prefeituras,0.0,2024
MA,9,Transparência e Participação,munic/MUNIC_LAI,munic,MUNIC_LAI,total,Disseminação de orientações sobre LAI na prefeitura,prop_0_100,prefeituras,0.0,2024
MA,9,Transparência e Participação,munic/MUNIC_LAI_LEI,munic,MUNIC_LAI_LEI,total,Legislação municipal específica sobre LAI,prop_0_100,prefeituras,100.0,2024
MA,9,Transparência e Participação,munic/MUNIC_LAI_PUBLICA_PR,munic,MUNIC_LAI_PUBLICA_PR,total,Publicação de perguntas e respostas feitas pela LAI,prop_0_100,prefeituras,0.0,2024
MA,9,Transparência e Participação,munic/MUNIC_LAI_SOLICITACOES,munic,MUNIC_LAI_SOLICITACOES,total,Solicitações de acesso à informação recebidas em 2023,prop_0_100,prefeituras,100.0,2024
MA,9,Transparência e Participação,munic/MUNIC_PARTICIPACAO,munic,MUNIC_PARTICIPACAO,total,Participação do cidadão pela internet,prop_0_100,prefeituras,100.0,2024
MA,9,Transparência e Participação,munic/MUNIC_PORTAL_TRANSP,munic,MUNIC_PORTAL_TRANSP,total,Portal da transparência,prop_0_100,prefeituras,100.0,2024
MA,9,Transparência e Participação,munic/MUNIC_SERV_INFO_FINANCAS,munic,MUNIC_SERV_INFO_FINANCAS,total,Serviço informativo — finanças públicas,prop_0_100,prefeituras,100.0,2024
PI,1,Governança do Governo Digital,munic/MUNIC_TI_ESTRUTURA,munic,MUNIC_TI_ESTRUTURA,total,Estrutura organizacional de TI na prefeitura,prop_0_100,prefeituras,100.0,2024
PI,2,Qualidade dos Serviços Digitais,munic/MUNIC_ACESS_IMAGENS,munic,MUNIC_ACESS_IMAGENS,total,Descrição do conteúdo das imagens,prop_0_100,prefeituras,0.0,2024
PI,2,Qualidade dos Serviços Digitais,munic/MUNIC_ACESS_LIBRAS,munic,MUNIC_ACESS_LIBRAS,total,Tradução de conteúdo em LIBRAS,prop_0_100,prefeituras,0.0,2024
PI,2,Qualidade dos Serviços Digitais,munic/MUNIC_ACESS_NAVEGACAO,munic,MUNIC_ACESS_NAVEGACAO,total,Navegação acessível por todos os itens interativos,prop_0_100,prefeituras,0.0,2024
PI,2,Qualidade dos Serviços Digitais,munic/MUNIC_ACESS_SALTAR,munic,MUNIC_ACESS_SALTAR,total,Tecnologia assistiva para saltar itens repetitivos,prop_0_100,prefeituras,0.0,2024
PI,2,Qualidade dos Serviços Digitais,munic/MUNIC_ATEND_DISTANCIA,munic,MUNIC_ATEND_DISTANCIA,total,Serviços de atendimento ao público a distância,prop_0_100,prefeituras,100.0,2024
PI,2,Qualidade dos Serviços Digitais,munic/MUNIC_ATIV_REDES_DIVULGAR,munic,MUNIC_ATIV_REDES_DIVULGAR,total,Atividade em redes sociais — divulgar serviços/campanhas,prop_0_100,prefeituras,100.0,2024
PI,2,Qualidade dos Serviços Digitais,munic/MUNIC_ATIV_REDES_NOTICIAS,munic,MUNIC_ATIV_REDES_NOTICIAS,total,Atividade em redes sociais — postar notícias,prop_0_100,prefeituras,100.0,2024
PI,2,Qualidade dos Serviços Digitais,munic/MUNIC_ATIV_REDES_RESPOSTAS,munic,MUNIC_ATIV_REDES_RESPOSTAS,total,Atividade em redes sociais — responder comentários,prop_0_100,prefeituras,100.0,2024
PI,2,Qualidade dos Serviços Digitais,munic/MUNIC_CELULAR_APP_OUTROS,munic,MUNIC_CELULAR_APP_OUTROS,total,Aplicativos criados por outros organismos,prop_0_100,prefeituras,0.0,2024
PI,2,Qualidade dos Serviços Digitais,munic/MUNIC_CELULAR_APP_PREF,munic,MUNIC_CELULAR_APP_PREF,total,Aplicativos criados pela prefeitura,prop_0_100,prefeituras,100.0,2024
PI,2,Qualidade dos Serviços Digitais,munic/MUNIC_CELULAR_BOLETOS,munic,MUNIC_CELULAR_BOLETOS,total,Emissão de boletos ou guias de pagamento,prop_0_100,prefeituras,0.0,2024
PI,2,Qualidade dos Serviços Digitais,munic/MUNIC_CELULAR_SMS_ENVIO,munic,MUNIC_CELULAR_SMS_ENVIO,total,Envio de SMS para o cidadão,prop_0_100,prefeituras,0.0,2024
PI,2,Qualidade dos Serviços Digitais,munic/MUNIC_CELULAR_SMS_RECEB,munic,MUNIC_CELULAR_SMS_RECEB,total,Recebimento de SMS pelo cidadão,prop_0_100,prefeituras,0.0,2024
PI,2,Qualidade dos Serviços Digitais,munic/MUNIC_CELULAR_WEBSITE_MOBILE,munic,MUNIC_CELULAR_WEBSITE_MOBILE,total,Website adaptado para dispositivos móveis,prop_0_100,prefeituras,100.0,2024
PI,2,Qualidade dos Serviços Digitais,munic/MUNIC_PAGINA_INTERNET,munic,MUNIC_PAGINA_INTERNET,total,Prefeitura com página na Internet,prop_0_100,prefeituras,100.0,2024
PI,2,Qualidade dos Serviços Digitais,munic/MUNIC_REDES_SOCIAIS,munic,MUNIC_REDES_SOCIAIS,total,Prefeitura com perfil em plataformas online,prop_0_100,prefeituras,100.0,2024
PI,2,Qualidade dos Serviços Digitais,munic/MUNIC_SERV_INFO_CONCURSOS,munic,MUNIC_SERV_INFO_CONCURSOS,total,Serviço informativo — concursos públicos,prop_0_100,prefeituras,100.0,2024
PI,2,Qualidade dos Serviços Digitais,munic/MUNIC_SERV_INFO_DIARIO,munic,MUNIC_SERV_INFO_DIARIO,total,Serviço informativo — diário oficial,prop_0_100,prefeituras,100.0,2024
PI,2,Qualidade dos Serviços Digitais,munic/MUNIC_SERV_INFO_DOCUMENTOS,munic,MUNIC_SERV_INFO_DOCUMENTOS,total,Serviço informativo — acesso a documentos/formulários,prop_0_100,prefeituras,100.0,2024
PI,2,Qualidade dos Serviços Digitais,munic/MUNIC_SERV_INFO_LEGISLACAO,munic,MUNIC_SERV_INFO_LEGISLACAO,total,Serviço informativo — legislação municipal,prop_0_100,prefeituras,100.0,2024
PI,2,Qualidade dos Serviços Digitais,munic/MUNIC_SERV_INFO_LICITACOES,munic,MUNIC_SERV_INFO_LICITACOES,total,Serviço informativo — licitações,prop_0_100,prefeituras,100.0,2024
PI,2,Qualidade dos Serviços Digitais,munic/MUNIC_SERV_INFO_NOTICIAS,munic,MUNIC_SERV_INFO_NOTICIAS,total,Serviço informativo na página — notícias,prop_0_100,prefeituras,100.0,2024
PI,2,Qualidade dos Serviços Digitais,munic/MUNIC_SERV_TRANS_CERTIDAO,munic,MUNIC_SERV_TRANS_CERTIDAO,total,Serviço transacional — certidão negativa de débito,prop_0_100,prefeituras,100.0,2024
PI,2,Qualidade dos Serviços Digitais,munic/MUNIC_SERV_TRANS_DOWNLOAD,munic,MUNIC_SERV_TRANS_DOWNLOAD,total,Serviço transacional — download de documentos,prop_0_100,prefeituras,100.0,2024
PI,2,Qualidade dos Serviços Digitais,munic/MUNIC_SERV_TRANS_MATRICULA,munic,MUNIC_SERV_TRANS_MATRICULA,total,Serviço transacional — matrícula escolar online,prop_0_100,prefeituras,100.0,2024
PI,2,Qualidade dos Serviços Digitais,munic/MUNIC_SERV_TRANS_NFE,munic,MUNIC_SERV_TRANS_NFE,total,Serviço transacional — Nota Fiscal Eletrônica,prop_0_100,prefeituras,100.0,2024
PI,2,Qualidade dos Serviços Digitais,munic/MUNIC_SERV_TRANS_OUVIDORIA,munic,MUNIC_SERV_TRANS_OUVIDORIA,total,Serviço transacional — ouvidoria online,prop_0_100,prefeituras,100.0,2024
PI,2,Qualidade dos Serviços Digitais,munic/MUNIC_SERV_TRANS_PROCESSOS,munic,MUNIC_SERV_TRANS_PROCESSOS,total,Serviço transacional — consulta a processos,prop_0_100,prefeituras,100.0,2024
PI,2,Qualidade dos Serviços Digitais,munic/MUNIC_SERV_TRANS_SATISFACAO,munic,MUNIC_SERV_TRANS_SATISFACAO,total,Serviço transacional — pesquisa de satisfação,prop_0_100,prefeituras,100.0,2024
PI,2,Qualidade dos Serviços Digitais,munic/MUNIC_SERV_TRANS_SAUDE,munic,MUNIC_SERV_TRANS_SAUDE,total,Serviço transacional — agendamento consulta saúde,prop_0_100,prefeituras,0.0,2024
PI,2,Qualidade dos Serviços Digitais,munic/MUNIC_SERV_TRANS_TRIBUTOS,munic,MUNIC_SERV_TRANS_TRIBUTOS,total,Serviço transacional — guia de pagamento de tributos,prop_0_100,prefeituras,100.0,2024
PI,2,Qualidade dos Serviços Digitais,munic/MUNIC_SMART_BILHETE,munic,MUNIC_SMART_BILHETE,total,Bilhete eletrônico no transporte público,prop_0_100,prefeituras,100.0,2024
PI,2,Qualidade dos Serviços Digitais,munic/MUNIC_SMART_GPS_ONIBUS,munic,MUNIC_SMART_GPS_ONIBUS,total,Ônibus com GPS para informação ao usuário,prop_0_100,prefeituras,100.0,2024
PI,2,Qualidade dos Serviços Digitais,munic/PAGINA_POSSUI_TITULO,munic,PAGINA_POSSUI_TITULO,total,Páginas com título descritivo na aba do navegador (WCAG 2.4.2),prop_0_100,prefeituras,0.0,2024
PI,3,Identificação Única,munic/MUNIC_AUTENTICACAO,munic,MUNIC_AUTENTICACAO,total,Autenticação para acessar serviços pela internet,prop_0_100,prefeituras,100.0,2024
PI,4,Segurança e LGPD,munic/MUNIC_LGPD,munic,MUNIC_LGPD,total,Disseminação de orientações sobre LGPD na prefeitura,prop_0_100,prefeituras,100.0,2024
PI,4,Segurança e LGPD,munic/MUNIC_LGPD_CANAL_TITULAR,munic,MUNIC_LGPD_CANAL_TITULAR,total,Canal pela internet para titulares de dados (LGPD),prop_0_100,prefeituras,100.0,2024
PI,4,Segurança e LGPD,munic/MUNIC_LGPD_CAPACIT,munic,MUNIC_LGPD_CAPACIT,total,Cursos de segurança da informação e proteção de dados para servidores,prop_0_100,prefeituras,100.0,2024
PI,4,Segurança e LGPD,munic/MUNIC_LGPD_REGULAMENT,munic,MUNIC_LGPD_REGULAMENT,total,Regulamentação municipal específica sobre LGPD,prop_0_100,prefeituras,100.0,2024
PI,4,Segurança e LGPD,munic/MUNIC_LGPD_RESP,munic,MUNIC_LGPD_RESP,total,Responsável LGPD designado no município,prop_0_100,prefeituras,100.0,2024
PI,5,Dados e Interoperabilidade,munic/MUNIC_DADOS_ABERTOS,munic,MUNIC_DADOS_ABERTOS,total,Portal de dados abertos,prop_0_100,prefeituras,0.0,2024
PI,6,Infraestrutura,censo_escolar/IN_COMPUTADOR,censo_escolar,IN_COMPUTADOR,total,% escolas com computador,binario_agregar,escolas,94.38,2024
PI,6,Infraestrutura,censo_escolar/IN_INTERNET,censo_escolar,IN_INTERNET,total,% escolas com acesso à Internet,binario_agregar,escolas,99.84,2024
PI,6,Infraestrutura,censo_escolar/IN_INTERNET_ALUNOS,censo_escolar,IN_INTERNET_ALUNOS,total,% escolas com Internet para alunos,binario_agregar,escolas,44.22,2024
PI,6,Infraestrutura,censo_escolar/IN_INTERNET_APRENDIZAGEM,censo_escolar,IN_INTERNET_APRENDIZAGEM,total,% escolas com Internet para ensino,binario_agregar,escolas,63.28,2024
PI,6,Infraestrutura,censo_escolar/IN_LABORATORIO_INFORMATICA,censo_escolar,IN_LABORATORIO_INFORMATICA,total,% escolas com laboratório de informática,binario_agregar,escolas,30.0,2024
PI,6,Infraestrutura,anatel/BLM02,anatel,BLM02,total,% de domicílios cobertos por telefonia móvel,pct_meta_100,domicilios,98.8,2025
PI,6,Infraestrutura,munic/MUNIC_CPD,munic,MUNIC_CPD,total,Centro de Processamento de Dados na prefeitura,prop_0_100,prefeituras,100.0,2024
PI,6,Infraestrutura,munic/MUNIC_INCLUSAO_DIGITAL,munic,MUNIC_INCLUSAO_DIGITAL,total,Programa ou ação de inclusão digital,prop_0_100,prefeituras,100.0,2024
PI,6,Infraestrutura,munic/MUNIC_INTERNET,munic,MUNIC_INTERNET,total,Municípios com evidência afirmativa de conexão à Internet,prop_0_100,prefeituras,100.0,2024
PI,6,Infraestrutura,munic/MUNIC_SMART_CENTRO_CONTROLE,munic,MUNIC_SMART_CENTRO_CONTROLE,total,Centro de controle operacional,prop_0_100,prefeituras,100.0,2024
PI,6,Infraestrutura,munic/MUNIC_SMART_ILUMINACAO,munic,MUNIC_SMART_ILUMINACAO,total,Iluminação inteligente com medição de consumo,prop_0_100,prefeituras,100.0,2024
PI,6,Infraestrutura,munic/MUNIC_SMART_SEMAFOROS,munic,MUNIC_SMART_SEMAFOROS,total,Semáforos inteligentes controlados a distância,prop_0_100,prefeituras,100.0,2024
PI,6,Infraestrutura,munic/MUNIC_SMART_SENSORES,munic,MUNIC_SMART_SENSORES,total,Sensores para monitoramento de áreas de risco,prop_0_100,prefeituras,100.0,2024
PI,6,Infraestrutura,munic/MUNIC_WIFI_PUBLICO,munic,MUNIC_WIFI_PUBLICO,total,Acesso público à Internet (Wi-Fi) pela prefeitura,prop_0_100,prefeituras,100.0,2024
PI,9,Transparência e Participação,munic/MUNIC_ATIV_REDES_CONSULTA,munic,MUNIC_ATIV_REDES_CONSULTA,total,Atividade em redes sociais — consulta pública/enquete,prop_0_100,prefeituras,0.0,2024
PI,9,Transparência e Participação,munic/MUNIC_CONSELHO_TRANSP,munic,MUNIC_CONSELHO_TRANSP,total,Existência de Conselho Municipal de Transparência,prop_0_100,prefeituras,0.0,2024
PI,9,Transparência e Participação,munic/MUNIC_LAI,munic,MUNIC_LAI,total,Disseminação de orientações sobre LAI na prefeitura,prop_0_100,prefeituras,100.0,2024
PI,9,Transparência e Participação,munic/MUNIC_LAI_LEI,munic,MUNIC_LAI_LEI,total,Legislação municipal específica sobre LAI,prop_0_100,prefeituras,100.0,2024
PI,9,Transparência e Participação,munic/MUNIC_LAI_PUBLICA_PR,munic,MUNIC_LAI_PUBLICA_PR,total,Publicação de perguntas e respostas feitas pela LAI,prop_0_100,prefeituras,0.0,2024
PI,9,Transparência e Participação,munic/MUNIC_LAI_SOLICITACOES,munic,MUNIC_LAI_SOLICITACOES,total,Solicitações de acesso à informação recebidas em 2023,prop_0_100,prefeituras,100.0,2024
PI,9,Transparência e Participação,munic/MUNIC_PARTICIPACAO,munic,MUNIC_PARTICIPACAO,total,Participação do cidadão pela internet,prop_0_100,prefeituras,0.0,2024
PI,9,Transparência e Participação,munic/MUNIC_PORTAL_TRANSP,munic,MUNIC_PORTAL_TRANSP,total,Portal da transparência,prop_0_100,prefeituras,100.0,2024
PI,9,Transparência e Participação,munic/MUNIC_SERV_INFO_FINANCAS,munic,MUNIC_SERV_INFO_FINANCAS,total,Serviço informativo — finanças públicas,prop_0_100,prefeituras,100.0,2024
CE,1,Governança do Governo Digital,munic/MUNIC_TI_ESTRUTURA,munic,MUNIC_TI_ESTRUTURA,total,Estrutura organizacional de TI na prefeitura,prop_0_100,prefeituras,100.0,2024
CE,2,Qualidade dos Serviços Digitais,munic/MUNIC_ACESS_IMAGENS,munic,MUNIC_ACESS_IMAGENS,total,Descrição do conteúdo das imagens,prop_0_100,prefeituras,0.0,2024
CE,2,Qualidade dos Serviços Digitais,munic/MUNIC_ACESS_LIBRAS,munic,MUNIC_ACESS_LIBRAS,total,Tradução de conteúdo em LIBRAS,prop_0_100,prefeituras,0.0,2024
CE,2,Qualidade dos Serviços Digitais,munic/MUNIC_ACESS_NAVEGACAO,munic,MUNIC_ACESS_NAVEGACAO,total,Navegação acessível por todos os itens interativos,prop_0_100,prefeituras,100.0,2024
CE,2,Qualidade dos Serviços Digitais,munic/MUNIC_ACESS_SALTAR,munic,MUNIC_ACESS_SALTAR,total,Tecnologia assistiva para saltar itens repetitivos,prop_0_100,prefeituras,0.0,2024
CE,2,Qualidade dos Serviços Digitais,munic/MUNIC_ATEND_DISTANCIA,munic,MUNIC_ATEND_DISTANCIA,total,Serviços de atendimento ao público a distância,prop_0_100,prefeituras,100.0,2024
CE,2,Qualidade dos Serviços Digitais,munic/MUNIC_ATIV_REDES_DIVULGAR,munic,MUNIC_ATIV_REDES_DIVULGAR,total,Atividade em redes sociais — divulgar serviços/campanhas,prop_0_100,prefeituras,100.0,2024
CE,2,Qualidade dos Serviços Digitais,munic/MUNIC_ATIV_REDES_NOTICIAS,munic,MUNIC_ATIV_REDES_NOTICIAS,total,Atividade em redes sociais — postar notícias,prop_0_100,prefeituras,100.0,2024
CE,2,Qualidade dos Serviços Digitais,munic/MUNIC_ATIV_REDES_RESPOSTAS,munic,MUNIC_ATIV_REDES_RESPOSTAS,total,Atividade em redes sociais — responder comentários,prop_0_100,prefeituras,100.0,2024
CE,2,Qualidade dos Serviços Digitais,munic/MUNIC_CELULAR_APP_OUTROS,munic,MUNIC_CELULAR_APP_OUTROS,total,Aplicativos criados por outros organismos,prop_0_100,prefeituras,0.0,2024
CE,2,Qualidade dos Serviços Digitais,munic/MUNIC_CELULAR_APP_PREF,munic,MUNIC_CELULAR_APP_PREF,total,Aplicativos criados pela prefeitura,prop_0_100,prefeituras,100.0,2024
CE,2,Qualidade dos Serviços Digitais,munic/MUNIC_CELULAR_BOLETOS,munic,MUNIC_CELULAR_BOLETOS,total,Emissão de boletos ou guias de pagamento,prop_0_100,prefeituras,100.0,2024
CE,2,Qualidade dos Serviços Digitais,munic/MUNIC_CELULAR_SMS_ENVIO,munic,MUNIC_CELULAR_SMS_ENVIO,total,Envio de SMS para o cidadão,prop_0_100,prefeituras,0.0,2024
CE,2,Qualidade dos Serviços Digitais,munic/MUNIC_CELULAR_SMS_RECEB,munic,MUNIC_CELULAR_SMS_RECEB,total,Recebimento de SMS pelo cidadão,prop_0_100,prefeituras,0.0,2024
CE,2,Qualidade dos Serviços Digitais,munic/MUNIC_CELULAR_WEBSITE_MOBILE,munic,MUNIC_CELULAR_WEBSITE_MOBILE,total,Website adaptado para dispositivos móveis,prop_0_100,prefeituras,100.0,2024
CE,2,Qualidade dos Serviços Digitais,munic/MUNIC_PAGINA_INTERNET,munic,MUNIC_PAGINA_INTERNET,total,Prefeitura com página na Internet,prop_0_100,prefeituras,100.0,2024
CE,2,Qualidade dos Serviços Digitais,munic/MUNIC_REDES_SOCIAIS,munic,MUNIC_REDES_SOCIAIS,total,Prefeitura com perfil em plataformas online,prop_0_100,prefeituras,100.0,2024
CE,2,Qualidade dos Serviços Digitais,munic/MUNIC_SERV_INFO_CONCURSOS,munic,MUNIC_SERV_INFO_CONCURSOS,total,Serviço informativo — concursos públicos,prop_0_100,prefeituras,100.0,2024
CE,2,Qualidade dos Serviços Digitais,munic/MUNIC_SERV_INFO_DIARIO,munic,MUNIC_SERV_INFO_DIARIO,total,Serviço informativo — diário oficial,prop_0_100,prefeituras,100.0,2024
CE,2,Qualidade dos Serviços Digitais,munic/MUNIC_SERV_INFO_DOCUMENTOS,munic,MUNIC_SERV_INFO_DOCUMENTOS,total,Serviço informativo — acesso a documentos/formulários,prop_0_100,prefeituras,100.0,2024
CE,2,Qualidade dos Serviços Digitais,munic/MUNIC_SERV_INFO_LEGISLACAO,munic,MUNIC_SERV_INFO_LEGISLACAO,total,Serviço informativo — legislação municipal,prop_0_100,prefeituras,100.0,2024
CE,2,Qualidade dos Serviços Digitais,munic/MUNIC_SERV_INFO_LICITACOES,munic,MUNIC_SERV_INFO_LICITACOES,total,Serviço informativo — licitações,prop_0_100,prefeituras,100.0,2024
CE,2,Qualidade dos Serviços Digitais,munic/MUNIC_SERV_INFO_NOTICIAS,munic,MUNIC_SERV_INFO_NOTICIAS,total,Serviço informativo na página — notícias,prop_0_100,prefeituras,100.0,2024
CE,2,Qualidade dos Serviços Digitais,munic/MUNIC_SERV_TRANS_CERTIDAO,munic,MUNIC_SERV_TRANS_CERTIDAO,total,Serviço transacional — certidão negativa de débito,prop_0_100,prefeituras,100.0,2024
CE,2,Qualidade dos Serviços Digitais,munic/MUNIC_SERV_TRANS_DOWNLOAD,munic,MUNIC_SERV_TRANS_DOWNLOAD,total,Serviço transacional — download de documentos,prop_0_100,prefeituras,100.0,2024
CE,2,Qualidade dos Serviços Digitais,munic/MUNIC_SERV_TRANS_MATRICULA,munic,MUNIC_SERV_TRANS_MATRICULA,total,Serviço transacional — matrícula escolar online,prop_0_100,prefeituras,100.0,2024
CE,2,Qualidade dos Serviços Digitais,munic/MUNIC_SERV_TRANS_NFE,munic,MUNIC_SERV_TRANS_NFE,total,Serviço transacional — Nota Fiscal Eletrônica,prop_0_100,prefeituras,100.0,2024
CE,2,Qualidade dos Serviços Digitais,munic/MUNIC_SERV_TRANS_OUVIDORIA,munic,MUNIC_SERV_TRANS_OUVIDORIA,total,Serviço transacional — ouvidoria online,prop_0_100,prefeituras,100.0,2024
CE,2,Qualidade dos Serviços Digitais,munic/MUNIC_SERV_TRANS_PROCESSOS,munic,MUNIC_SERV_TRANS_PROCESSOS,total,Serviço transacional — consulta a processos,prop_0_100,prefeituras,100.0,2024
CE,2,Qualidade dos Serviços Digitais,munic/MUNIC_SERV_TRANS_SATISFACAO,munic,MUNIC_SERV_TRANS_SATISFACAO,total,Serviço transacional — pesquisa de satisfação,prop_0_100,prefeituras,100.0,2024
CE,2,Qualidade dos Serviços Digitais,munic/MUNIC_SERV_TRANS_SAUDE,munic,MUNIC_SERV_TRANS_SAUDE,total,Serviço transacional — agendamento consulta saúde,prop_0_100,prefeituras,0.0,2024
CE,2,Qualidade dos Serviços Digitais,munic/MUNIC_SERV_TRANS_TRIBUTOS,munic,MUNIC_SERV_TRANS_TRIBUTOS,total,Serviço transacional — guia de pagamento de tributos,prop_0_100,prefeituras,100.0,2024
CE,2,Qualidade dos Serviços Digitais,munic/MUNIC_SMART_BILHETE,munic,MUNIC_SMART_BILHETE,total,Bilhete eletrônico no transporte público,prop_0_100,prefeituras,100.0,2024
CE,2,Qualidade dos Serviços Digitais,munic/MUNIC_SMART_GPS_ONIBUS,munic,MUNIC_SMART_GPS_ONIBUS,total,Ônibus com GPS para informação ao usuário,prop_0_100,prefeituras,100.0,2024
CE,2,Qualidade dos Serviços Digitais,munic/PAGINA_POSSUI_TITULO,munic,PAGINA_POSSUI_TITULO,total,Páginas com título descritivo na aba do navegador (WCAG 2.4.2),prop_0_100,prefeituras,0.0,2024
CE,3,Identificação Única,munic/MUNIC_AUTENTICACAO,munic,MUNIC_AUTENTICACAO,total,Autenticação para acessar serviços pela internet,prop_0_100,prefeituras,100.0,2024
CE,4,Segurança e LGPD,munic/MUNIC_LGPD,munic,MUNIC_LGPD,total,Disseminação de orientações sobre LGPD na prefeitura,prop_0_100,prefeituras,0.0,2024
CE,4,Segurança e LGPD,munic/MUNIC_LGPD_CANAL_TITULAR,munic,MUNIC_LGPD_CANAL_TITULAR,total,Canal pela internet para titulares de dados (LGPD),prop_0_100,prefeituras,100.0,2024
CE,4,Segurança e LGPD,munic/MUNIC_LGPD_CAPACIT,munic,MUNIC_LGPD_CAPACIT,total,Cursos de segurança da informação e proteção de dados para servidores,prop_0_100,prefeituras,100.0,2024
CE,4,Segurança e LGPD,munic/MUNIC_LGPD_REGULAMENT,munic,MUNIC_LGPD_REGULAMENT,total,Regulamentação municipal específica sobre LGPD,prop_0_100,prefeituras,100.0,2024
CE,4,Segurança e LGPD,munic/MUNIC_LGPD_RESP,munic,MUNIC_LGPD_RESP,total,Responsável LGPD designado no município,prop_0_100,prefeituras,100.0,2024
CE,5,Dados e Interoperabilidade,munic/MUNIC_DADOS_ABERTOS,munic,MUNIC_DADOS_ABERTOS,total,Portal de dados abertos,prop_0_100,prefeituras,100.0,2024
CE,6,Infraestrutura,censo_escolar/IN_COMPUTADOR,censo_escolar,IN_COMPUTADOR,total,% escolas com computador,binario_agregar,escolas,95.19,2024
CE,6,Infraestrutura,censo_escolar/IN_INTERNET,censo_escolar,IN_INTERNET,total,% escolas com acesso à Internet,binario_agregar,escolas,98.09,2024
CE,6,Infraestrutura,censo_escolar/IN_INTERNET_ALUNOS,censo_escolar,IN_INTERNET_ALUNOS,total,% escolas com Internet para alunos,binario_agregar,escolas,48.74,2024
CE,6,Infraestrutura,censo_escolar/IN_INTERNET_APRENDIZAGEM,censo_escolar,IN_INTERNET_APRENDIZAGEM,total,% escolas com Internet para ensino,binario_agregar,escolas,65.7,2024
CE,6,Infraestrutura,censo_escolar/IN_LABORATORIO_INFORMATICA,censo_escolar,IN_LABORATORIO_INFORMATICA,total,% escolas com laboratório de informática,binario_agregar,escolas,47.59,2024
CE,6,Infraestrutura,anatel/BLM02,anatel,BLM02,total,% de domicílios cobertos por telefonia móvel,pct_meta_100,domicilios,100.0,2025
CE,6,Infraestrutura,munic/MUNIC_CPD,munic,MUNIC_CPD,total,Centro de Processamento de Dados na prefeitura,prop_0_100,prefeituras,100.0,2024
CE,6,Infraestrutura,munic/MUNIC_INCLUSAO_DIGITAL,munic,MUNIC_INCLUSAO_DIGITAL,total,Programa ou ação de inclusão digital,prop_0_100,prefeituras,100.0,2024
CE,6,Infraestrutura,munic/MUNIC_INTERNET,munic,MUNIC_INTERNET,total,Municípios com evidência afirmativa de conexão à Internet,prop_0_100,prefeituras,100.0,2024
CE,6,Infraestrutura,munic/MUNIC_SMART_CENTRO_CONTROLE,munic,MUNIC_SMART_CENTRO_CONTROLE,total,Centro de controle operacional,prop_0_100,prefeituras,100.0,2024
CE,6,Infraestrutura,munic/MUNIC_SMART_ILUMINACAO,munic,MUNIC_SMART_ILUMINACAO,total,Iluminação inteligente com medição de consumo,prop_0_100,prefeituras,0.0,2024
CE,6,Infraestrutura,munic/MUNIC_SMART_SEMAFOROS,munic,MUNIC_SMART_SEMAFOROS,total,Semáforos inteligentes controlados a distância,prop_0_100,prefeituras,100.0,2024
CE,6,Infraestrutura,munic/MUNIC_SMART_SENSORES,munic,MUNIC_SMART_SENSORES,total,Sensores para monitoramento de áreas de risco,prop_0_100,prefeituras,0.0,2024
CE,6,Infraestrutura,munic/MUNIC_WIFI_PUBLICO,munic,MUNIC_WIFI_PUBLICO,total,Acesso público à Internet (Wi-Fi) pela prefeitura,prop_0_100,prefeituras,100.0,2024
CE,9,Transparência e Participação,munic/MUNIC_ATIV_REDES_CONSULTA,munic,MUNIC_ATIV_REDES_CONSULTA,total,Atividade em redes sociais — consulta pública/enquete,prop_0_100,prefeituras,0.0,2024
CE,9,Transparência e Participação,munic/MUNIC_CONSELHO_TRANSP,munic,MUNIC_CONSELHO_TRANSP,total,Existência de Conselho Municipal de Transparência,prop_0_100,prefeituras,0.0,2024
CE,9,Transparência e Participação,munic/MUNIC_LAI,munic,MUNIC_LAI,total,Disseminação de orientações sobre LAI na prefeitura,prop_0_100,prefeituras,0.0,2024
CE,9,Transparência e Participação,munic/MUNIC_LAI_LEI,munic,MUNIC_LAI_LEI,total,Legislação municipal específica sobre LAI,prop_0_100,prefeituras,100.0,2024
CE,9,Transparência e Participação,munic/MUNIC_LAI_PUBLICA_PR,munic,MUNIC_LAI_PUBLICA_PR,total,Publicação de perguntas e respostas feitas pela LAI,prop_0_100,prefeituras,0.0,2024
CE,9,Transparência e Participação,munic/MUNIC_LAI_SOLICITACOES,munic,MUNIC_LAI_SOLICITACOES,total,Solicitações de acesso à informação recebidas em 2023,prop_0_100,prefeituras,100.0,2024
CE,9,Transparência e Participação,munic/MUNIC_PARTICIPACAO,munic,MUNIC_PARTICIPACAO,total,Participação do cidadão pela internet,prop_0_100,prefeituras,100.0,2024
CE,9,Transparência e Participação,munic/MUNIC_PORTAL_TRANSP,munic,MUNIC_PORTAL_TRANSP,total,Portal da transparência,prop_0_100,prefeituras,100.0,2024
CE,9,Transparência e Participação,munic/MUNIC_SERV_INFO_FINANCAS,munic,MUNIC_SERV_INFO_FINANCAS,total,Serviço informativo — finanças públicas,prop_0_100,prefeituras,100.0,2024
RN,1,Governança do Governo Digital,munic/MUNIC_TI_ESTRUTURA,munic,MUNIC_TI_ESTRUTURA,total,Estrutura organizacional de TI na prefeitura,prop_0_100,prefeituras,100.0,2024
RN,2,Qualidade dos Serviços Digitais,munic/MUNIC_ACESS_IMAGENS,munic,MUNIC_ACESS_IMAGENS,total,Descrição do conteúdo das imagens,prop_0_100,prefeituras,0.0,2024
RN,2,Qualidade dos Serviços Digitais,munic/MUNIC_ACESS_LIBRAS,munic,MUNIC_ACESS_LIBRAS,total,Tradução de conteúdo em LIBRAS,prop_0_100,prefeituras,100.0,2024
RN,2,Qualidade dos Serviços Digitais,munic/MUNIC_ACESS_NAVEGACAO,munic,MUNIC_ACESS_NAVEGACAO,total,Navegação acessível por todos os itens interativos,prop_0_100,prefeituras,100.0,2024
RN,2,Qualidade dos Serviços Digitais,munic/MUNIC_ACESS_SALTAR,munic,MUNIC_ACESS_SALTAR,total,Tecnologia assistiva para saltar itens repetitivos,prop_0_100,prefeituras,0.0,2024
RN,2,Qualidade dos Serviços Digitais,munic/MUNIC_ATEND_DISTANCIA,munic,MUNIC_ATEND_DISTANCIA,total,Serviços de atendimento ao público a distância,prop_0_100,prefeituras,100.0,2024
RN,2,Qualidade dos Serviços Digitais,munic/MUNIC_ATIV_REDES_DIVULGAR,munic,MUNIC_ATIV_REDES_DIVULGAR,total,Atividade em redes sociais — divulgar serviços/campanhas,prop_0_100,prefeituras,100.0,2024
RN,2,Qualidade dos Serviços Digitais,munic/MUNIC_ATIV_REDES_NOTICIAS,munic,MUNIC_ATIV_REDES_NOTICIAS,total,Atividade em redes sociais — postar notícias,prop_0_100,prefeituras,100.0,2024
RN,2,Qualidade dos Serviços Digitais,munic/MUNIC_ATIV_REDES_RESPOSTAS,munic,MUNIC_ATIV_REDES_RESPOSTAS,total,Atividade em redes sociais — responder comentários,prop_0_100,prefeituras,100.0,2024
RN,2,Qualidade dos Serviços Digitais,munic/MUNIC_CELULAR_APP_OUTROS,munic,MUNIC_CELULAR_APP_OUTROS,total,Aplicativos criados por outros organismos,prop_0_100,prefeituras,100.0,2024
RN,2,Qualidade dos Serviços Digitais,munic/MUNIC_CELULAR_APP_PREF,munic,MUNIC_CELULAR_APP_PREF,total,Aplicativos criados pela prefeitura,prop_0_100,prefeituras,0.0,2024
RN,2,Qualidade dos Serviços Digitais,munic/MUNIC_CELULAR_BOLETOS,munic,MUNIC_CELULAR_BOLETOS,total,Emissão de boletos ou guias de pagamento,prop_0_100,prefeituras,100.0,2024
RN,2,Qualidade dos Serviços Digitais,munic/MUNIC_CELULAR_SMS_ENVIO,munic,MUNIC_CELULAR_SMS_ENVIO,total,Envio de SMS para o cidadão,prop_0_100,prefeituras,0.0,2024
RN,2,Qualidade dos Serviços Digitais,munic/MUNIC_CELULAR_SMS_RECEB,munic,MUNIC_CELULAR_SMS_RECEB,total,Recebimento de SMS pelo cidadão,prop_0_100,prefeituras,0.0,2024
RN,2,Qualidade dos Serviços Digitais,munic/MUNIC_CELULAR_WEBSITE_MOBILE,munic,MUNIC_CELULAR_WEBSITE_MOBILE,total,Website adaptado para dispositivos móveis,prop_0_100,prefeituras,100.0,2024
RN,2,Qualidade dos Serviços Digitais,munic/MUNIC_PAGINA_INTERNET,munic,MUNIC_PAGINA_INTERNET,total,Prefeitura com página na Internet,prop_0_100,prefeituras,100.0,2024
RN,2,Qualidade dos Serviços Digitais,munic/MUNIC_REDES_SOCIAIS,munic,MUNIC_REDES_SOCIAIS,total,Prefeitura com perfil em plataformas online,prop_0_100,prefeituras,100.0,2024
RN,2,Qualidade dos Serviços Digitais,munic/MUNIC_SERV_INFO_CONCURSOS,munic,MUNIC_SERV_INFO_CONCURSOS,total,Serviço informativo — concursos públicos,prop_0_100,prefeituras,100.0,2024
RN,2,Qualidade dos Serviços Digitais,munic/MUNIC_SERV_INFO_DIARIO,munic,MUNIC_SERV_INFO_DIARIO,total,Serviço informativo — diário oficial,prop_0_100,prefeituras,100.0,2024
RN,2,Qualidade dos Serviços Digitais,munic/MUNIC_SERV_INFO_DOCUMENTOS,munic,MUNIC_SERV_INFO_DOCUMENTOS,total,Serviço informativo — acesso a documentos/formulários,prop_0_100,prefeituras,100.0,2024
RN,2,Qualidade dos Serviços Digitais,munic/MUNIC_SERV_INFO_LEGISLACAO,munic,MUNIC_SERV_INFO_LEGISLACAO,total,Serviço informativo — legislação municipal,prop_0_100,prefeituras,100.0,2024
RN,2,Qualidade dos Serviços Digitais,munic/MUNIC_SERV_INFO_LICITACOES,munic,MUNIC_SERV_INFO_LICITACOES,total,Serviço informativo — licitações,prop_0_100,prefeituras,100.0,2024
RN,2,Qualidade dos Serviços Digitais,munic/MUNIC_SERV_INFO_NOTICIAS,munic,MUNIC_SERV_INFO_NOTICIAS,total,Serviço informativo na página — notícias,prop_0_100,prefeituras,100.0,2024
RN,2,Qualidade dos Serviços Digitais,munic/MUNIC_SERV_TRANS_CERTIDAO,munic,MUNIC_SERV_TRANS_CERTIDAO,total,Serviço transacional — certidão negativa de débito,prop_0_100,prefeituras,100.0,2024
RN,2,Qualidade dos Serviços Digitais,munic/MUNIC_SERV_TRANS_DOWNLOAD,munic,MUNIC_SERV_TRANS_DOWNLOAD,total,Serviço transacional — download de documentos,prop_0_100,prefeituras,100.0,2024
RN,2,Qualidade dos Serviços Digitais,munic/MUNIC_SERV_TRANS_MATRICULA,munic,MUNIC_SERV_TRANS_MATRICULA,total,Serviço transacional — matrícula escolar online,prop_0_100,prefeituras,100.0,2024
RN,2,Qualidade dos Serviços Digitais,munic/MUNIC_SERV_TRANS_NFE,munic,MUNIC_SERV_TRANS_NFE,total,Serviço transacional — Nota Fiscal Eletrônica,prop_0_100,prefeituras,100.0,2024
RN,2,Qualidade dos Serviços Digitais,munic/MUNIC_SERV_TRANS_OUVIDORIA,munic,MUNIC_SERV_TRANS_OUVIDORIA,total,Serviço transacional — ouvidoria online,prop_0_100,prefeituras,100.0,2024
RN,2,Qualidade dos Serviços Digitais,munic/MUNIC_SERV_TRANS_PROCESSOS,munic,MUNIC_SERV_TRANS_PROCESSOS,total,Serviço transacional — consulta a processos,prop_0_100,prefeituras,100.0,2024
RN,2,Qualidade dos Serviços Digitais,munic/MUNIC_SERV_TRANS_SATISFACAO,munic,MUNIC_SERV_TRANS_SATISFACAO,total,Serviço transacional — pesquisa de satisfação,prop_0_100,prefeituras,0.0,2024
RN,2,Qualidade dos Serviços Digitais,munic/MUNIC_SERV_TRANS_SAUDE,munic,MUNIC_SERV_TRANS_SAUDE,total,Serviço transacional — agendamento consulta saúde,prop_0_100,prefeituras,0.0,2024
RN,2,Qualidade dos Serviços Digitais,munic/MUNIC_SERV_TRANS_TRIBUTOS,munic,MUNIC_SERV_TRANS_TRIBUTOS,total,Serviço transacional — guia de pagamento de tributos,prop_0_100,prefeituras,100.0,2024
RN,2,Qualidade dos Serviços Digitais,munic/MUNIC_SMART_BILHETE,munic,MUNIC_SMART_BILHETE,total,Bilhete eletrônico no transporte público,prop_0_100,prefeituras,100.0,2024
RN,2,Qualidade dos Serviços Digitais,munic/MUNIC_SMART_GPS_ONIBUS,munic,MUNIC_SMART_GPS_ONIBUS,total,Ônibus com GPS para informação ao usuário,prop_0_100,prefeituras,100.0,2024
RN,2,Qualidade dos Serviços Digitais,munic/PAGINA_POSSUI_TITULO,munic,PAGINA_POSSUI_TITULO,total,Páginas com título descritivo na aba do navegador (WCAG 2.4.2),prop_0_100,prefeituras,100.0,2024
RN,3,Identificação Única,munic/MUNIC_AUTENTICACAO,munic,MUNIC_AUTENTICACAO,total,Autenticação para acessar serviços pela internet,prop_0_100,prefeituras,100.0,2024
RN,4,Segurança e LGPD,munic/MUNIC_LGPD,munic,MUNIC_LGPD,total,Disseminação de orientações sobre LGPD na prefeitura,prop_0_100,prefeituras,0.0,2024
RN,4,Segurança e LGPD,munic/MUNIC_LGPD_CANAL_TITULAR,munic,MUNIC_LGPD_CANAL_TITULAR,total,Canal pela internet para titulares de dados (LGPD),prop_0_100,prefeituras,0.0,2024
RN,4,Segurança e LGPD,munic/MUNIC_LGPD_CAPACIT,munic,MUNIC_LGPD_CAPACIT,total,Cursos de segurança da informação e proteção de dados para servidores,prop_0_100,prefeituras,0.0,2024
RN,4,Segurança e LGPD,munic/MUNIC_LGPD_REGULAMENT,munic,MUNIC_LGPD_REGULAMENT,total,Regulamentação municipal específica sobre LGPD,prop_0_100,prefeituras,100.0,2024
RN,4,Segurança e LGPD,munic/MUNIC_LGPD_RESP,munic,MUNIC_LGPD_RESP,total,Responsável LGPD designado no município,prop_0_100,prefeituras,0.0,2024
RN,5,Dados e Interoperabilidade,munic/MUNIC_DADOS_ABERTOS,munic,MUNIC_DADOS_ABERTOS,total,Portal de dados abertos,prop_0_100,prefeituras,100.0,2024
RN,6,Infraestrutura,censo_escolar/IN_COMPUTADOR,censo_escolar,IN_COMPUTADOR,total,% escolas com computador,binario_agregar,escolas,92.07,2024
RN,6,Infraestrutura,censo_escolar/IN_INTERNET,censo_escolar,IN_INTERNET,total,% escolas com acesso à Internet,binario_agregar,escolas,98.98,2024
RN,6,Infraestrutura,censo_escolar/IN_INTERNET_ALUNOS,censo_escolar,IN_INTERNET_ALUNOS,total,% escolas com Internet para alunos,binario_agregar,escolas,55.69,2024
RN,6,Infraestrutura,censo_escolar/IN_INTERNET_APRENDIZAGEM,censo_escolar,IN_INTERNET_APRENDIZAGEM,total,% escolas com Internet para ensino,binario_agregar,escolas,73.78,2024
RN,6,Infraestrutura,censo_escolar/IN_LABORATORIO_INFORMATICA,censo_escolar,IN_LABORATORIO_INFORMATICA,total,% escolas com laboratório de informática,binario_agregar,escolas,40.45,2024
RN,6,Infraestrutura,anatel/BLM02,anatel,BLM02,total,% de domicílios cobertos por telefonia móvel,pct_meta_100,domicilios,100.0,2025
RN,6,Infraestrutura,munic/MUNIC_CPD,munic,MUNIC_CPD,total,Centro de Processamento de Dados na prefeitura,prop_0_100,prefeituras,100.0,2024
RN,6,Infraestrutura,munic/MUNIC_INCLUSAO_DIGITAL,munic,MUNIC_INCLUSAO_DIGITAL,total,Programa ou ação de inclusão digital,prop_0_100,prefeituras,100.0,2024
RN,6,Infraestrutura,munic/MUNIC_INTERNET,munic,MUNIC_INTERNET,total,Municípios com evidência afirmativa de conexão à Internet,prop_0_100,prefeituras,100.0,2024
RN,6,Infraestrutura,munic/MUNIC_SMART_CENTRO_CONTROLE,munic,MUNIC_SMART_CENTRO_CONTROLE,total,Centro de controle operacional,prop_0_100,prefeituras,100.0,2024
RN,6,Infraestrutura,munic/MUNIC_SMART_ILUMINACAO,munic,MUNIC_SMART_ILUMINACAO,total,Iluminação inteligente com medição de consumo,prop_0_100,prefeituras,0.0,2024
RN,6,Infraestrutura,munic/MUNIC_SMART_SEMAFOROS,munic,MUNIC_SMART_SEMAFOROS,total,Semáforos inteligentes controlados a distância,prop_0_100,prefeituras,100.0,2024
RN,6,Infraestrutura,munic/MUNIC_SMART_SENSORES,munic,MUNIC_SMART_SENSORES,total,Sensores para monitoramento de áreas de risco,prop_0_100,prefeituras,0.0,2024
RN,6,Infraestrutura,munic/MUNIC_WIFI_PUBLICO,munic,MUNIC_WIFI_PUBLICO,total,Acesso público à Internet (Wi-Fi) pela prefeitura,prop_0_100,prefeituras,100.0,2024
RN,9,Transparência e Participação,munic/MUNIC_ATIV_REDES_CONSULTA,munic,MUNIC_ATIV_REDES_CONSULTA,total,Atividade em redes sociais — consulta pública/enquete,prop_0_100,prefeituras,0.0,2024
RN,9,Transparência e Participação,munic/MUNIC_CONSELHO_TRANSP,munic,MUNIC_CONSELHO_TRANSP,total,Existência de Conselho Municipal de Transparência,prop_0_100,prefeituras,0.0,2024
RN,9,Transparência e Participação,munic/MUNIC_LAI,munic,MUNIC_LAI,total,Disseminação de orientações sobre LAI na prefeitura,prop_0_100,prefeituras,0.0,2024
RN,9,Transparência e Participação,munic/MUNIC_LAI_LEI,munic,MUNIC_LAI_LEI,total,Legislação municipal específica sobre LAI,prop_0_100,prefeituras,100.0,2024
RN,9,Transparência e Participação,munic/MUNIC_LAI_PUBLICA_PR,munic,MUNIC_LAI_PUBLICA_PR,total,Publicação de perguntas e respostas feitas pela LAI,prop_0_100,prefeituras,50.0,2024
RN,9,Transparência e Participação,munic/MUNIC_LAI_SOLICITACOES,munic,MUNIC_LAI_SOLICITACOES,total,Solicitações de acesso à informação recebidas em 2023,prop_0_100,prefeituras,100.0,2024
RN,9,Transparência e Participação,munic/MUNIC_PARTICIPACAO,munic,MUNIC_PARTICIPACAO,total,Participação do cidadão pela internet,prop_0_100,prefeituras,100.0,2024
RN,9,Transparência e Participação,munic/MUNIC_PORTAL_TRANSP,munic,MUNIC_PORTAL_TRANSP,total,Portal da transparência,prop_0_100,prefeituras,100.0,2024
RN,9,Transparência e Participação,munic/MUNIC_SERV_INFO_FINANCAS,munic,MUNIC_SERV_INFO_FINANCAS,total,Serviço informativo — finanças públicas,prop_0_100,prefeituras,100.0,2024
PB,1,Governança do Governo Digital,munic/MUNIC_TI_ESTRUTURA,munic,MUNIC_TI_ESTRUTURA,total,Estrutura organizacional de TI na prefeitura,prop_0_100,prefeituras,100.0,2024
PB,2,Qualidade dos Serviços Digitais,munic/MUNIC_ACESS_IMAGENS,munic,MUNIC_ACESS_IMAGENS,total,Descrição do conteúdo das imagens,prop_0_100,prefeituras,0.0,2024
PB,2,Qualidade dos Serviços Digitais,munic/MUNIC_ACESS_LIBRAS,munic,MUNIC_ACESS_LIBRAS,total,Tradução de conteúdo em LIBRAS,prop_0_100,prefeituras,0.0,2024
PB,2,Qualidade dos Serviços Digitais,munic/MUNIC_ACESS_NAVEGACAO,munic,MUNIC_ACESS_NAVEGACAO,total,Navegação acessível por todos os itens interativos,prop_0_100,prefeituras,100.0,2024
PB,2,Qualidade dos Serviços Digitais,munic/MUNIC_ACESS_SALTAR,munic,MUNIC_ACESS_SALTAR,total,Tecnologia assistiva para saltar itens repetitivos,prop_0_100,prefeituras,0.0,2024
PB,2,Qualidade dos Serviços Digitais,munic/MUNIC_ATEND_DISTANCIA,munic,MUNIC_ATEND_DISTANCIA,total,Serviços de atendimento ao público a distância,prop_0_100,prefeituras,100.0,2024
PB,2,Qualidade dos Serviços Digitais,munic/MUNIC_ATIV_REDES_DIVULGAR,munic,MUNIC_ATIV_REDES_DIVULGAR,total,Atividade em redes sociais — divulgar serviços/campanhas,prop_0_100,prefeituras,100.0,2024
PB,2,Qualidade dos Serviços Digitais,munic/MUNIC_ATIV_REDES_NOTICIAS,munic,MUNIC_ATIV_REDES_NOTICIAS,total,Atividade em redes sociais — postar notícias,prop_0_100,prefeituras,100.0,2024
PB,2,Qualidade dos Serviços Digitais,munic/MUNIC_ATIV_REDES_RESPOSTAS,munic,MUNIC_ATIV_REDES_RESPOSTAS,total,Atividade em redes sociais — responder comentários,prop_0_100,prefeituras,100.0,2024
PB,2,Qualidade dos Serviços Digitais,munic/MUNIC_CELULAR_APP_OUTROS,munic,MUNIC_CELULAR_APP_OUTROS,total,Aplicativos criados por outros organismos,prop_0_100,prefeituras,100.0,2024
PB,2,Qualidade dos Serviços Digitais,munic/MUNIC_CELULAR_APP_PREF,munic,MUNIC_CELULAR_APP_PREF,total,Aplicativos criados pela prefeitura,prop_0_100,prefeituras,100.0,2024
PB,2,Qualidade dos Serviços Digitais,munic/MUNIC_CELULAR_BOLETOS,munic,MUNIC_CELULAR_BOLETOS,total,Emissão de boletos ou guias de pagamento,prop_0_100,prefeituras,100.0,2024
PB,2,Qualidade dos Serviços Digitais,munic/MUNIC_CELULAR_SMS_ENVIO,munic,MUNIC_CELULAR_SMS_ENVIO,total,Envio de SMS para o cidadão,prop_0_100,prefeituras,100.0,2024
PB,2,Qualidade dos Serviços Digitais,munic/MUNIC_CELULAR_SMS_RECEB,munic,MUNIC_CELULAR_SMS_RECEB,total,Recebimento de SMS pelo cidadão,prop_0_100,prefeituras,0.0,2024
PB,2,Qualidade dos Serviços Digitais,munic/MUNIC_CELULAR_WEBSITE_MOBILE,munic,MUNIC_CELULAR_WEBSITE_MOBILE,total,Website adaptado para dispositivos móveis,prop_0_100,prefeituras,100.0,2024
PB,2,Qualidade dos Serviços Digitais,munic/MUNIC_PAGINA_INTERNET,munic,MUNIC_PAGINA_INTERNET,total,Prefeitura com página na Internet,prop_0_100,prefeituras,100.0,2024
PB,2,Qualidade dos Serviços Digitais,munic/MUNIC_REDES_SOCIAIS,munic,MUNIC_REDES_SOCIAIS,total,Prefeitura com perfil em plataformas online,prop_0_100,prefeituras,100.0,2024
PB,2,Qualidade dos Serviços Digitais,munic/MUNIC_SERV_INFO_CONCURSOS,munic,MUNIC_SERV_INFO_CONCURSOS,total,Serviço informativo — concursos públicos,prop_0_100,prefeituras,100.0,2024
PB,2,Qualidade dos Serviços Digitais,munic/MUNIC_SERV_INFO_DIARIO,munic,MUNIC_SERV_INFO_DIARIO,total,Serviço informativo — diário oficial,prop_0_100,prefeituras,100.0,2024
PB,2,Qualidade dos Serviços Digitais,munic/MUNIC_SERV_INFO_DOCUMENTOS,munic,MUNIC_SERV_INFO_DOCUMENTOS,total,Serviço informativo — acesso a documentos/formulários,prop_0_100,prefeituras,100.0,2024
PB,2,Qualidade dos Serviços Digitais,munic/MUNIC_SERV_INFO_LEGISLACAO,munic,MUNIC_SERV_INFO_LEGISLACAO,total,Serviço informativo — legislação municipal,prop_0_100,prefeituras,100.0,2024
PB,2,Qualidade dos Serviços Digitais,munic/MUNIC_SERV_INFO_LICITACOES,munic,MUNIC_SERV_INFO_LICITACOES,total,Serviço informativo — licitações,prop_0_100,prefeituras,100.0,2024
PB,2,Qualidade dos Serviços Digitais,munic/MUNIC_SERV_INFO_NOTICIAS,munic,MUNIC_SERV_INFO_NOTICIAS,total,Serviço informativo na página — notícias,prop_0_100,prefeituras,100.0,2024
PB,2,Qualidade dos Serviços Digitais,munic/MUNIC_SERV_TRANS_CERTIDAO,munic,MUNIC_SERV_TRANS_CERTIDAO,total,Serviço transacional — certidão negativa de débito,prop_0_100,prefeituras,100.0,2024
PB,2,Qualidade dos Serviços Digitais,munic/MUNIC_SERV_TRANS_DOWNLOAD,munic,MUNIC_SERV_TRANS_DOWNLOAD,total,Serviço transacional — download de documentos,prop_0_100,prefeituras,100.0,2024
PB,2,Qualidade dos Serviços Digitais,munic/MUNIC_SERV_TRANS_MATRICULA,munic,MUNIC_SERV_TRANS_MATRICULA,total,Serviço transacional — matrícula escolar online,prop_0_100,prefeituras,100.0,2024
PB,2,Qualidade dos Serviços Digitais,munic/MUNIC_SERV_TRANS_NFE,munic,MUNIC_SERV_TRANS_NFE,total,Serviço transacional — Nota Fiscal Eletrônica,prop_0_100,prefeituras,100.0,2024
PB,2,Qualidade dos Serviços Digitais,munic/MUNIC_SERV_TRANS_OUVIDORIA,munic,MUNIC_SERV_TRANS_OUVIDORIA,total,Serviço transacional — ouvidoria online,prop_0_100,prefeituras,100.0,2024
PB,2,Qualidade dos Serviços Digitais,munic/MUNIC_SERV_TRANS_PROCESSOS,munic,MUNIC_SERV_TRANS_PROCESSOS,total,Serviço transacional — consulta a processos,prop_0_100,prefeituras,100.0,2024
PB,2,Qualidade dos Serviços Digitais,munic/MUNIC_SERV_TRANS_SATISFACAO,munic,MUNIC_SERV_TRANS_SATISFACAO,total,Serviço transacional — pesquisa de satisfação,prop_0_100,prefeituras,100.0,2024
PB,2,Qualidade dos Serviços Digitais,munic/MUNIC_SERV_TRANS_SAUDE,munic,MUNIC_SERV_TRANS_SAUDE,total,Serviço transacional — agendamento consulta saúde,prop_0_100,prefeituras,100.0,2024
PB,2,Qualidade dos Serviços Digitais,munic/MUNIC_SERV_TRANS_TRIBUTOS,munic,MUNIC_SERV_TRANS_TRIBUTOS,total,Serviço transacional — guia de pagamento de tributos,prop_0_100,prefeituras,100.0,2024
PB,2,Qualidade dos Serviços Digitais,munic/MUNIC_SMART_BILHETE,munic,MUNIC_SMART_BILHETE,total,Bilhete eletrônico no transporte público,prop_0_100,prefeituras,100.0,2024
PB,2,Qualidade dos Serviços Digitais,munic/MUNIC_SMART_GPS_ONIBUS,munic,MUNIC_SMART_GPS_ONIBUS,total,Ônibus com GPS para informação ao usuário,prop_0_100,prefeituras,100.0,2024
PB,2,Qualidade dos Serviços Digitais,munic/PAGINA_POSSUI_TITULO,munic,PAGINA_POSSUI_TITULO,total,Páginas com título descritivo na aba do navegador (WCAG 2.4.2),prop_0_100,prefeituras,100.0,2024
PB,3,Identificação Única,munic/MUNIC_AUTENTICACAO,munic,MUNIC_AUTENTICACAO,total,Autenticação para acessar serviços pela internet,prop_0_100,prefeituras,100.0,2024
PB,4,Segurança e LGPD,munic/MUNIC_LGPD,munic,MUNIC_LGPD,total,Disseminação de orientações sobre LGPD na prefeitura,prop_0_100,prefeituras,100.0,2024
PB,4,Segurança e LGPD,munic/MUNIC_LGPD_CANAL_TITULAR,munic,MUNIC_LGPD_CANAL_TITULAR,total,Canal pela internet para titulares de dados (LGPD),prop_0_100,prefeituras,0.0,2024
PB,4,Segurança e LGPD,munic/MUNIC_LGPD_CAPACIT,munic,MUNIC_LGPD_CAPACIT,total,Cursos de segurança da informação e proteção de dados para servidores,prop_0_100,prefeituras,100.0,2024
PB,4,Segurança e LGPD,munic/MUNIC_LGPD_REGULAMENT,munic,MUNIC_LGPD_REGULAMENT,total,Regulamentação municipal específica sobre LGPD,prop_0_100,prefeituras,100.0,2024
PB,4,Segurança e LGPD,munic/MUNIC_LGPD_RESP,munic,MUNIC_LGPD_RESP,total,Responsável LGPD designado no município,prop_0_100,prefeituras,0.0,2024
PB,5,Dados e Interoperabilidade,munic/MUNIC_DADOS_ABERTOS,munic,MUNIC_DADOS_ABERTOS,total,Portal de dados abertos,prop_0_100,prefeituras,100.0,2024
PB,6,Infraestrutura,censo_escolar/IN_COMPUTADOR,censo_escolar,IN_COMPUTADOR,total,% escolas com computador,binario_agregar,escolas,97.15,2024
PB,6,Infraestrutura,censo_escolar/IN_INTERNET,censo_escolar,IN_INTERNET,total,% escolas com acesso à Internet,binario_agregar,escolas,99.39,2024
PB,6,Infraestrutura,censo_escolar/IN_INTERNET_ALUNOS,censo_escolar,IN_INTERNET_ALUNOS,total,% escolas com Internet para alunos,binario_agregar,escolas,41.87,2024
PB,6,Infraestrutura,censo_escolar/IN_INTERNET_APRENDIZAGEM,censo_escolar,IN_INTERNET_APRENDIZAGEM,total,% escolas com Internet para ensino,binario_agregar,escolas,59.96,2024
PB,6,Infraestrutura,censo_escolar/IN_LABORATORIO_INFORMATICA,censo_escolar,IN_LABORATORIO_INFORMATICA,total,% escolas com laboratório de informática,binario_agregar,escolas,37.6,2024
PB,6,Infraestrutura,anatel/BLM02,anatel,BLM02,total,% de domicílios cobertos por telefonia móvel,pct_meta_100,domicilios,100.0,2025
PB,6,Infraestrutura,munic/MUNIC_CPD,munic,MUNIC_CPD,total,Centro de Processamento de Dados na prefeitura,prop_0_100,prefeituras,100.0,2024
PB,6,Infraestrutura,munic/MUNIC_INCLUSAO_DIGITAL,munic,MUNIC_INCLUSAO_DIGITAL,total,Programa ou ação de inclusão digital,prop_0_100,prefeituras,100.0,2024
PB,6,Infraestrutura,munic/MUNIC_INTERNET,munic,MUNIC_INTERNET,total,Municípios com evidência afirmativa de conexão à Internet,prop_0_100,prefeituras,100.0,2024
PB,6,Infraestrutura,munic/MUNIC_SMART_CENTRO_CONTROLE,munic,MUNIC_SMART_CENTRO_CONTROLE,total,Centro de controle operacional,prop_0_100,prefeituras,100.0,2024
PB,6,Infraestrutura,munic/MUNIC_SMART_ILUMINACAO,munic,MUNIC_SMART_ILUMINACAO,total,Iluminação inteligente com medição de consumo,prop_0_100,prefeituras,0.0,2024
PB,6,Infraestrutura,munic/MUNIC_SMART_SEMAFOROS,munic,MUNIC_SMART_SEMAFOROS,total,Semáforos inteligentes controlados a distância,prop_0_100,prefeituras,0.0,2024
PB,6,Infraestrutura,munic/MUNIC_SMART_SENSORES,munic,MUNIC_SMART_SENSORES,total,Sensores para monitoramento de áreas de risco,prop_0_100,prefeituras,0.0,2024
PB,6,Infraestrutura,munic/MUNIC_WIFI_PUBLICO,munic,MUNIC_WIFI_PUBLICO,total,Acesso público à Internet (Wi-Fi) pela prefeitura,prop_0_100,prefeituras,100.0,2024
PB,9,Transparência e Participação,munic/MUNIC_ATIV_REDES_CONSULTA,munic,MUNIC_ATIV_REDES_CONSULTA,total,Atividade em redes sociais — consulta pública/enquete,prop_0_100,prefeituras,100.0,2024
PB,9,Transparência e Participação,munic/MUNIC_CONSELHO_TRANSP,munic,MUNIC_CONSELHO_TRANSP,total,Existência de Conselho Municipal de Transparência,prop_0_100,prefeituras,100.0,2024
PB,9,Transparência e Participação,munic/MUNIC_LAI,munic,MUNIC_LAI,total,Disseminação de orientações sobre LAI na prefeitura,prop_0_100,prefeituras,100.0,2024
PB,9,Transparência e Participação,munic/MUNIC_LAI_LEI,munic,MUNIC_LAI_LEI,total,Legislação municipal específica sobre LAI,prop_0_100,prefeituras,100.0,2024
PB,9,Transparência e Participação,munic/MUNIC_LAI_PUBLICA_PR,munic,MUNIC_LAI_PUBLICA_PR,total,Publicação de perguntas e respostas feitas pela LAI,prop_0_100,prefeituras,0.0,2024
PB,9,Transparência e Participação,munic/MUNIC_LAI_SOLICITACOES,munic,MUNIC_LAI_SOLICITACOES,total,Solicitações de acesso à informação recebidas em 2023,prop_0_100,prefeituras,100.0,2024
PB,9,Transparência e Participação,munic/MUNIC_PARTICIPACAO,munic,MUNIC_PARTICIPACAO,total,Participação do cidadão pela internet,prop_0_100,prefeituras,100.0,2024
PB,9,Transparência e Participação,munic/MUNIC_PORTAL_TRANSP,munic,MUNIC_PORTAL_TRANSP,total,Portal da transparência,prop_0_100,prefeituras,100.0,2024
PB,9,Transparência e Participação,munic/MUNIC_SERV_INFO_FINANCAS,munic,MUNIC_SERV_INFO_FINANCAS,total,Serviço informativo — finanças públicas,prop_0_100,prefeituras,100.0,2024
PE,1,Governança do Governo Digital,munic/MUNIC_TI_ESTRUTURA,munic,MUNIC_TI_ESTRUTURA,total,Estrutura organizacional de TI na prefeitura,prop_0_100,prefeituras,100.0,2024
PE,2,Qualidade dos Serviços Digitais,munic/MUNIC_ACESS_IMAGENS,munic,MUNIC_ACESS_IMAGENS,total,Descrição do conteúdo das imagens,prop_0_100,prefeituras,100.0,2024
PE,2,Qualidade dos Serviços Digitais,munic/MUNIC_ACESS_LIBRAS,munic,MUNIC_ACESS_LIBRAS,total,Tradução de conteúdo em LIBRAS,prop_0_100,prefeituras,100.0,2024
PE,2,Qualidade dos Serviços Digitais,munic/MUNIC_ACESS_NAVEGACAO,munic,MUNIC_ACESS_NAVEGACAO,total,Navegação acessível por todos os itens interativos,prop_0_100,prefeituras,100.0,2024
PE,2,Qualidade dos Serviços Digitais,munic/MUNIC_ACESS_SALTAR,munic,MUNIC_ACESS_SALTAR,total,Tecnologia assistiva para saltar itens repetitivos,prop_0_100,prefeituras,0.0,2024
PE,2,Qualidade dos Serviços Digitais,munic/MUNIC_ATEND_DISTANCIA,munic,MUNIC_ATEND_DISTANCIA,total,Serviços de atendimento ao público a distância,prop_0_100,prefeituras,100.0,2024
PE,2,Qualidade dos Serviços Digitais,munic/MUNIC_ATIV_REDES_DIVULGAR,munic,MUNIC_ATIV_REDES_DIVULGAR,total,Atividade em redes sociais — divulgar serviços/campanhas,prop_0_100,prefeituras,100.0,2024
PE,2,Qualidade dos Serviços Digitais,munic/MUNIC_ATIV_REDES_NOTICIAS,munic,MUNIC_ATIV_REDES_NOTICIAS,total,Atividade em redes sociais — postar notícias,prop_0_100,prefeituras,100.0,2024
PE,2,Qualidade dos Serviços Digitais,munic/MUNIC_ATIV_REDES_RESPOSTAS,munic,MUNIC_ATIV_REDES_RESPOSTAS,total,Atividade em redes sociais — responder comentários,prop_0_100,prefeituras,100.0,2024
PE,2,Qualidade dos Serviços Digitais,munic/MUNIC_CELULAR_APP_OUTROS,munic,MUNIC_CELULAR_APP_OUTROS,total,Aplicativos criados por outros organismos,prop_0_100,prefeituras,0.0,2024
PE,2,Qualidade dos Serviços Digitais,munic/MUNIC_CELULAR_APP_PREF,munic,MUNIC_CELULAR_APP_PREF,total,Aplicativos criados pela prefeitura,prop_0_100,prefeituras,100.0,2024
PE,2,Qualidade dos Serviços Digitais,munic/MUNIC_CELULAR_BOLETOS,munic,MUNIC_CELULAR_BOLETOS,total,Emissão de boletos ou guias de pagamento,prop_0_100,prefeituras,100.0,2024
PE,2,Qualidade dos Serviços Digitais,munic/MUNIC_CELULAR_SMS_ENVIO,munic,MUNIC_CELULAR_SMS_ENVIO,total,Envio de SMS para o cidadão,prop_0_100,prefeituras,100.0,2024
PE,2,Qualidade dos Serviços Digitais,munic/MUNIC_CELULAR_SMS_RECEB,munic,MUNIC_CELULAR_SMS_RECEB,total,Recebimento de SMS pelo cidadão,prop_0_100,prefeituras,100.0,2024
PE,2,Qualidade dos Serviços Digitais,munic/MUNIC_CELULAR_WEBSITE_MOBILE,munic,MUNIC_CELULAR_WEBSITE_MOBILE,total,Website adaptado para dispositivos móveis,prop_0_100,prefeituras,100.0,2024
PE,2,Qualidade dos Serviços Digitais,munic/MUNIC_PAGINA_INTERNET,munic,MUNIC_PAGINA_INTERNET,total,Prefeitura com página na Internet,prop_0_100,prefeituras,100.0,2024
PE,2,Qualidade dos Serviços Digitais,munic/MUNIC_REDES_SOCIAIS,munic,MUNIC_REDES_SOCIAIS,total,Prefeitura com perfil em plataformas online,prop_0_100,prefeituras,100.0,2024
PE,2,Qualidade dos Serviços Digitais,munic/MUNIC_SERV_INFO_CONCURSOS,munic,MUNIC_SERV_INFO_CONCURSOS,total,Serviço informativo — concursos públicos,prop_0_100,prefeituras,0.0,2024
PE,2,Qualidade dos Serviços Digitais,munic/MUNIC_SERV_INFO_DIARIO,munic,MUNIC_SERV_INFO_DIARIO,total,Serviço informativo — diário oficial,prop_0_100,prefeituras,100.0,2024
PE,2,Qualidade dos Serviços Digitais,munic/MUNIC_SERV_INFO_DOCUMENTOS,munic,MUNIC_SERV_INFO_DOCUMENTOS,total,Serviço informativo — acesso a documentos/formulários,prop_0_100,prefeituras,100.0,2024
PE,2,Qualidade dos Serviços Digitais,munic/MUNIC_SERV_INFO_LEGISLACAO,munic,MUNIC_SERV_INFO_LEGISLACAO,total,Serviço informativo — legislação municipal,prop_0_100,prefeituras,0.0,2024
PE,2,Qualidade dos Serviços Digitais,munic/MUNIC_SERV_INFO_LICITACOES,munic,MUNIC_SERV_INFO_LICITACOES,total,Serviço informativo — licitações,prop_0_100,prefeituras,0.0,2024
PE,2,Qualidade dos Serviços Digitais,munic/MUNIC_SERV_INFO_NOTICIAS,munic,MUNIC_SERV_INFO_NOTICIAS,total,Serviço informativo na página — notícias,prop_0_100,prefeituras,100.0,2024
PE,2,Qualidade dos Serviços Digitais,munic/MUNIC_SERV_TRANS_CERTIDAO,munic,MUNIC_SERV_TRANS_CERTIDAO,total,Serviço transacional — certidão negativa de débito,prop_0_100,prefeituras,100.0,2024
PE,2,Qualidade dos Serviços Digitais,munic/MUNIC_SERV_TRANS_DOWNLOAD,munic,MUNIC_SERV_TRANS_DOWNLOAD,total,Serviço transacional — download de documentos,prop_0_100,prefeituras,100.0,2024
PE,2,Qualidade dos Serviços Digitais,munic/MUNIC_SERV_TRANS_MATRICULA,munic,MUNIC_SERV_TRANS_MATRICULA,total,Serviço transacional — matrícula escolar online,prop_0_100,prefeituras,100.0,2024
PE,2,Qualidade dos Serviços Digitais,munic/MUNIC_SERV_TRANS_NFE,munic,MUNIC_SERV_TRANS_NFE,total,Serviço transacional — Nota Fiscal Eletrônica,prop_0_100,prefeituras,100.0,2024
PE,2,Qualidade dos Serviços Digitais,munic/MUNIC_SERV_TRANS_OUVIDORIA,munic,MUNIC_SERV_TRANS_OUVIDORIA,total,Serviço transacional — ouvidoria online,prop_0_100,prefeituras,100.0,2024
PE,2,Qualidade dos Serviços Digitais,munic/MUNIC_SERV_TRANS_PROCESSOS,munic,MUNIC_SERV_TRANS_PROCESSOS,total,Serviço transacional — consulta a processos,prop_0_100,prefeituras,100.0,2024
PE,2,Qualidade dos Serviços Digitais,munic/MUNIC_SERV_TRANS_SATISFACAO,munic,MUNIC_SERV_TRANS_SATISFACAO,total,Serviço transacional — pesquisa de satisfação,prop_0_100,prefeituras,100.0,2024
PE,2,Qualidade dos Serviços Digitais,munic/MUNIC_SERV_TRANS_SAUDE,munic,MUNIC_SERV_TRANS_SAUDE,total,Serviço transacional — agendamento consulta saúde,prop_0_100,prefeituras,100.0,2024
PE,2,Qualidade dos Serviços Digitais,munic/MUNIC_SERV_TRANS_TRIBUTOS,munic,MUNIC_SERV_TRANS_TRIBUTOS,total,Serviço transacional — guia de pagamento de tributos,prop_0_100,prefeituras,100.0,2024
PE,2,Qualidade dos Serviços Digitais,munic/MUNIC_SMART_BILHETE,munic,MUNIC_SMART_BILHETE,total,Bilhete eletrônico no transporte público,prop_0_100,prefeituras,100.0,2024
PE,2,Qualidade dos Serviços Digitais,munic/MUNIC_SMART_GPS_ONIBUS,munic,MUNIC_SMART_GPS_ONIBUS,total,Ônibus com GPS para informação ao usuário,prop_0_100,prefeituras,100.0,2024
PE,2,Qualidade dos Serviços Digitais,munic/PAGINA_POSSUI_TITULO,munic,PAGINA_POSSUI_TITULO,total,Páginas com título descritivo na aba do navegador (WCAG 2.4.2),prop_0_100,prefeituras,0.0,2024
PE,3,Identificação Única,munic/MUNIC_AUTENTICACAO,munic,MUNIC_AUTENTICACAO,total,Autenticação para acessar serviços pela internet,prop_0_100,prefeituras,100.0,2024
PE,4,Segurança e LGPD,munic/MUNIC_LGPD,munic,MUNIC_LGPD,total,Disseminação de orientações sobre LGPD na prefeitura,prop_0_100,prefeituras,0.0,2024
PE,4,Segurança e LGPD,munic/MUNIC_LGPD_CANAL_TITULAR,munic,MUNIC_LGPD_CANAL_TITULAR,total,Canal pela internet para titulares de dados (LGPD),prop_0_100,prefeituras,100.0,2024
PE,4,Segurança e LGPD,munic/MUNIC_LGPD_CAPACIT,munic,MUNIC_LGPD_CAPACIT,total,Cursos de segurança da informação e proteção de dados para servidores,prop_0_100,prefeituras,100.0,2024
PE,4,Segurança e LGPD,munic/MUNIC_LGPD_REGULAMENT,munic,MUNIC_LGPD_REGULAMENT,total,Regulamentação municipal específica sobre LGPD,prop_0_100,prefeituras,100.0,2024
PE,4,Segurança e LGPD,munic/MUNIC_LGPD_RESP,munic,MUNIC_LGPD_RESP,total,Responsável LGPD designado no município,prop_0_100,prefeituras,100.0,2024
PE,5,Dados e Interoperabilidade,munic/MUNIC_DADOS_ABERTOS,munic,MUNIC_DADOS_ABERTOS,total,Portal de dados abertos,prop_0_100,prefeituras,100.0,2024
PE,6,Infraestrutura,censo_escolar/IN_COMPUTADOR,censo_escolar,IN_COMPUTADOR,total,% escolas com computador,binario_agregar,escolas,97.21,2024
PE,6,Infraestrutura,censo_escolar/IN_INTERNET,censo_escolar,IN_INTERNET,total,% escolas com acesso à Internet,binario_agregar,escolas,99.62,2024
PE,6,Infraestrutura,censo_escolar/IN_INTERNET_ALUNOS,censo_escolar,IN_INTERNET_ALUNOS,total,% escolas com Internet para alunos,binario_agregar,escolas,52.55,2024
PE,6,Infraestrutura,censo_escolar/IN_INTERNET_APRENDIZAGEM,censo_escolar,IN_INTERNET_APRENDIZAGEM,total,% escolas com Internet para ensino,binario_agregar,escolas,76.9,2024
PE,6,Infraestrutura,censo_escolar/IN_LABORATORIO_INFORMATICA,censo_escolar,IN_LABORATORIO_INFORMATICA,total,% escolas com laboratório de informática,binario_agregar,escolas,33.97,2024
PE,6,Infraestrutura,anatel/BLM02,anatel,BLM02,total,% de domicílios cobertos por telefonia móvel,pct_meta_100,domicilios,100.0,2025
PE,6,Infraestrutura,munic/MUNIC_CPD,munic,MUNIC_CPD,total,Centro de Processamento de Dados na prefeitura,prop_0_100,prefeituras,100.0,2024
PE,6,Infraestrutura,munic/MUNIC_INCLUSAO_DIGITAL,munic,MUNIC_INCLUSAO_DIGITAL,total,Programa ou ação de inclusão digital,prop_0_100,prefeituras,100.0,2024
PE,6,Infraestrutura,munic/MUNIC_INTERNET,munic,MUNIC_INTERNET,total,Municípios com evidência afirmativa de conexão à Internet,prop_0_100,prefeituras,100.0,2024
PE,6,Infraestrutura,munic/MUNIC_SMART_CENTRO_CONTROLE,munic,MUNIC_SMART_CENTRO_CONTROLE,total,Centro de controle operacional,prop_0_100,prefeituras,100.0,2024
PE,6,Infraestrutura,munic/MUNIC_SMART_ILUMINACAO,munic,MUNIC_SMART_ILUMINACAO,total,Iluminação inteligente com medição de consumo,prop_0_100,prefeituras,100.0,2024
PE,6,Infraestrutura,munic/MUNIC_SMART_SEMAFOROS,munic,MUNIC_SMART_SEMAFOROS,total,Semáforos inteligentes controlados a distância,prop_0_100,prefeituras,100.0,2024
PE,6,Infraestrutura,munic/MUNIC_SMART_SENSORES,munic,MUNIC_SMART_SENSORES,total,Sensores para monitoramento de áreas de risco,prop_0_100,prefeituras,100.0,2024
PE,6,Infraestrutura,munic/MUNIC_WIFI_PUBLICO,munic,MUNIC_WIFI_PUBLICO,total,Acesso público à Internet (Wi-Fi) pela prefeitura,prop_0_100,prefeituras,100.0,2024
PE,9,Transparência e Participação,munic/MUNIC_ATIV_REDES_CONSULTA,munic,MUNIC_ATIV_REDES_CONSULTA,total,Atividade em redes sociais — consulta pública/enquete,prop_0_100,prefeituras,100.0,2024
PE,9,Transparência e Participação,munic/MUNIC_CONSELHO_TRANSP,munic,MUNIC_CONSELHO_TRANSP,total,Existência de Conselho Municipal de Transparência,prop_0_100,prefeituras,0.0,2024
PE,9,Transparência e Participação,munic/MUNIC_LAI,munic,MUNIC_LAI,total,Disseminação de orientações sobre LAI na prefeitura,prop_0_100,prefeituras,0.0,2024
PE,9,Transparência e Participação,munic/MUNIC_LAI_LEI,munic,MUNIC_LAI_LEI,total,Legislação municipal específica sobre LAI,prop_0_100,prefeituras,100.0,2024
PE,9,Transparência e Participação,munic/MUNIC_LAI_PUBLICA_PR,munic,MUNIC_LAI_PUBLICA_PR,total,Publicação de perguntas e respostas feitas pela LAI,prop_0_100,prefeituras,100.0,2024
PE,9,Transparência e Participação,munic/MUNIC_LAI_SOLICITACOES,munic,MUNIC_LAI_SOLICITACOES,total,Solicitações de acesso à informação recebidas em 2023,prop_0_100,prefeituras,100.0,2024
PE,9,Transparência e Participação,munic/MUNIC_PARTICIPACAO,munic,MUNIC_PARTICIPACAO,total,Participação do cidadão pela internet,prop_0_100,prefeituras,100.0,2024
PE,9,Transparência e Participação,munic/MUNIC_PORTAL_TRANSP,munic,MUNIC_PORTAL_TRANSP,total,Portal da transparência,prop_0_100,prefeituras,100.0,2024
PE,9,Transparência e Participação,munic/MUNIC_SERV_INFO_FINANCAS,munic,MUNIC_SERV_INFO_FINANCAS,total,Serviço informativo — finanças públicas,prop_0_100,prefeituras,100.0,2024
AL,1,Governança do Governo Digital,munic/MUNIC_TI_ESTRUTURA,munic,MUNIC_TI_ESTRUTURA,total,Estrutura organizacional de TI na prefeitura,prop_0_100,prefeituras,100.0,2024
AL,2,Qualidade dos Serviços Digitais,munic/MUNIC_ACESS_IMAGENS,munic,MUNIC_ACESS_IMAGENS,total,Descrição do conteúdo das imagens,prop_0_100,prefeituras,0.0,2024
AL,2,Qualidade dos Serviços Digitais,munic/MUNIC_ACESS_LIBRAS,munic,MUNIC_ACESS_LIBRAS,total,Tradução de conteúdo em LIBRAS,prop_0_100,prefeituras,100.0,2024
AL,2,Qualidade dos Serviços Digitais,munic/MUNIC_ACESS_NAVEGACAO,munic,MUNIC_ACESS_NAVEGACAO,total,Navegação acessível por todos os itens interativos,prop_0_100,prefeituras,100.0,2024
AL,2,Qualidade dos Serviços Digitais,munic/MUNIC_ACESS_SALTAR,munic,MUNIC_ACESS_SALTAR,total,Tecnologia assistiva para saltar itens repetitivos,prop_0_100,prefeituras,100.0,2024
AL,2,Qualidade dos Serviços Digitais,munic/MUNIC_ATEND_DISTANCIA,munic,MUNIC_ATEND_DISTANCIA,total,Serviços de atendimento ao público a distância,prop_0_100,prefeituras,100.0,2024
AL,2,Qualidade dos Serviços Digitais,munic/MUNIC_ATIV_REDES_DIVULGAR,munic,MUNIC_ATIV_REDES_DIVULGAR,total,Atividade em redes sociais — divulgar serviços/campanhas,prop_0_100,prefeituras,0.0,2024
AL,2,Qualidade dos Serviços Digitais,munic/MUNIC_ATIV_REDES_NOTICIAS,munic,MUNIC_ATIV_REDES_NOTICIAS,total,Atividade em redes sociais — postar notícias,prop_0_100,prefeituras,100.0,2024
AL,2,Qualidade dos Serviços Digitais,munic/MUNIC_ATIV_REDES_RESPOSTAS,munic,MUNIC_ATIV_REDES_RESPOSTAS,total,Atividade em redes sociais — responder comentários,prop_0_100,prefeituras,100.0,2024
AL,2,Qualidade dos Serviços Digitais,munic/MUNIC_CELULAR_APP_OUTROS,munic,MUNIC_CELULAR_APP_OUTROS,total,Aplicativos criados por outros organismos,prop_0_100,prefeituras,0.0,2024
AL,2,Qualidade dos Serviços Digitais,munic/MUNIC_CELULAR_APP_PREF,munic,MUNIC_CELULAR_APP_PREF,total,Aplicativos criados pela prefeitura,prop_0_100,prefeituras,100.0,2024
AL,2,Qualidade dos Serviços Digitais,munic/MUNIC_CELULAR_BOLETOS,munic,MUNIC_CELULAR_BOLETOS,total,Emissão de boletos ou guias de pagamento,prop_0_100,prefeituras,100.0,2024
AL,2,Qualidade dos Serviços Digitais,munic/MUNIC_CELULAR_SMS_ENVIO,munic,MUNIC_CELULAR_SMS_ENVIO,total,Envio de SMS para o cidadão,prop_0_100,prefeituras,0.0,2024
AL,2,Qualidade dos Serviços Digitais,munic/MUNIC_CELULAR_SMS_RECEB,munic,MUNIC_CELULAR_SMS_RECEB,total,Recebimento de SMS pelo cidadão,prop_0_100,prefeituras,100.0,2024
AL,2,Qualidade dos Serviços Digitais,munic/MUNIC_CELULAR_WEBSITE_MOBILE,munic,MUNIC_CELULAR_WEBSITE_MOBILE,total,Website adaptado para dispositivos móveis,prop_0_100,prefeituras,0.0,2024
AL,2,Qualidade dos Serviços Digitais,munic/MUNIC_PAGINA_INTERNET,munic,MUNIC_PAGINA_INTERNET,total,Prefeitura com página na Internet,prop_0_100,prefeituras,100.0,2024
AL,2,Qualidade dos Serviços Digitais,munic/MUNIC_REDES_SOCIAIS,munic,MUNIC_REDES_SOCIAIS,total,Prefeitura com perfil em plataformas online,prop_0_100,prefeituras,100.0,2024
AL,2,Qualidade dos Serviços Digitais,munic/MUNIC_SERV_INFO_CONCURSOS,munic,MUNIC_SERV_INFO_CONCURSOS,total,Serviço informativo — concursos públicos,prop_0_100,prefeituras,100.0,2024
AL,2,Qualidade dos Serviços Digitais,munic/MUNIC_SERV_INFO_DIARIO,munic,MUNIC_SERV_INFO_DIARIO,total,Serviço informativo — diário oficial,prop_0_100,prefeituras,100.0,2024
AL,2,Qualidade dos Serviços Digitais,munic/MUNIC_SERV_INFO_DOCUMENTOS,munic,MUNIC_SERV_INFO_DOCUMENTOS,total,Serviço informativo — acesso a documentos/formulários,prop_0_100,prefeituras,100.0,2024
AL,2,Qualidade dos Serviços Digitais,munic/MUNIC_SERV_INFO_LEGISLACAO,munic,MUNIC_SERV_INFO_LEGISLACAO,total,Serviço informativo — legislação municipal,prop_0_100,prefeituras,0.0,2024
AL,2,Qualidade dos Serviços Digitais,munic/MUNIC_SERV_INFO_LICITACOES,munic,MUNIC_SERV_INFO_LICITACOES,total,Serviço informativo — licitações,prop_0_100,prefeituras,100.0,2024
AL,2,Qualidade dos Serviços Digitais,munic/MUNIC_SERV_INFO_NOTICIAS,munic,MUNIC_SERV_INFO_NOTICIAS,total,Serviço informativo na página — notícias,prop_0_100,prefeituras,100.0,2024
AL,2,Qualidade dos Serviços Digitais,munic/MUNIC_SERV_TRANS_CERTIDAO,munic,MUNIC_SERV_TRANS_CERTIDAO,total,Serviço transacional — certidão negativa de débito,prop_0_100,prefeituras,0.0,2024
AL,2,Qualidade dos Serviços Digitais,munic/MUNIC_SERV_TRANS_DOWNLOAD,munic,MUNIC_SERV_TRANS_DOWNLOAD,total,Serviço transacional — download de documentos,prop_0_100,prefeituras,0.0,2024
AL,2,Qualidade dos Serviços Digitais,munic/MUNIC_SERV_TRANS_MATRICULA,munic,MUNIC_SERV_TRANS_MATRICULA,total,Serviço transacional — matrícula escolar online,prop_0_100,prefeituras,0.0,2024
AL,2,Qualidade dos Serviços Digitais,munic/MUNIC_SERV_TRANS_NFE,munic,MUNIC_SERV_TRANS_NFE,total,Serviço transacional — Nota Fiscal Eletrônica,prop_0_100,prefeituras,100.0,2024
AL,2,Qualidade dos Serviços Digitais,munic/MUNIC_SERV_TRANS_OUVIDORIA,munic,MUNIC_SERV_TRANS_OUVIDORIA,total,Serviço transacional — ouvidoria online,prop_0_100,prefeituras,0.0,2024
AL,2,Qualidade dos Serviços Digitais,munic/MUNIC_SERV_TRANS_PROCESSOS,munic,MUNIC_SERV_TRANS_PROCESSOS,total,Serviço transacional — consulta a processos,prop_0_100,prefeituras,0.0,2024
AL,2,Qualidade dos Serviços Digitais,munic/MUNIC_SERV_TRANS_SATISFACAO,munic,MUNIC_SERV_TRANS_SATISFACAO,total,Serviço transacional — pesquisa de satisfação,prop_0_100,prefeituras,0.0,2024
AL,2,Qualidade dos Serviços Digitais,munic/MUNIC_SERV_TRANS_SAUDE,munic,MUNIC_SERV_TRANS_SAUDE,total,Serviço transacional — agendamento consulta saúde,prop_0_100,prefeituras,0.0,2024
AL,2,Qualidade dos Serviços Digitais,munic/MUNIC_SERV_TRANS_TRIBUTOS,munic,MUNIC_SERV_TRANS_TRIBUTOS,total,Serviço transacional — guia de pagamento de tributos,prop_0_100,prefeituras,100.0,2024
AL,2,Qualidade dos Serviços Digitais,munic/MUNIC_SMART_BILHETE,munic,MUNIC_SMART_BILHETE,total,Bilhete eletrônico no transporte público,prop_0_100,prefeituras,100.0,2024
AL,2,Qualidade dos Serviços Digitais,munic/MUNIC_SMART_GPS_ONIBUS,munic,MUNIC_SMART_GPS_ONIBUS,total,Ônibus com GPS para informação ao usuário,prop_0_100,prefeituras,100.0,2024
AL,2,Qualidade dos Serviços Digitais,munic/PAGINA_POSSUI_TITULO,munic,PAGINA_POSSUI_TITULO,total,Páginas com título descritivo na aba do navegador (WCAG 2.4.2),prop_0_100,prefeituras,0.0,2024
AL,3,Identificação Única,munic/MUNIC_AUTENTICACAO,munic,MUNIC_AUTENTICACAO,total,Autenticação para acessar serviços pela internet,prop_0_100,prefeituras,100.0,2024
AL,4,Segurança e LGPD,munic/MUNIC_LGPD,munic,MUNIC_LGPD,total,Disseminação de orientações sobre LGPD na prefeitura,prop_0_100,prefeituras,100.0,2024
AL,4,Segurança e LGPD,munic/MUNIC_LGPD_CANAL_TITULAR,munic,MUNIC_LGPD_CANAL_TITULAR,total,Canal pela internet para titulares de dados (LGPD),prop_0_100,prefeituras,0.0,2024
AL,4,Segurança e LGPD,munic/MUNIC_LGPD_CAPACIT,munic,MUNIC_LGPD_CAPACIT,total,Cursos de segurança da informação e proteção de dados para servidores,prop_0_100,prefeituras,0.0,2024
AL,4,Segurança e LGPD,munic/MUNIC_LGPD_REGULAMENT,munic,MUNIC_LGPD_REGULAMENT,total,Regulamentação municipal específica sobre LGPD,prop_0_100,prefeituras,100.0,2024
AL,4,Segurança e LGPD,munic/MUNIC_LGPD_RESP,munic,MUNIC_LGPD_RESP,total,Responsável LGPD designado no município,prop_0_100,prefeituras,100.0,2024
AL,5,Dados e Interoperabilidade,munic/MUNIC_DADOS_ABERTOS,munic,MUNIC_DADOS_ABERTOS,total,Portal de dados abertos,prop_0_100,prefeituras,0.0,2024
AL,6,Infraestrutura,censo_escolar/IN_COMPUTADOR,censo_escolar,IN_COMPUTADOR,total,% escolas com computador,binario_agregar,escolas,95.71,2024
AL,6,Infraestrutura,censo_escolar/IN_INTERNET,censo_escolar,IN_INTERNET,total,% escolas com acesso à Internet,binario_agregar,escolas,98.39,2024
AL,6,Infraestrutura,censo_escolar/IN_INTERNET_ALUNOS,censo_escolar,IN_INTERNET_ALUNOS,total,% escolas com Internet para alunos,binario_agregar,escolas,36.67,2024
AL,6,Infraestrutura,censo_escolar/IN_INTERNET_APRENDIZAGEM,censo_escolar,IN_INTERNET_APRENDIZAGEM,total,% escolas com Internet para ensino,binario_agregar,escolas,56.35,2024
AL,6,Infraestrutura,censo_escolar/IN_LABORATORIO_INFORMATICA,censo_escolar,IN_LABORATORIO_INFORMATICA,total,% escolas com laboratório de informática,binario_agregar,escolas,35.06,2024
AL,6,Infraestrutura,anatel/BLM02,anatel,BLM02,total,% de domicílios cobertos por telefonia móvel,pct_meta_100,domicilios,99.97,2025
AL,6,Infraestrutura,munic/MUNIC_CPD,munic,MUNIC_CPD,total,Centro de Processamento de Dados na prefeitura,prop_0_100,prefeituras,100.0,2024
AL,6,Infraestrutura,munic/MUNIC_INCLUSAO_DIGITAL,munic,MUNIC_INCLUSAO_DIGITAL,total,Programa ou ação de inclusão digital,prop_0_100,prefeituras,100.0,2024
AL,6,Infraestrutura,munic/MUNIC_INTERNET,munic,MUNIC_INTERNET,total,Municípios com evidência afirmativa de conexão à Internet,prop_0_100,prefeituras,100.0,2024
AL,6,Infraestrutura,munic/MUNIC_SMART_CENTRO_CONTROLE,munic,MUNIC_SMART_CENTRO_CONTROLE,total,Centro de controle operacional,prop_0_100,prefeituras,100.0,2024
AL,6,Infraestrutura,munic/MUNIC_SMART_ILUMINACAO,munic,MUNIC_SMART_ILUMINACAO,total,Iluminação inteligente com medição de consumo,prop_0_100,prefeituras,0.0,2024
AL,6,Infraestrutura,munic/MUNIC_SMART_SEMAFOROS,munic,MUNIC_SMART_SEMAFOROS,total,Semáforos inteligentes controlados a distância,prop_0_100,prefeituras,100.0,2024
AL,6,Infraestrutura,munic/MUNIC_SMART_SENSORES,munic,MUNIC_SMART_SENSORES,total,Sensores para monitoramento de áreas de risco,prop_0_100,prefeituras,100.0,2024
AL,6,Infraestrutura,munic/MUNIC_WIFI_PUBLICO,munic,MUNIC_WIFI_PUBLICO,total,Acesso público à Internet (Wi-Fi) pela prefeitura,prop_0_100,prefeituras,100.0,2024
AL,9,Transparência e Participação,munic/MUNIC_ATIV_REDES_CONSULTA,munic,MUNIC_ATIV_REDES_CONSULTA,total,Atividade em redes sociais — consulta pública/enquete,prop_0_100,prefeituras,0.0,2024
AL,9,Transparência e Participação,munic/MUNIC_CONSELHO_TRANSP,munic,MUNIC_CONSELHO_TRANSP,total,Existência de Conselho Municipal de Transparência,prop_0_100,prefeituras,100.0,2024
AL,9,Transparência e Participação,munic/MUNIC_LAI,munic,MUNIC_LAI,total,Disseminação de orientações sobre LAI na prefeitura,prop_0_100,prefeituras,100.0,2024
AL,9,Transparência e Participação,munic/MUNIC_LAI_LEI,munic,MUNIC_LAI_LEI,total,Legislação municipal específica sobre LAI,prop_0_100,prefeituras,100.0,2024
AL,9,Transparência e Participação,munic/MUNIC_LAI_PUBLICA_PR,munic,MUNIC_LAI_PUBLICA_PR,total,Publicação de perguntas e respostas feitas pela LAI,prop_0_100,prefeituras,0.0,2024
AL,9,Transparência e Participação,munic/MUNIC_LAI_SOLICITACOES,munic,MUNIC_LAI_SOLICITACOES,total,Solicitações de acesso à informação recebidas em 2023,prop_0_100,prefeituras,100.0,2024
AL,9,Transparência e Participação,munic/MUNIC_PARTICIPACAO,munic,MUNIC_PARTICIPACAO,total,Participação do cidadão pela internet,prop_0_100,prefeituras,100.0,2024
AL,9,Transparência e Participação,munic/MUNIC_PORTAL_TRANSP,munic,MUNIC_PORTAL_TRANSP,total,Portal da transparência,prop_0_100,prefeituras,100.0,2024
AL,9,Transparência e Participação,munic/MUNIC_SERV_INFO_FINANCAS,munic,MUNIC_SERV_INFO_FINANCAS,total,Serviço informativo — finanças públicas,prop_0_100,prefeituras,100.0,2024
SE,1,Governança do Governo Digital,munic/MUNIC_TI_ESTRUTURA,munic,MUNIC_TI_ESTRUTURA,total,Estrutura organizacional de TI na prefeitura,prop_0_100,prefeituras,100.0,2024
SE,2,Qualidade dos Serviços Digitais,munic/MUNIC_ACESS_IMAGENS,munic,MUNIC_ACESS_IMAGENS,total,Descrição do conteúdo das imagens,prop_0_100,prefeituras,0.0,2024
SE,2,Qualidade dos Serviços Digitais,munic/MUNIC_ACESS_LIBRAS,munic,MUNIC_ACESS_LIBRAS,total,Tradução de conteúdo em LIBRAS,prop_0_100,prefeituras,0.0,2024
SE,2,Qualidade dos Serviços Digitais,munic/MUNIC_ACESS_NAVEGACAO,munic,MUNIC_ACESS_NAVEGACAO,total,Navegação acessível por todos os itens interativos,prop_0_100,prefeituras,0.0,2024
SE,2,Qualidade dos Serviços Digitais,munic/MUNIC_ACESS_SALTAR,munic,MUNIC_ACESS_SALTAR,total,Tecnologia assistiva para saltar itens repetitivos,prop_0_100,prefeituras,0.0,2024
SE,2,Qualidade dos Serviços Digitais,munic/MUNIC_ATEND_DISTANCIA,munic,MUNIC_ATEND_DISTANCIA,total,Serviços de atendimento ao público a distância,prop_0_100,prefeituras,100.0,2024
SE,2,Qualidade dos Serviços Digitais,munic/MUNIC_ATIV_REDES_DIVULGAR,munic,MUNIC_ATIV_REDES_DIVULGAR,total,Atividade em redes sociais — divulgar serviços/campanhas,prop_0_100,prefeituras,100.0,2024
SE,2,Qualidade dos Serviços Digitais,munic/MUNIC_ATIV_REDES_NOTICIAS,munic,MUNIC_ATIV_REDES_NOTICIAS,total,Atividade em redes sociais — postar notícias,prop_0_100,prefeituras,100.0,2024
SE,2,Qualidade dos Serviços Digitais,munic/MUNIC_ATIV_REDES_RESPOSTAS,munic,MUNIC_ATIV_REDES_RESPOSTAS,total,Atividade em redes sociais — responder comentários,prop_0_100,prefeituras,100.0,2024
SE,2,Qualidade dos Serviços Digitais,munic/MUNIC_CELULAR_APP_OUTROS,munic,MUNIC_CELULAR_APP_OUTROS,total,Aplicativos criados por outros organismos,prop_0_100,prefeituras,0.0,2024
SE,2,Qualidade dos Serviços Digitais,munic/MUNIC_CELULAR_APP_PREF,munic,MUNIC_CELULAR_APP_PREF,total,Aplicativos criados pela prefeitura,prop_0_100,prefeituras,0.0,2024
SE,2,Qualidade dos Serviços Digitais,munic/MUNIC_CELULAR_BOLETOS,munic,MUNIC_CELULAR_BOLETOS,total,Emissão de boletos ou guias de pagamento,prop_0_100,prefeituras,100.0,2024
SE,2,Qualidade dos Serviços Digitais,munic/MUNIC_CELULAR_SMS_ENVIO,munic,MUNIC_CELULAR_SMS_ENVIO,total,Envio de SMS para o cidadão,prop_0_100,prefeituras,0.0,2024
SE,2,Qualidade dos Serviços Digitais,munic/MUNIC_CELULAR_SMS_RECEB,munic,MUNIC_CELULAR_SMS_RECEB,total,Recebimento de SMS pelo cidadão,prop_0_100,prefeituras,0.0,2024
SE,2,Qualidade dos Serviços Digitais,munic/MUNIC_CELULAR_WEBSITE_MOBILE,munic,MUNIC_CELULAR_WEBSITE_MOBILE,total,Website adaptado para dispositivos móveis,prop_0_100,prefeituras,0.0,2024
SE,2,Qualidade dos Serviços Digitais,munic/MUNIC_PAGINA_INTERNET,munic,MUNIC_PAGINA_INTERNET,total,Prefeitura com página na Internet,prop_0_100,prefeituras,100.0,2024
SE,2,Qualidade dos Serviços Digitais,munic/MUNIC_REDES_SOCIAIS,munic,MUNIC_REDES_SOCIAIS,total,Prefeitura com perfil em plataformas online,prop_0_100,prefeituras,100.0,2024
SE,2,Qualidade dos Serviços Digitais,munic/MUNIC_SERV_INFO_CONCURSOS,munic,MUNIC_SERV_INFO_CONCURSOS,total,Serviço informativo — concursos públicos,prop_0_100,prefeituras,100.0,2024
SE,2,Qualidade dos Serviços Digitais,munic/MUNIC_SERV_INFO_DIARIO,munic,MUNIC_SERV_INFO_DIARIO,total,Serviço informativo — diário oficial,prop_0_100,prefeituras,100.0,2024
SE,2,Qualidade dos Serviços Digitais,munic/MUNIC_SERV_INFO_DOCUMENTOS,munic,MUNIC_SERV_INFO_DOCUMENTOS,total,Serviço informativo — acesso a documentos/formulários,prop_0_100,prefeituras,100.0,2024
SE,2,Qualidade dos Serviços Digitais,munic/MUNIC_SERV_INFO_LEGISLACAO,munic,MUNIC_SERV_INFO_LEGISLACAO,total,Serviço informativo — legislação municipal,prop_0_100,prefeituras,100.0,2024
SE,2,Qualidade dos Serviços Digitais,munic/MUNIC_SERV_INFO_LICITACOES,munic,MUNIC_SERV_INFO_LICITACOES,total,Serviço informativo — licitações,prop_0_100,prefeituras,100.0,2024
SE,2,Qualidade dos Serviços Digitais,munic/MUNIC_SERV_INFO_NOTICIAS,munic,MUNIC_SERV_INFO_NOTICIAS,total,Serviço informativo na página — notícias,prop_0_100,prefeituras,0.0,2024
SE,2,Qualidade dos Serviços Digitais,munic/MUNIC_SERV_TRANS_CERTIDAO,munic,MUNIC_SERV_TRANS_CERTIDAO,total,Serviço transacional — certidão negativa de débito,prop_0_100,prefeituras,100.0,2024
SE,2,Qualidade dos Serviços Digitais,munic/MUNIC_SERV_TRANS_DOWNLOAD,munic,MUNIC_SERV_TRANS_DOWNLOAD,total,Serviço transacional — download de documentos,prop_0_100,prefeituras,100.0,2024
SE,2,Qualidade dos Serviços Digitais,munic/MUNIC_SERV_TRANS_MATRICULA,munic,MUNIC_SERV_TRANS_MATRICULA,total,Serviço transacional — matrícula escolar online,prop_0_100,prefeituras,100.0,2024
SE,2,Qualidade dos Serviços Digitais,munic/MUNIC_SERV_TRANS_NFE,munic,MUNIC_SERV_TRANS_NFE,total,Serviço transacional — Nota Fiscal Eletrônica,prop_0_100,prefeituras,100.0,2024
SE,2,Qualidade dos Serviços Digitais,munic/MUNIC_SERV_TRANS_OUVIDORIA,munic,MUNIC_SERV_TRANS_OUVIDORIA,total,Serviço transacional — ouvidoria online,prop_0_100,prefeituras,100.0,2024
SE,2,Qualidade dos Serviços Digitais,munic/MUNIC_SERV_TRANS_PROCESSOS,munic,MUNIC_SERV_TRANS_PROCESSOS,total,Serviço transacional — consulta a processos,prop_0_100,prefeituras,100.0,2024
SE,2,Qualidade dos Serviços Digitais,munic/MUNIC_SERV_TRANS_SATISFACAO,munic,MUNIC_SERV_TRANS_SATISFACAO,total,Serviço transacional — pesquisa de satisfação,prop_0_100,prefeituras,0.0,2024
SE,2,Qualidade dos Serviços Digitais,munic/MUNIC_SERV_TRANS_SAUDE,munic,MUNIC_SERV_TRANS_SAUDE,total,Serviço transacional — agendamento consulta saúde,prop_0_100,prefeituras,100.0,2024
SE,2,Qualidade dos Serviços Digitais,munic/MUNIC_SERV_TRANS_TRIBUTOS,munic,MUNIC_SERV_TRANS_TRIBUTOS,total,Serviço transacional — guia de pagamento de tributos,prop_0_100,prefeituras,100.0,2024
SE,2,Qualidade dos Serviços Digitais,munic/MUNIC_SMART_BILHETE,munic,MUNIC_SMART_BILHETE,total,Bilhete eletrônico no transporte público,prop_0_100,prefeituras,100.0,2024
SE,2,Qualidade dos Serviços Digitais,munic/MUNIC_SMART_GPS_ONIBUS,munic,MUNIC_SMART_GPS_ONIBUS,total,Ônibus com GPS para informação ao usuário,prop_0_100,prefeituras,100.0,2024
SE,2,Qualidade dos Serviços Digitais,munic/PAGINA_POSSUI_TITULO,munic,PAGINA_POSSUI_TITULO,total,Páginas com título descritivo na aba do navegador (WCAG 2.4.2),prop_0_100,prefeituras,0.0,2024
SE,3,Identificação Única,munic/MUNIC_AUTENTICACAO,munic,MUNIC_AUTENTICACAO,total,Autenticação para acessar serviços pela internet,prop_0_100,prefeituras,100.0,2024
SE,4,Segurança e LGPD,munic/MUNIC_LGPD,munic,MUNIC_LGPD,total,Disseminação de orientações sobre LGPD na prefeitura,prop_0_100,prefeituras,0.0,2024
SE,4,Segurança e LGPD,munic/MUNIC_LGPD_CANAL_TITULAR,munic,MUNIC_LGPD_CANAL_TITULAR,total,Canal pela internet para titulares de dados (LGPD),prop_0_100,prefeituras,100.0,2024
SE,4,Segurança e LGPD,munic/MUNIC_LGPD_CAPACIT,munic,MUNIC_LGPD_CAPACIT,total,Cursos de segurança da informação e proteção de dados para servidores,prop_0_100,prefeituras,0.0,2024
SE,4,Segurança e LGPD,munic/MUNIC_LGPD_REGULAMENT,munic,MUNIC_LGPD_REGULAMENT,total,Regulamentação municipal específica sobre LGPD,prop_0_100,prefeituras,100.0,2024
SE,4,Segurança e LGPD,munic/MUNIC_LGPD_RESP,munic,MUNIC_LGPD_RESP,total,Responsável LGPD designado no município,prop_0_100,prefeituras,100.0,2024
SE,5,Dados e Interoperabilidade,munic/MUNIC_DADOS_ABERTOS,munic,MUNIC_DADOS_ABERTOS,total,Portal de dados abertos,prop_0_100,prefeituras,100.0,2024
SE,6,Infraestrutura,censo_escolar/IN_COMPUTADOR,censo_escolar,IN_COMPUTADOR,total,% escolas com computador,binario_agregar,escolas,97.38,2024
SE,6,Infraestrutura,censo_escolar/IN_INTERNET,censo_escolar,IN_INTERNET,total,% escolas com acesso à Internet,binario_agregar,escolas,100.0,2024
SE,6,Infraestrutura,censo_escolar/IN_INTERNET_ALUNOS,censo_escolar,IN_INTERNET_ALUNOS,total,% escolas com Internet para alunos,binario_agregar,escolas,58.02,2024
SE,6,Infraestrutura,censo_escolar/IN_INTERNET_APRENDIZAGEM,censo_escolar,IN_INTERNET_APRENDIZAGEM,total,% escolas com Internet para ensino,binario_agregar,escolas,75.8,2024
SE,6,Infraestrutura,censo_escolar/IN_LABORATORIO_INFORMATICA,censo_escolar,IN_LABORATORIO_INFORMATICA,total,% escolas com laboratório de informática,binario_agregar,escolas,38.78,2024
SE,6,Infraestrutura,anatel/BLM02,anatel,BLM02,total,% de domicílios cobertos por telefonia móvel,pct_meta_100,domicilios,100.0,2025
SE,6,Infraestrutura,munic/MUNIC_CPD,munic,MUNIC_CPD,total,Centro de Processamento de Dados na prefeitura,prop_0_100,prefeituras,100.0,2024
SE,6,Infraestrutura,munic/MUNIC_INCLUSAO_DIGITAL,munic,MUNIC_INCLUSAO_DIGITAL,total,Programa ou ação de inclusão digital,prop_0_100,prefeituras,100.0,2024
SE,6,Infraestrutura,munic/MUNIC_INTERNET,munic,MUNIC_INTERNET,total,Municípios com evidência afirmativa de conexão à Internet,prop_0_100,prefeituras,100.0,2024
SE,6,Infraestrutura,munic/MUNIC_SMART_CENTRO_CONTROLE,munic,MUNIC_SMART_CENTRO_CONTROLE,total,Centro de controle operacional,prop_0_100,prefeituras,100.0,2024
SE,6,Infraestrutura,munic/MUNIC_SMART_ILUMINACAO,munic,MUNIC_SMART_ILUMINACAO,total,Iluminação inteligente com medição de consumo,prop_0_100,prefeituras,0.0,2024
SE,6,Infraestrutura,munic/MUNIC_SMART_SEMAFOROS,munic,MUNIC_SMART_SEMAFOROS,total,Semáforos inteligentes controlados a distância,prop_0_100,prefeituras,100.0,2024
SE,6,Infraestrutura,munic/MUNIC_SMART_SENSORES,munic,MUNIC_SMART_SENSORES,total,Sensores para monitoramento de áreas de risco,prop_0_100,prefeituras,100.0,2024
SE,6,Infraestrutura,munic/MUNIC_WIFI_PUBLICO,munic,MUNIC_WIFI_PUBLICO,total,Acesso público à Internet (Wi-Fi) pela prefeitura,prop_0_100,prefeituras,100.0,2024
SE,9,Transparência e Participação,munic/MUNIC_ATIV_REDES_CONSULTA,munic,MUNIC_ATIV_REDES_CONSULTA,total,Atividade em redes sociais — consulta pública/enquete,prop_0_100,prefeituras,0.0,2024
SE,9,Transparência e Participação,munic/MUNIC_CONSELHO_TRANSP,munic,MUNIC_CONSELHO_TRANSP,total,Existência de Conselho Municipal de Transparência,prop_0_100,prefeituras,0.0,2024
SE,9,Transparência e Participação,munic/MUNIC_LAI,munic,MUNIC_LAI,total,Disseminação de orientações sobre LAI na prefeitura,prop_0_100,prefeituras,0.0,2024
SE,9,Transparência e Participação,munic/MUNIC_LAI_LEI,munic,MUNIC_LAI_LEI,total,Legislação municipal específica sobre LAI,prop_0_100,prefeituras,100.0,2024
SE,9,Transparência e Participação,munic/MUNIC_LAI_PUBLICA_PR,munic,MUNIC_LAI_PUBLICA_PR,total,Publicação de perguntas e respostas feitas pela LAI,prop_0_100,prefeituras,0.0,2024
SE,9,Transparência e Participação,munic/MUNIC_LAI_SOLICITACOES,munic,MUNIC_LAI_SOLICITACOES,total,Solicitações de acesso à informação recebidas em 2023,prop_0_100,prefeituras,100.0,2024
SE,9,Transparência e Participação,munic/MUNIC_PARTICIPACAO,munic,MUNIC_PARTICIPACAO,total,Participação do cidadão pela internet,prop_0_100,prefeituras,0.0,2024
SE,9,Transparência e Participação,munic/MUNIC_PORTAL_TRANSP,munic,MUNIC_PORTAL_TRANSP,total,Portal da transparência,prop_0_100,prefeituras,100.0,2024
SE,9,Transparência e Participação,munic/MUNIC_SERV_INFO_FINANCAS,munic,MUNIC_SERV_INFO_FINANCAS,total,Serviço informativo — finanças públicas,prop_0_100,prefeituras,100.0,2024
BA,1,Governança do Governo Digital,munic/MUNIC_TI_ESTRUTURA,munic,MUNIC_TI_ESTRUTURA,total,Estrutura organizacional de TI na prefeitura,prop_0_100,prefeituras,100.0,2024
BA,2,Qualidade dos Serviços Digitais,munic/MUNIC_ACESS_IMAGENS,munic,MUNIC_ACESS_IMAGENS,total,Descrição do conteúdo das imagens,prop_0_100,prefeituras,100.0,2024
BA,2,Qualidade dos Serviços Digitais,munic/MUNIC_ACESS_LIBRAS,munic,MUNIC_ACESS_LIBRAS,total,Tradução de conteúdo em LIBRAS,prop_0_100,prefeituras,100.0,2024
BA,2,Qualidade dos Serviços Digitais,munic/MUNIC_ACESS_NAVEGACAO,munic,MUNIC_ACESS_NAVEGACAO,total,Navegação acessível por todos os itens interativos,prop_0_100,prefeituras,100.0,2024
BA,2,Qualidade dos Serviços Digitais,munic/MUNIC_ACESS_SALTAR,munic,MUNIC_ACESS_SALTAR,total,Tecnologia assistiva para saltar itens repetitivos,prop_0_100,prefeituras,0.0,2024
BA,2,Qualidade dos Serviços Digitais,munic/MUNIC_ATEND_DISTANCIA,munic,MUNIC_ATEND_DISTANCIA,total,Serviços de atendimento ao público a distância,prop_0_100,prefeituras,100.0,2024
BA,2,Qualidade dos Serviços Digitais,munic/MUNIC_ATIV_REDES_DIVULGAR,munic,MUNIC_ATIV_REDES_DIVULGAR,total,Atividade em redes sociais — divulgar serviços/campanhas,prop_0_100,prefeituras,100.0,2024
BA,2,Qualidade dos Serviços Digitais,munic/MUNIC_ATIV_REDES_NOTICIAS,munic,MUNIC_ATIV_REDES_NOTICIAS,total,Atividade em redes sociais — postar notícias,prop_0_100,prefeituras,100.0,2024
BA,2,Qualidade dos Serviços Digitais,munic/MUNIC_ATIV_REDES_RESPOSTAS,munic,MUNIC_ATIV_REDES_RESPOSTAS,total,Atividade em redes sociais — responder comentários,prop_0_100,prefeituras,100.0,2024
BA,2,Qualidade dos Serviços Digitais,munic/MUNIC_CELULAR_APP_OUTROS,munic,MUNIC_CELULAR_APP_OUTROS,total,Aplicativos criados por outros organismos,prop_0_100,prefeituras,100.0,2024
BA,2,Qualidade dos Serviços Digitais,munic/MUNIC_CELULAR_APP_PREF,munic,MUNIC_CELULAR_APP_PREF,total,Aplicativos criados pela prefeitura,prop_0_100,prefeituras,100.0,2024
BA,2,Qualidade dos Serviços Digitais,munic/MUNIC_CELULAR_BOLETOS,munic,MUNIC_CELULAR_BOLETOS,total,Emissão de boletos ou guias de pagamento,prop_0_100,prefeituras,100.0,2024
BA,2,Qualidade dos Serviços Digitais,munic/MUNIC_CELULAR_SMS_ENVIO,munic,MUNIC_CELULAR_SMS_ENVIO,total,Envio de SMS para o cidadão,prop_0_100,prefeituras,100.0,2024
BA,2,Qualidade dos Serviços Digitais,munic/MUNIC_CELULAR_SMS_RECEB,munic,MUNIC_CELULAR_SMS_RECEB,total,Recebimento de SMS pelo cidadão,prop_0_100,prefeituras,0.0,2024
BA,2,Qualidade dos Serviços Digitais,munic/MUNIC_CELULAR_WEBSITE_MOBILE,munic,MUNIC_CELULAR_WEBSITE_MOBILE,total,Website adaptado para dispositivos móveis,prop_0_100,prefeituras,100.0,2024
BA,2,Qualidade dos Serviços Digitais,munic/MUNIC_PAGINA_INTERNET,munic,MUNIC_PAGINA_INTERNET,total,Prefeitura com página na Internet,prop_0_100,prefeituras,100.0,2024
BA,2,Qualidade dos Serviços Digitais,munic/MUNIC_REDES_SOCIAIS,munic,MUNIC_REDES_SOCIAIS,total,Prefeitura com perfil em plataformas online,prop_0_100,prefeituras,100.0,2024
BA,2,Qualidade dos Serviços Digitais,munic/MUNIC_SERV_INFO_CONCURSOS,munic,MUNIC_SERV_INFO_CONCURSOS,total,Serviço informativo — concursos públicos,prop_0_100,prefeituras,100.0,2024
BA,2,Qualidade dos Serviços Digitais,munic/MUNIC_SERV_INFO_DIARIO,munic,MUNIC_SERV_INFO_DIARIO,total,Serviço informativo — diário oficial,prop_0_100,prefeituras,100.0,2024
BA,2,Qualidade dos Serviços Digitais,munic/MUNIC_SERV_INFO_DOCUMENTOS,munic,MUNIC_SERV_INFO_DOCUMENTOS,total,Serviço informativo — acesso a documentos/formulários,prop_0_100,prefeituras,100.0,2024
BA,2,Qualidade dos Serviços Digitais,munic/MUNIC_SERV_INFO_LEGISLACAO,munic,MUNIC_SERV_INFO_LEGISLACAO,total,Serviço informativo — legislação municipal,prop_0_100,prefeituras,100.0,2024
BA,2,Qualidade dos Serviços Digitais,munic/MUNIC_SERV_INFO_LICITACOES,munic,MUNIC_SERV_INFO_LICITACOES,total,Serviço informativo — licitações,prop_0_100,prefeituras,100.0,2024
BA,2,Qualidade dos Serviços Digitais,munic/MUNIC_SERV_INFO_NOTICIAS,munic,MUNIC_SERV_INFO_NOTICIAS,total,Serviço informativo na página — notícias,prop_0_100,prefeituras,100.0,2024
BA,2,Qualidade dos Serviços Digitais,munic/MUNIC_SERV_TRANS_CERTIDAO,munic,MUNIC_SERV_TRANS_CERTIDAO,total,Serviço transacional — certidão negativa de débito,prop_0_100,prefeituras,100.0,2024
BA,2,Qualidade dos Serviços Digitais,munic/MUNIC_SERV_TRANS_DOWNLOAD,munic,MUNIC_SERV_TRANS_DOWNLOAD,total,Serviço transacional — download de documentos,prop_0_100,prefeituras,100.0,2024
BA,2,Qualidade dos Serviços Digitais,munic/MUNIC_SERV_TRANS_MATRICULA,munic,MUNIC_SERV_TRANS_MATRICULA,total,Serviço transacional — matrícula escolar online,prop_0_100,prefeituras,100.0,2024
BA,2,Qualidade dos Serviços Digitais,munic/MUNIC_SERV_TRANS_NFE,munic,MUNIC_SERV_TRANS_NFE,total,Serviço transacional — Nota Fiscal Eletrônica,prop_0_100,prefeituras,100.0,2024
BA,2,Qualidade dos Serviços Digitais,munic/MUNIC_SERV_TRANS_OUVIDORIA,munic,MUNIC_SERV_TRANS_OUVIDORIA,total,Serviço transacional — ouvidoria online,prop_0_100,prefeituras,100.0,2024
BA,2,Qualidade dos Serviços Digitais,munic/MUNIC_SERV_TRANS_PROCESSOS,munic,MUNIC_SERV_TRANS_PROCESSOS,total,Serviço transacional — consulta a processos,prop_0_100,prefeituras,100.0,2024
BA,2,Qualidade dos Serviços Digitais,munic/MUNIC_SERV_TRANS_SATISFACAO,munic,MUNIC_SERV_TRANS_SATISFACAO,total,Serviço transacional — pesquisa de satisfação,prop_0_100,prefeituras,100.0,2024
BA,2,Qualidade dos Serviços Digitais,munic/MUNIC_SERV_TRANS_SAUDE,munic,MUNIC_SERV_TRANS_SAUDE,total,Serviço transacional — agendamento consulta saúde,prop_0_100,prefeituras,100.0,2024
BA,2,Qualidade dos Serviços Digitais,munic/MUNIC_SERV_TRANS_TRIBUTOS,munic,MUNIC_SERV_TRANS_TRIBUTOS,total,Serviço transacional — guia de pagamento de tributos,prop_0_100,prefeituras,100.0,2024
BA,2,Qualidade dos Serviços Digitais,munic/MUNIC_SMART_BILHETE,munic,MUNIC_SMART_BILHETE,total,Bilhete eletrônico no transporte público,prop_0_100,prefeituras,100.0,2024
BA,2,Qualidade dos Serviços Digitais,munic/MUNIC_SMART_GPS_ONIBUS,munic,MUNIC_SMART_GPS_ONIBUS,total,Ônibus com GPS para informação ao usuário,prop_0_100,prefeituras,100.0,2024
BA,2,Qualidade dos Serviços Digitais,munic/PAGINA_POSSUI_TITULO,munic,PAGINA_POSSUI_TITULO,total,Páginas com título descritivo na aba do navegador (WCAG 2.4.2),prop_0_100,prefeituras,100.0,2024
BA,3,Identificação Única,munic/MUNIC_AUTENTICACAO,munic,MUNIC_AUTENTICACAO,total,Autenticação para acessar serviços pela internet,prop_0_100,prefeituras,100.0,2024
BA,4,Segurança e LGPD,munic/MUNIC_LGPD,munic,MUNIC_LGPD,total,Disseminação de orientações sobre LGPD na prefeitura,prop_0_100,prefeituras,100.0,2024
BA,4,Segurança e LGPD,munic/MUNIC_LGPD_CANAL_TITULAR,munic,MUNIC_LGPD_CANAL_TITULAR,total,Canal pela internet para titulares de dados (LGPD),prop_0_100,prefeituras,100.0,2024
BA,4,Segurança e LGPD,munic/MUNIC_LGPD_CAPACIT,munic,MUNIC_LGPD_CAPACIT,total,Cursos de segurança da informação e proteção de dados para servidores,prop_0_100,prefeituras,100.0,2024
BA,4,Segurança e LGPD,munic/MUNIC_LGPD_REGULAMENT,munic,MUNIC_LGPD_REGULAMENT,total,Regulamentação municipal específica sobre LGPD,prop_0_100,prefeituras,100.0,2024
BA,4,Segurança e LGPD,munic/MUNIC_LGPD_RESP,munic,MUNIC_LGPD_RESP,total,Responsável LGPD designado no município,prop_0_100,prefeituras,100.0,2024
BA,5,Dados e Interoperabilidade,munic/MUNIC_DADOS_ABERTOS,munic,MUNIC_DADOS_ABERTOS,total,Portal de dados abertos,prop_0_100,prefeituras,100.0,2024
BA,6,Infraestrutura,censo_escolar/IN_COMPUTADOR,censo_escolar,IN_COMPUTADOR,total,% escolas com computador,binario_agregar,escolas,96.82,2024
BA,6,Infraestrutura,censo_escolar/IN_INTERNET,censo_escolar,IN_INTERNET,total,% escolas com acesso à Internet,binario_agregar,escolas,99.49,2024
BA,6,Infraestrutura,censo_escolar/IN_INTERNET_ALUNOS,censo_escolar,IN_INTERNET_ALUNOS,total,% escolas com Internet para alunos,binario_agregar,escolas,37.47,2024
BA,6,Infraestrutura,censo_escolar/IN_INTERNET_APRENDIZAGEM,censo_escolar,IN_INTERNET_APRENDIZAGEM,total,% escolas com Internet para ensino,binario_agregar,escolas,66.67,2024
BA,6,Infraestrutura,censo_escolar/IN_LABORATORIO_INFORMATICA,censo_escolar,IN_LABORATORIO_INFORMATICA,total,% escolas com laboratório de informática,binario_agregar,escolas,20.8,2024
BA,6,Infraestrutura,anatel/BLM02,anatel,BLM02,total,% de domicílios cobertos por telefonia móvel,pct_meta_100,domicilios,100.0,2025
BA,6,Infraestrutura,munic/MUNIC_CPD,munic,MUNIC_CPD,total,Centro de Processamento de Dados na prefeitura,prop_0_100,prefeituras,100.0,2024
BA,6,Infraestrutura,munic/MUNIC_INCLUSAO_DIGITAL,munic,MUNIC_INCLUSAO_DIGITAL,total,Programa ou ação de inclusão digital,prop_0_100,prefeituras,100.0,2024
BA,6,Infraestrutura,munic/MUNIC_INTERNET,munic,MUNIC_INTERNET,total,Municípios com evidência afirmativa de conexão à Internet,prop_0_100,prefeituras,100.0,2024
BA,6,Infraestrutura,munic/MUNIC_SMART_CENTRO_CONTROLE,munic,MUNIC_SMART_CENTRO_CONTROLE,total,Centro de controle operacional,prop_0_100,prefeituras,100.0,2024
BA,6,Infraestrutura,munic/MUNIC_SMART_ILUMINACAO,munic,MUNIC_SMART_ILUMINACAO,total,Iluminação inteligente com medição de consumo,prop_0_100,prefeituras,100.0,2024
BA,6,Infraestrutura,munic/MUNIC_SMART_SEMAFOROS,munic,MUNIC_SMART_SEMAFOROS,total,Semáforos inteligentes controlados a distância,prop_0_100,prefeituras,100.0,2024
BA,6,Infraestrutura,munic/MUNIC_SMART_SENSORES,munic,MUNIC_SMART_SENSORES,total,Sensores para monitoramento de áreas de risco,prop_0_100,prefeituras,100.0,2024
BA,6,Infraestrutura,munic/MUNIC_WIFI_PUBLICO,munic,MUNIC_WIFI_PUBLICO,total,Acesso público à Internet (Wi-Fi) pela prefeitura,prop_0_100,prefeituras,100.0,2024
BA,9,Transparência e Participação,munic/MUNIC_ATIV_REDES_CONSULTA,munic,MUNIC_ATIV_REDES_CONSULTA,total,Atividade em redes sociais — consulta pública/enquete,prop_0_100,prefeituras,100.0,2024
BA,9,Transparência e Participação,munic/MUNIC_CONSELHO_TRANSP,munic,MUNIC_CONSELHO_TRANSP,total,Existência de Conselho Municipal de Transparência,prop_0_100,prefeituras,0.0,2024
BA,9,Transparência e Participação,munic/MUNIC_LAI,munic,MUNIC_LAI,total,Disseminação de orientações sobre LAI na prefeitura,prop_0_100,prefeituras,100.0,2024
BA,9,Transparência e Participação,munic/MUNIC_LAI_LEI,munic,MUNIC_LAI_LEI,total,Legislação municipal específica sobre LAI,prop_0_100,prefeituras,100.0,2024
BA,9,Transparência e Participação,munic/MUNIC_LAI_PUBLICA_PR,munic,MUNIC_LAI_PUBLICA_PR,total,Publicação de perguntas e respostas feitas pela LAI,prop_0_100,prefeituras,0.0,2024
BA,9,Transparência e Participação,munic/MUNIC_LAI_SOLICITACOES,munic,MUNIC_LAI_SOLICITACOES,total,Solicitações de acesso à informação recebidas em 2023,prop_0_100,prefeituras,100.0,2024
BA,9,Transparência e Participação,munic/MUNIC_PARTICIPACAO,munic,MUNIC_PARTICIPACAO,total,Participação do cidadão pela internet,prop_0_100,prefeituras,100.0,2024
BA,9,Transparência e Participação,munic/MUNIC_PORTAL_TRANSP,munic,MUNIC_PORTAL_TRANSP,total,Portal da transparência,prop_0_100,prefeituras,100.0,2024
BA,9,Transparência e Participação,munic/MUNIC_SERV_INFO_FINANCAS,munic,MUNIC_SERV_INFO_FINANCAS,total,Serviço informativo — finanças públicas,prop_0_100,prefeituras,100.0,2024
MG,1,Governança do Governo Digital,munic/MUNIC_TI_ESTRUTURA,munic,MUNIC_TI_ESTRUTURA,total,Estrutura organizacional de TI na prefeitura,prop_0_100,prefeituras,100.0,2024
MG,2,Qualidade dos Serviços Digitais,munic/MUNIC_ACESS_IMAGENS,munic,MUNIC_ACESS_IMAGENS,total,Descrição do conteúdo das imagens,prop_0_100,prefeituras,100.0,2024
MG,2,Qualidade dos Serviços Digitais,munic/MUNIC_ACESS_LIBRAS,munic,MUNIC_ACESS_LIBRAS,total,Tradução de conteúdo em LIBRAS,prop_0_100,prefeituras,100.0,2024
MG,2,Qualidade dos Serviços Digitais,munic/MUNIC_ACESS_NAVEGACAO,munic,MUNIC_ACESS_NAVEGACAO,total,Navegação acessível por todos os itens interativos,prop_0_100,prefeituras,100.0,2024
MG,2,Qualidade dos Serviços Digitais,munic/MUNIC_ACESS_SALTAR,munic,MUNIC_ACESS_SALTAR,total,Tecnologia assistiva para saltar itens repetitivos,prop_0_100,prefeituras,100.0,2024
MG,2,Qualidade dos Serviços Digitais,munic/MUNIC_ATEND_DISTANCIA,munic,MUNIC_ATEND_DISTANCIA,total,Serviços de atendimento ao público a distância,prop_0_100,prefeituras,100.0,2024
MG,2,Qualidade dos Serviços Digitais,munic/MUNIC_ATIV_REDES_DIVULGAR,munic,MUNIC_ATIV_REDES_DIVULGAR,total,Atividade em redes sociais — divulgar serviços/campanhas,prop_0_100,prefeituras,100.0,2024
MG,2,Qualidade dos Serviços Digitais,munic/MUNIC_ATIV_REDES_NOTICIAS,munic,MUNIC_ATIV_REDES_NOTICIAS,total,Atividade em redes sociais — postar notícias,prop_0_100,prefeituras,100.0,2024
MG,2,Qualidade dos Serviços Digitais,munic/MUNIC_ATIV_REDES_RESPOSTAS,munic,MUNIC_ATIV_REDES_RESPOSTAS,total,Atividade em redes sociais — responder comentários,prop_0_100,prefeituras,100.0,2024
MG,2,Qualidade dos Serviços Digitais,munic/MUNIC_CELULAR_APP_OUTROS,munic,MUNIC_CELULAR_APP_OUTROS,total,Aplicativos criados por outros organismos,prop_0_100,prefeituras,100.0,2024
MG,2,Qualidade dos Serviços Digitais,munic/MUNIC_CELULAR_APP_PREF,munic,MUNIC_CELULAR_APP_PREF,total,Aplicativos criados pela prefeitura,prop_0_100,prefeituras,100.0,2024
MG,2,Qualidade dos Serviços Digitais,munic/MUNIC_CELULAR_BOLETOS,munic,MUNIC_CELULAR_BOLETOS,total,Emissão de boletos ou guias de pagamento,prop_0_100,prefeituras,100.0,2024
MG,2,Qualidade dos Serviços Digitais,munic/MUNIC_CELULAR_SMS_ENVIO,munic,MUNIC_CELULAR_SMS_ENVIO,total,Envio de SMS para o cidadão,prop_0_100,prefeituras,100.0,2024
MG,2,Qualidade dos Serviços Digitais,munic/MUNIC_CELULAR_SMS_RECEB,munic,MUNIC_CELULAR_SMS_RECEB,total,Recebimento de SMS pelo cidadão,prop_0_100,prefeituras,100.0,2024
MG,2,Qualidade dos Serviços Digitais,munic/MUNIC_CELULAR_WEBSITE_MOBILE,munic,MUNIC_CELULAR_WEBSITE_MOBILE,total,Website adaptado para dispositivos móveis,prop_0_100,prefeituras,100.0,2024
MG,2,Qualidade dos Serviços Digitais,munic/MUNIC_PAGINA_INTERNET,munic,MUNIC_PAGINA_INTERNET,total,Prefeitura com página na Internet,prop_0_100,prefeituras,100.0,2024
MG,2,Qualidade dos Serviços Digitais,munic/MUNIC_REDES_SOCIAIS,munic,MUNIC_REDES_SOCIAIS,total,Prefeitura com perfil em plataformas online,prop_0_100,prefeituras,100.0,2024
MG,2,Qualidade dos Serviços Digitais,munic/MUNIC_SERV_INFO_CONCURSOS,munic,MUNIC_SERV_INFO_CONCURSOS,total,Serviço informativo — concursos públicos,prop_0_100,prefeituras,100.0,2024
MG,2,Qualidade dos Serviços Digitais,munic/MUNIC_SERV_INFO_DIARIO,munic,MUNIC_SERV_INFO_DIARIO,total,Serviço informativo — diário oficial,prop_0_100,prefeituras,100.0,2024
MG,2,Qualidade dos Serviços Digitais,munic/MUNIC_SERV_INFO_DOCUMENTOS,munic,MUNIC_SERV_INFO_DOCUMENTOS,total,Serviço informativo — acesso a documentos/formulários,prop_0_100,prefeituras,100.0,2024
MG,2,Qualidade dos Serviços Digitais,munic/MUNIC_SERV_INFO_LEGISLACAO,munic,MUNIC_SERV_INFO_LEGISLACAO,total,Serviço informativo — legislação municipal,prop_0_100,prefeituras,100.0,2024
MG,2,Qualidade dos Serviços Digitais,munic/MUNIC_SERV_INFO_LICITACOES,munic,MUNIC_SERV_INFO_LICITACOES,total,Serviço informativo — licitações,prop_0_100,prefeituras,100.0,2024
MG,2,Qualidade dos Serviços Digitais,munic/MUNIC_SERV_INFO_NOTICIAS,munic,MUNIC_SERV_INFO_NOTICIAS,total,Serviço informativo na página — notícias,prop_0_100,prefeituras,100.0,2024
MG,2,Qualidade dos Serviços Digitais,munic/MUNIC_SERV_TRANS_CERTIDAO,munic,MUNIC_SERV_TRANS_CERTIDAO,total,Serviço transacional — certidão negativa de débito,prop_0_100,prefeituras,100.0,2024
MG,2,Qualidade dos Serviços Digitais,munic/MUNIC_SERV_TRANS_DOWNLOAD,munic,MUNIC_SERV_TRANS_DOWNLOAD,total,Serviço transacional — download de documentos,prop_0_100,prefeituras,100.0,2024
MG,2,Qualidade dos Serviços Digitais,munic/MUNIC_SERV_TRANS_MATRICULA,munic,MUNIC_SERV_TRANS_MATRICULA,total,Serviço transacional — matrícula escolar online,prop_0_100,prefeituras,100.0,2024
MG,2,Qualidade dos Serviços Digitais,munic/MUNIC_SERV_TRANS_NFE,munic,MUNIC_SERV_TRANS_NFE,total,Serviço transacional — Nota Fiscal Eletrônica,prop_0_100,prefeituras,100.0,2024
MG,2,Qualidade dos Serviços Digitais,munic/MUNIC_SERV_TRANS_OUVIDORIA,munic,MUNIC_SERV_TRANS_OUVIDORIA,total,Serviço transacional — ouvidoria online,prop_0_100,prefeituras,100.0,2024
MG,2,Qualidade dos Serviços Digitais,munic/MUNIC_SERV_TRANS_PROCESSOS,munic,MUNIC_SERV_TRANS_PROCESSOS,total,Serviço transacional — consulta a processos,prop_0_100,prefeituras,100.0,2024
MG,2,Qualidade dos Serviços Digitais,munic/MUNIC_SERV_TRANS_SATISFACAO,munic,MUNIC_SERV_TRANS_SATISFACAO,total,Serviço transacional — pesquisa de satisfação,prop_0_100,prefeituras,100.0,2024
MG,2,Qualidade dos Serviços Digitais,munic/MUNIC_SERV_TRANS_SAUDE,munic,MUNIC_SERV_TRANS_SAUDE,total,Serviço transacional — agendamento consulta saúde,prop_0_100,prefeituras,100.0,2024
MG,2,Qualidade dos Serviços Digitais,munic/MUNIC_SERV_TRANS_TRIBUTOS,munic,MUNIC_SERV_TRANS_TRIBUTOS,total,Serviço transacional — guia de pagamento de tributos,prop_0_100,prefeituras,100.0,2024
MG,2,Qualidade dos Serviços Digitais,munic/MUNIC_SMART_BILHETE,munic,MUNIC_SMART_BILHETE,total,Bilhete eletrônico no transporte público,prop_0_100,prefeituras,100.0,2024
MG,2,Qualidade dos Serviços Digitais,munic/MUNIC_SMART_GPS_ONIBUS,munic,MUNIC_SMART_GPS_ONIBUS,total,Ônibus com GPS para informação ao usuário,prop_0_100,prefeituras,100.0,2024
MG,2,Qualidade dos Serviços Digitais,munic/PAGINA_POSSUI_TITULO,munic,PAGINA_POSSUI_TITULO,total,Páginas com título descritivo na aba do navegador (WCAG 2.4.2),prop_0_100,prefeituras,100.0,2024
MG,3,Identificação Única,munic/MUNIC_AUTENTICACAO,munic,MUNIC_AUTENTICACAO,total,Autenticação para acessar serviços pela internet,prop_0_100,prefeituras,100.0,2024
MG,4,Segurança e LGPD,munic/MUNIC_LGPD,munic,MUNIC_LGPD,total,Disseminação de orientações sobre LGPD na prefeitura,prop_0_100,prefeituras,100.0,2024
MG,4,Segurança e LGPD,munic/MUNIC_LGPD_CANAL_TITULAR,munic,MUNIC_LGPD_CANAL_TITULAR,total,Canal pela internet para titulares de dados (LGPD),prop_0_100,prefeituras,100.0,2024
MG,4,Segurança e LGPD,munic/MUNIC_LGPD_CAPACIT,munic,MUNIC_LGPD_CAPACIT,total,Cursos de segurança da informação e proteção de dados para servidores,prop_0_100,prefeituras,100.0,2024
MG,4,Segurança e LGPD,munic/MUNIC_LGPD_REGULAMENT,munic,MUNIC_LGPD_REGULAMENT,total,Regulamentação municipal específica sobre LGPD,prop_0_100,prefeituras,100.0,2024
MG,4,Segurança e LGPD,munic/MUNIC_LGPD_RESP,munic,MUNIC_LGPD_RESP,total,Responsável LGPD designado no município,prop_0_100,prefeituras,100.0,2024
MG,5,Dados e Interoperabilidade,munic/MUNIC_DADOS_ABERTOS,munic,MUNIC_DADOS_ABERTOS,total,Portal de dados abertos,prop_0_100,prefeituras,100.0,2024
MG,6,Infraestrutura,censo_escolar/IN_COMPUTADOR,censo_escolar,IN_COMPUTADOR,total,% escolas com computador,binario_agregar,escolas,98.4,2024
MG,6,Infraestrutura,censo_escolar/IN_INTERNET,censo_escolar,IN_INTERNET,total,% escolas com acesso à Internet,binario_agregar,escolas,99.93,2024
MG,6,Infraestrutura,censo_escolar/IN_INTERNET_ALUNOS,censo_escolar,IN_INTERNET_ALUNOS,total,% escolas com Internet para alunos,binario_agregar,escolas,56.49,2024
MG,6,Infraestrutura,censo_escolar/IN_INTERNET_APRENDIZAGEM,censo_escolar,IN_INTERNET_APRENDIZAGEM,total,% escolas com Internet para ensino,binario_agregar,escolas,76.02,2024
MG,6,Infraestrutura,censo_escolar/IN_LABORATORIO_INFORMATICA,censo_escolar,IN_LABORATORIO_INFORMATICA,total,% escolas com laboratório de informática,binario_agregar,escolas,42.42,2024
MG,6,Infraestrutura,anatel/BLM02,anatel,BLM02,total,% de domicílios cobertos por telefonia móvel,pct_meta_100,domicilios,100.0,2025
MG,6,Infraestrutura,munic/MUNIC_CPD,munic,MUNIC_CPD,total,Centro de Processamento de Dados na prefeitura,prop_0_100,prefeituras,100.0,2024
MG,6,Infraestrutura,munic/MUNIC_INCLUSAO_DIGITAL,munic,MUNIC_INCLUSAO_DIGITAL,total,Programa ou ação de inclusão digital,prop_0_100,prefeituras,100.0,2024
MG,6,Infraestrutura,munic/MUNIC_INTERNET,munic,MUNIC_INTERNET,total,Municípios com evidência afirmativa de conexão à Internet,prop_0_100,prefeituras,100.0,2024
MG,6,Infraestrutura,munic/MUNIC_SMART_CENTRO_CONTROLE,munic,MUNIC_SMART_CENTRO_CONTROLE,total,Centro de controle operacional,prop_0_100,prefeituras,100.0,2024
MG,6,Infraestrutura,munic/MUNIC_SMART_ILUMINACAO,munic,MUNIC_SMART_ILUMINACAO,total,Iluminação inteligente com medição de consumo,prop_0_100,prefeituras,100.0,2024
MG,6,Infraestrutura,munic/MUNIC_SMART_SEMAFOROS,munic,MUNIC_SMART_SEMAFOROS,total,Semáforos inteligentes controlados a distância,prop_0_100,prefeituras,100.0,2024
MG,6,Infraestrutura,munic/MUNIC_SMART_SENSORES,munic,MUNIC_SMART_SENSORES,total,Sensores para monitoramento de áreas de risco,prop_0_100,prefeituras,100.0,2024
MG,6,Infraestrutura,munic/MUNIC_WIFI_PUBLICO,munic,MUNIC_WIFI_PUBLICO,total,Acesso público à Internet (Wi-Fi) pela prefeitura,prop_0_100,prefeituras,100.0,2024
MG,9,Transparência e Participação,munic/MUNIC_ATIV_REDES_CONSULTA,munic,MUNIC_ATIV_REDES_CONSULTA,total,Atividade em redes sociais — consulta pública/enquete,prop_0_100,prefeituras,100.0,2024
MG,9,Transparência e Participação,munic/MUNIC_CONSELHO_TRANSP,munic,MUNIC_CONSELHO_TRANSP,total,Existência de Conselho Municipal de Transparência,prop_0_100,prefeituras,0.0,2024
MG,9,Transparência e Participação,munic/MUNIC_LAI,munic,MUNIC_LAI,total,Disseminação de orientações sobre LAI na prefeitura,prop_0_100,prefeituras,100.0,2024
MG,9,Transparência e Participação,munic/MUNIC_LAI_LEI,munic,MUNIC_LAI_LEI,total,Legislação municipal específica sobre LAI,prop_0_100,prefeituras,100.0,2024
MG,9,Transparência e Participação,munic/MUNIC_LAI_PUBLICA_PR,munic,MUNIC_LAI_PUBLICA_PR,total,Publicação de perguntas e respostas feitas pela LAI,prop_0_100,prefeituras,0.0,2024
MG,9,Transparência e Participação,munic/MUNIC_LAI_SOLICITACOES,munic,MUNIC_LAI_SOLICITACOES,total,Solicitações de acesso à informação recebidas em 2023,prop_0_100,prefeituras,100.0,2024
MG,9,Transparência e Participação,munic/MUNIC_PARTICIPACAO,munic,MUNIC_PARTICIPACAO,total,Participação do cidadão pela internet,prop_0_100,prefeituras,100.0,2024
MG,9,Transparência e Participação,munic/MUNIC_PORTAL_TRANSP,munic,MUNIC_PORTAL_TRANSP,total,Portal da transparência,prop_0_100,prefeituras,100.0,2024
MG,9,Transparência e Participação,munic/MUNIC_SERV_INFO_FINANCAS,munic,MUNIC_SERV_INFO_FINANCAS,total,Serviço informativo — finanças públicas,prop_0_100,prefeituras,100.0,2024
ES,1,Governança do Governo Digital,munic/MUNIC_TI_ESTRUTURA,munic,MUNIC_TI_ESTRUTURA,total,Estrutura organizacional de TI na prefeitura,prop_0_100,prefeituras,100.0,2024
ES,2,Qualidade dos Serviços Digitais,munic/MUNIC_ACESS_IMAGENS,munic,MUNIC_ACESS_IMAGENS,total,Descrição do conteúdo das imagens,prop_0_100,prefeituras,100.0,2024
ES,2,Qualidade dos Serviços Digitais,munic/MUNIC_ACESS_LIBRAS,munic,MUNIC_ACESS_LIBRAS,total,Tradução de conteúdo em LIBRAS,prop_0_100,prefeituras,100.0,2024
ES,2,Qualidade dos Serviços Digitais,munic/MUNIC_ACESS_NAVEGACAO,munic,MUNIC_ACESS_NAVEGACAO,total,Navegação acessível por todos os itens interativos,prop_0_100,prefeituras,100.0,2024
ES,2,Qualidade dos Serviços Digitais,munic/MUNIC_ACESS_SALTAR,munic,MUNIC_ACESS_SALTAR,total,Tecnologia assistiva para saltar itens repetitivos,prop_0_100,prefeituras,100.0,2024
ES,2,Qualidade dos Serviços Digitais,munic/MUNIC_ATEND_DISTANCIA,munic,MUNIC_ATEND_DISTANCIA,total,Serviços de atendimento ao público a distância,prop_0_100,prefeituras,100.0,2024
ES,2,Qualidade dos Serviços Digitais,munic/MUNIC_ATIV_REDES_DIVULGAR,munic,MUNIC_ATIV_REDES_DIVULGAR,total,Atividade em redes sociais — divulgar serviços/campanhas,prop_0_100,prefeituras,100.0,2024
ES,2,Qualidade dos Serviços Digitais,munic/MUNIC_ATIV_REDES_NOTICIAS,munic,MUNIC_ATIV_REDES_NOTICIAS,total,Atividade em redes sociais — postar notícias,prop_0_100,prefeituras,100.0,2024
ES,2,Qualidade dos Serviços Digitais,munic/MUNIC_ATIV_REDES_RESPOSTAS,munic,MUNIC_ATIV_REDES_RESPOSTAS,total,Atividade em redes sociais — responder comentários,prop_0_100,prefeituras,100.0,2024
ES,2,Qualidade dos Serviços Digitais,munic/MUNIC_CELULAR_APP_OUTROS,munic,MUNIC_CELULAR_APP_OUTROS,total,Aplicativos criados por outros organismos,prop_0_100,prefeituras,0.0,2024
ES,2,Qualidade dos Serviços Digitais,munic/MUNIC_CELULAR_APP_PREF,munic,MUNIC_CELULAR_APP_PREF,total,Aplicativos criados pela prefeitura,prop_0_100,prefeituras,100.0,2024
ES,2,Qualidade dos Serviços Digitais,munic/MUNIC_CELULAR_BOLETOS,munic,MUNIC_CELULAR_BOLETOS,total,Emissão de boletos ou guias de pagamento,prop_0_100,prefeituras,100.0,2024
ES,2,Qualidade dos Serviços Digitais,munic/MUNIC_CELULAR_SMS_ENVIO,munic,MUNIC_CELULAR_SMS_ENVIO,total,Envio de SMS para o cidadão,prop_0_100,prefeituras,100.0,2024
ES,2,Qualidade dos Serviços Digitais,munic/MUNIC_CELULAR_SMS_RECEB,munic,MUNIC_CELULAR_SMS_RECEB,total,Recebimento de SMS pelo cidadão,prop_0_100,prefeituras,0.0,2024
ES,2,Qualidade dos Serviços Digitais,munic/MUNIC_CELULAR_WEBSITE_MOBILE,munic,MUNIC_CELULAR_WEBSITE_MOBILE,total,Website adaptado para dispositivos móveis,prop_0_100,prefeituras,0.0,2024
ES,2,Qualidade dos Serviços Digitais,munic/MUNIC_PAGINA_INTERNET,munic,MUNIC_PAGINA_INTERNET,total,Prefeitura com página na Internet,prop_0_100,prefeituras,100.0,2024
ES,2,Qualidade dos Serviços Digitais,munic/MUNIC_REDES_SOCIAIS,munic,MUNIC_REDES_SOCIAIS,total,Prefeitura com perfil em plataformas online,prop_0_100,prefeituras,100.0,2024
ES,2,Qualidade dos Serviços Digitais,munic/MUNIC_SERV_INFO_CONCURSOS,munic,MUNIC_SERV_INFO_CONCURSOS,total,Serviço informativo — concursos públicos,prop_0_100,prefeituras,100.0,2024
ES,2,Qualidade dos Serviços Digitais,munic/MUNIC_SERV_INFO_DIARIO,munic,MUNIC_SERV_INFO_DIARIO,total,Serviço informativo — diário oficial,prop_0_100,prefeituras,100.0,2024
ES,2,Qualidade dos Serviços Digitais,munic/MUNIC_SERV_INFO_DOCUMENTOS,munic,MUNIC_SERV_INFO_DOCUMENTOS,total,Serviço informativo — acesso a documentos/formulários,prop_0_100,prefeituras,100.0,2024
ES,2,Qualidade dos Serviços Digitais,munic/MUNIC_SERV_INFO_LEGISLACAO,munic,MUNIC_SERV_INFO_LEGISLACAO,total,Serviço informativo — legislação municipal,prop_0_100,prefeituras,100.0,2024
ES,2,Qualidade dos Serviços Digitais,munic/MUNIC_SERV_INFO_LICITACOES,munic,MUNIC_SERV_INFO_LICITACOES,total,Serviço informativo — licitações,prop_0_100,prefeituras,100.0,2024
ES,2,Qualidade dos Serviços Digitais,munic/MUNIC_SERV_INFO_NOTICIAS,munic,MUNIC_SERV_INFO_NOTICIAS,total,Serviço informativo na página — notícias,prop_0_100,prefeituras,100.0,2024
ES,2,Qualidade dos Serviços Digitais,munic/MUNIC_SERV_TRANS_CERTIDAO,munic,MUNIC_SERV_TRANS_CERTIDAO,total,Serviço transacional — certidão negativa de débito,prop_0_100,prefeituras,100.0,2024
ES,2,Qualidade dos Serviços Digitais,munic/MUNIC_SERV_TRANS_DOWNLOAD,munic,MUNIC_SERV_TRANS_DOWNLOAD,total,Serviço transacional — download de documentos,prop_0_100,prefeituras,100.0,2024
ES,2,Qualidade dos Serviços Digitais,munic/MUNIC_SERV_TRANS_MATRICULA,munic,MUNIC_SERV_TRANS_MATRICULA,total,Serviço transacional — matrícula escolar online,prop_0_100,prefeituras,100.0,2024
ES,2,Qualidade dos Serviços Digitais,munic/MUNIC_SERV_TRANS_NFE,munic,MUNIC_SERV_TRANS_NFE,total,Serviço transacional — Nota Fiscal Eletrônica,prop_0_100,prefeituras,100.0,2024
ES,2,Qualidade dos Serviços Digitais,munic/MUNIC_SERV_TRANS_OUVIDORIA,munic,MUNIC_SERV_TRANS_OUVIDORIA,total,Serviço transacional — ouvidoria online,prop_0_100,prefeituras,100.0,2024
ES,2,Qualidade dos Serviços Digitais,munic/MUNIC_SERV_TRANS_PROCESSOS,munic,MUNIC_SERV_TRANS_PROCESSOS,total,Serviço transacional — consulta a processos,prop_0_100,prefeituras,100.0,2024
ES,2,Qualidade dos Serviços Digitais,munic/MUNIC_SERV_TRANS_SATISFACAO,munic,MUNIC_SERV_TRANS_SATISFACAO,total,Serviço transacional — pesquisa de satisfação,prop_0_100,prefeituras,0.0,2024
ES,2,Qualidade dos Serviços Digitais,munic/MUNIC_SERV_TRANS_SAUDE,munic,MUNIC_SERV_TRANS_SAUDE,total,Serviço transacional — agendamento consulta saúde,prop_0_100,prefeituras,100.0,2024
ES,2,Qualidade dos Serviços Digitais,munic/MUNIC_SERV_TRANS_TRIBUTOS,munic,MUNIC_SERV_TRANS_TRIBUTOS,total,Serviço transacional — guia de pagamento de tributos,prop_0_100,prefeituras,100.0,2024
ES,2,Qualidade dos Serviços Digitais,munic/MUNIC_SMART_BILHETE,munic,MUNIC_SMART_BILHETE,total,Bilhete eletrônico no transporte público,prop_0_100,prefeituras,100.0,2024
ES,2,Qualidade dos Serviços Digitais,munic/MUNIC_SMART_GPS_ONIBUS,munic,MUNIC_SMART_GPS_ONIBUS,total,Ônibus com GPS para informação ao usuário,prop_0_100,prefeituras,0.0,2024
ES,2,Qualidade dos Serviços Digitais,munic/PAGINA_POSSUI_TITULO,munic,PAGINA_POSSUI_TITULO,total,Páginas com título descritivo na aba do navegador (WCAG 2.4.2),prop_0_100,prefeituras,100.0,2024
ES,3,Identificação Única,munic/MUNIC_AUTENTICACAO,munic,MUNIC_AUTENTICACAO,total,Autenticação para acessar serviços pela internet,prop_0_100,prefeituras,0.0,2024
ES,4,Segurança e LGPD,munic/MUNIC_LGPD,munic,MUNIC_LGPD,total,Disseminação de orientações sobre LGPD na prefeitura,prop_0_100,prefeituras,100.0,2024
ES,4,Segurança e LGPD,munic/MUNIC_LGPD_CANAL_TITULAR,munic,MUNIC_LGPD_CANAL_TITULAR,total,Canal pela internet para titulares de dados (LGPD),prop_0_100,prefeituras,0.0,2024
ES,4,Segurança e LGPD,munic/MUNIC_LGPD_CAPACIT,munic,MUNIC_LGPD_CAPACIT,total,Cursos de segurança da informação e proteção de dados para servidores,prop_0_100,prefeituras,100.0,2024
ES,4,Segurança e LGPD,munic/MUNIC_LGPD_REGULAMENT,munic,MUNIC_LGPD_REGULAMENT,total,Regulamentação municipal específica sobre LGPD,prop_0_100,prefeituras,100.0,2024
ES,4,Segurança e LGPD,munic/MUNIC_LGPD_RESP,munic,MUNIC_LGPD_RESP,total,Responsável LGPD designado no município,prop_0_100,prefeituras,100.0,2024
ES,5,Dados e Interoperabilidade,munic/MUNIC_DADOS_ABERTOS,munic,MUNIC_DADOS_ABERTOS,total,Portal de dados abertos,prop_0_100,prefeituras,100.0,2024
ES,6,Infraestrutura,censo_escolar/IN_COMPUTADOR,censo_escolar,IN_COMPUTADOR,total,% escolas com computador,binario_agregar,escolas,99.47,2024
ES,6,Infraestrutura,censo_escolar/IN_INTERNET,censo_escolar,IN_INTERNET,total,% escolas com acesso à Internet,binario_agregar,escolas,100.0,2024
ES,6,Infraestrutura,censo_escolar/IN_INTERNET_ALUNOS,censo_escolar,IN_INTERNET_ALUNOS,total,% escolas com Internet para alunos,binario_agregar,escolas,65.96,2024
ES,6,Infraestrutura,censo_escolar/IN_INTERNET_APRENDIZAGEM,censo_escolar,IN_INTERNET_APRENDIZAGEM,total,% escolas com Internet para ensino,binario_agregar,escolas,80.32,2024
ES,6,Infraestrutura,censo_escolar/IN_LABORATORIO_INFORMATICA,censo_escolar,IN_LABORATORIO_INFORMATICA,total,% escolas com laboratório de informática,binario_agregar,escolas,65.96,2024
ES,6,Infraestrutura,anatel/BLM02,anatel,BLM02,total,% de domicílios cobertos por telefonia móvel,pct_meta_100,domicilios,100.0,2025
ES,6,Infraestrutura,munic/MUNIC_CPD,munic,MUNIC_CPD,total,Centro de Processamento de Dados na prefeitura,prop_0_100,prefeituras,100.0,2024
ES,6,Infraestrutura,munic/MUNIC_INCLUSAO_DIGITAL,munic,MUNIC_INCLUSAO_DIGITAL,total,Programa ou ação de inclusão digital,prop_0_100,prefeituras,100.0,2024
ES,6,Infraestrutura,munic/MUNIC_INTERNET,munic,MUNIC_INTERNET,total,Municípios com evidência afirmativa de conexão à Internet,prop_0_100,prefeituras,100.0,2024
ES,6,Infraestrutura,munic/MUNIC_SMART_CENTRO_CONTROLE,munic,MUNIC_SMART_CENTRO_CONTROLE,total,Centro de controle operacional,prop_0_100,prefeituras,100.0,2024
ES,6,Infraestrutura,munic/MUNIC_SMART_ILUMINACAO,munic,MUNIC_SMART_ILUMINACAO,total,Iluminação inteligente com medição de consumo,prop_0_100,prefeituras,0.0,2024
ES,6,Infraestrutura,munic/MUNIC_SMART_SEMAFOROS,munic,MUNIC_SMART_SEMAFOROS,total,Semáforos inteligentes controlados a distância,prop_0_100,prefeituras,100.0,2024
ES,6,Infraestrutura,munic/MUNIC_SMART_SENSORES,munic,MUNIC_SMART_SENSORES,total,Sensores para monitoramento de áreas de risco,prop_0_100,prefeituras,0.0,2024
ES,6,Infraestrutura,munic/MUNIC_WIFI_PUBLICO,munic,MUNIC_WIFI_PUBLICO,total,Acesso público à Internet (Wi-Fi) pela prefeitura,prop_0_100,prefeituras,100.0,2024
ES,9,Transparência e Participação,munic/MUNIC_ATIV_REDES_CONSULTA,munic,MUNIC_ATIV_REDES_CONSULTA,total,Atividade em redes sociais — consulta pública/enquete,prop_0_100,prefeituras,100.0,2024
ES,9,Transparência e Participação,munic/MUNIC_CONSELHO_TRANSP,munic,MUNIC_CONSELHO_TRANSP,total,Existência de Conselho Municipal de Transparência,prop_0_100,prefeituras,100.0,2024
ES,9,Transparência e Participação,munic/MUNIC_LAI,munic,MUNIC_LAI,total,Disseminação de orientações sobre LAI na prefeitura,prop_0_100,prefeituras,100.0,2024
ES,9,Transparência e Participação,munic/MUNIC_LAI_LEI,munic,MUNIC_LAI_LEI,total,Legislação municipal específica sobre LAI,prop_0_100,prefeituras,100.0,2024
ES,9,Transparência e Participação,munic/MUNIC_LAI_PUBLICA_PR,munic,MUNIC_LAI_PUBLICA_PR,total,Publicação de perguntas e respostas feitas pela LAI,prop_0_100,prefeituras,0.0,2024
ES,9,Transparência e Participação,munic/MUNIC_LAI_SOLICITACOES,munic,MUNIC_LAI_SOLICITACOES,total,Solicitações de acesso à informação recebidas em 2023,prop_0_100,prefeituras,100.0,2024
ES,9,Transparência e Participação,munic/MUNIC_PARTICIPACAO,munic,MUNIC_PARTICIPACAO,total,Participação do cidadão pela internet,prop_0_100,prefeituras,100.0,2024
ES,9,Transparência e Participação,munic/MUNIC_PORTAL_TRANSP,munic,MUNIC_PORTAL_TRANSP,total,Portal da transparência,prop_0_100,prefeituras,100.0,2024
ES,9,Transparência e Participação,munic/MUNIC_SERV_INFO_FINANCAS,munic,MUNIC_SERV_INFO_FINANCAS,total,Serviço informativo — finanças públicas,prop_0_100,prefeituras,100.0,2024
RJ,1,Governança do Governo Digital,munic/MUNIC_TI_ESTRUTURA,munic,MUNIC_TI_ESTRUTURA,total,Estrutura organizacional de TI na prefeitura,prop_0_100,prefeituras,100.0,2024
RJ,2,Qualidade dos Serviços Digitais,munic/MUNIC_ACESS_IMAGENS,munic,MUNIC_ACESS_IMAGENS,total,Descrição do conteúdo das imagens,prop_0_100,prefeituras,0.0,2024
RJ,2,Qualidade dos Serviços Digitais,munic/MUNIC_ACESS_LIBRAS,munic,MUNIC_ACESS_LIBRAS,total,Tradução de conteúdo em LIBRAS,prop_0_100,prefeituras,100.0,2024
RJ,2,Qualidade dos Serviços Digitais,munic/MUNIC_ACESS_NAVEGACAO,munic,MUNIC_ACESS_NAVEGACAO,total,Navegação acessível por todos os itens interativos,prop_0_100,prefeituras,100.0,2024
RJ,2,Qualidade dos Serviços Digitais,munic/MUNIC_ACESS_SALTAR,munic,MUNIC_ACESS_SALTAR,total,Tecnologia assistiva para saltar itens repetitivos,prop_0_100,prefeituras,0.0,2024
RJ,2,Qualidade dos Serviços Digitais,munic/MUNIC_ATEND_DISTANCIA,munic,MUNIC_ATEND_DISTANCIA,total,Serviços de atendimento ao público a distância,prop_0_100,prefeituras,100.0,2024
RJ,2,Qualidade dos Serviços Digitais,munic/MUNIC_ATIV_REDES_DIVULGAR,munic,MUNIC_ATIV_REDES_DIVULGAR,total,Atividade em redes sociais — divulgar serviços/campanhas,prop_0_100,prefeituras,100.0,2024
RJ,2,Qualidade dos Serviços Digitais,munic/MUNIC_ATIV_REDES_NOTICIAS,munic,MUNIC_ATIV_REDES_NOTICIAS,total,Atividade em redes sociais — postar notícias,prop_0_100,prefeituras,100.0,2024
RJ,2,Qualidade dos Serviços Digitais,munic/MUNIC_ATIV_REDES_RESPOSTAS,munic,MUNIC_ATIV_REDES_RESPOSTAS,total,Atividade em redes sociais — responder comentários,prop_0_100,prefeituras,100.0,2024
RJ,2,Qualidade dos Serviços Digitais,munic/MUNIC_CELULAR_APP_OUTROS,munic,MUNIC_CELULAR_APP_OUTROS,total,Aplicativos criados por outros organismos,prop_0_100,prefeituras,0.0,2024
RJ,2,Qualidade dos Serviços Digitais,munic/MUNIC_CELULAR_APP_PREF,munic,MUNIC_CELULAR_APP_PREF,total,Aplicativos criados pela prefeitura,prop_0_100,prefeituras,0.0,2024
RJ,2,Qualidade dos Serviços Digitais,munic/MUNIC_CELULAR_BOLETOS,munic,MUNIC_CELULAR_BOLETOS,total,Emissão de boletos ou guias de pagamento,prop_0_100,prefeituras,100.0,2024
RJ,2,Qualidade dos Serviços Digitais,munic/MUNIC_CELULAR_SMS_ENVIO,munic,MUNIC_CELULAR_SMS_ENVIO,total,Envio de SMS para o cidadão,prop_0_100,prefeituras,0.0,2024
RJ,2,Qualidade dos Serviços Digitais,munic/MUNIC_CELULAR_SMS_RECEB,munic,MUNIC_CELULAR_SMS_RECEB,total,Recebimento de SMS pelo cidadão,prop_0_100,prefeituras,0.0,2024
RJ,2,Qualidade dos Serviços Digitais,munic/MUNIC_CELULAR_WEBSITE_MOBILE,munic,MUNIC_CELULAR_WEBSITE_MOBILE,total,Website adaptado para dispositivos móveis,prop_0_100,prefeituras,100.0,2024
RJ,2,Qualidade dos Serviços Digitais,munic/MUNIC_PAGINA_INTERNET,munic,MUNIC_PAGINA_INTERNET,total,Prefeitura com página na Internet,prop_0_100,prefeituras,100.0,2024
RJ,2,Qualidade dos Serviços Digitais,munic/MUNIC_REDES_SOCIAIS,munic,MUNIC_REDES_SOCIAIS,total,Prefeitura com perfil em plataformas online,prop_0_100,prefeituras,100.0,2024
RJ,2,Qualidade dos Serviços Digitais,munic/MUNIC_SERV_INFO_CONCURSOS,munic,MUNIC_SERV_INFO_CONCURSOS,total,Serviço informativo — concursos públicos,prop_0_100,prefeituras,100.0,2024
RJ,2,Qualidade dos Serviços Digitais,munic/MUNIC_SERV_INFO_DIARIO,munic,MUNIC_SERV_INFO_DIARIO,total,Serviço informativo — diário oficial,prop_0_100,prefeituras,100.0,2024
RJ,2,Qualidade dos Serviços Digitais,munic/MUNIC_SERV_INFO_DOCUMENTOS,munic,MUNIC_SERV_INFO_DOCUMENTOS,total,Serviço informativo — acesso a documentos/formulários,prop_0_100,prefeituras,100.0,2024
RJ,2,Qualidade dos Serviços Digitais,munic/MUNIC_SERV_INFO_LEGISLACAO,munic,MUNIC_SERV_INFO_LEGISLACAO,total,Serviço informativo — legislação municipal,prop_0_100,prefeituras,100.0,2024
RJ,2,Qualidade dos Serviços Digitais,munic/MUNIC_SERV_INFO_LICITACOES,munic,MUNIC_SERV_INFO_LICITACOES,total,Serviço informativo — licitações,prop_0_100,prefeituras,100.0,2024
RJ,2,Qualidade dos Serviços Digitais,munic/MUNIC_SERV_INFO_NOTICIAS,munic,MUNIC_SERV_INFO_NOTICIAS,total,Serviço informativo na página — notícias,prop_0_100,prefeituras,100.0,2024
RJ,2,Qualidade dos Serviços Digitais,munic/MUNIC_SERV_TRANS_CERTIDAO,munic,MUNIC_SERV_TRANS_CERTIDAO,total,Serviço transacional — certidão negativa de débito,prop_0_100,prefeituras,100.0,2024
RJ,2,Qualidade dos Serviços Digitais,munic/MUNIC_SERV_TRANS_DOWNLOAD,munic,MUNIC_SERV_TRANS_DOWNLOAD,total,Serviço transacional — download de documentos,prop_0_100,prefeituras,100.0,2024
RJ,2,Qualidade dos Serviços Digitais,munic/MUNIC_SERV_TRANS_MATRICULA,munic,MUNIC_SERV_TRANS_MATRICULA,total,Serviço transacional — matrícula escolar online,prop_0_100,prefeituras,100.0,2024
RJ,2,Qualidade dos Serviços Digitais,munic/MUNIC_SERV_TRANS_NFE,munic,MUNIC_SERV_TRANS_NFE,total,Serviço transacional — Nota Fiscal Eletrônica,prop_0_100,prefeituras,100.0,2024
RJ,2,Qualidade dos Serviços Digitais,munic/MUNIC_SERV_TRANS_OUVIDORIA,munic,MUNIC_SERV_TRANS_OUVIDORIA,total,Serviço transacional — ouvidoria online,prop_0_100,prefeituras,100.0,2024
RJ,2,Qualidade dos Serviços Digitais,munic/MUNIC_SERV_TRANS_PROCESSOS,munic,MUNIC_SERV_TRANS_PROCESSOS,total,Serviço transacional — consulta a processos,prop_0_100,prefeituras,100.0,2024
RJ,2,Qualidade dos Serviços Digitais,munic/MUNIC_SERV_TRANS_SATISFACAO,munic,MUNIC_SERV_TRANS_SATISFACAO,total,Serviço transacional — pesquisa de satisfação,prop_0_100,prefeituras,100.0,2024
RJ,2,Qualidade dos Serviços Digitais,munic/MUNIC_SERV_TRANS_SAUDE,munic,MUNIC_SERV_TRANS_SAUDE,total,Serviço transacional — agendamento consulta saúde,prop_0_100,prefeituras,0.0,2024
RJ,2,Qualidade dos Serviços Digitais,munic/MUNIC_SERV_TRANS_TRIBUTOS,munic,MUNIC_SERV_TRANS_TRIBUTOS,total,Serviço transacional — guia de pagamento de tributos,prop_0_100,prefeituras,100.0,2024
RJ,2,Qualidade dos Serviços Digitais,munic/MUNIC_SMART_BILHETE,munic,MUNIC_SMART_BILHETE,total,Bilhete eletrônico no transporte público,prop_0_100,prefeituras,100.0,2024
RJ,2,Qualidade dos Serviços Digitais,munic/MUNIC_SMART_GPS_ONIBUS,munic,MUNIC_SMART_GPS_ONIBUS,total,Ônibus com GPS para informação ao usuário,prop_0_100,prefeituras,100.0,2024
RJ,2,Qualidade dos Serviços Digitais,munic/PAGINA_POSSUI_TITULO,munic,PAGINA_POSSUI_TITULO,total,Páginas com título descritivo na aba do navegador (WCAG 2.4.2),prop_0_100,prefeituras,100.0,2024
RJ,3,Identificação Única,munic/MUNIC_AUTENTICACAO,munic,MUNIC_AUTENTICACAO,total,Autenticação para acessar serviços pela internet,prop_0_100,prefeituras,100.0,2024
RJ,4,Segurança e LGPD,munic/MUNIC_LGPD,munic,MUNIC_LGPD,total,Disseminação de orientações sobre LGPD na prefeitura,prop_0_100,prefeituras,0.0,2024
RJ,4,Segurança e LGPD,munic/MUNIC_LGPD_CANAL_TITULAR,munic,MUNIC_LGPD_CANAL_TITULAR,total,Canal pela internet para titulares de dados (LGPD),prop_0_100,prefeituras,100.0,2024
RJ,4,Segurança e LGPD,munic/MUNIC_LGPD_CAPACIT,munic,MUNIC_LGPD_CAPACIT,total,Cursos de segurança da informação e proteção de dados para servidores,prop_0_100,prefeituras,100.0,2024
RJ,4,Segurança e LGPD,munic/MUNIC_LGPD_REGULAMENT,munic,MUNIC_LGPD_REGULAMENT,total,Regulamentação municipal específica sobre LGPD,prop_0_100,prefeituras,100.0,2024
RJ,4,Segurança e LGPD,munic/MUNIC_LGPD_RESP,munic,MUNIC_LGPD_RESP,total,Responsável LGPD designado no município,prop_0_100,prefeituras,100.0,2024
RJ,5,Dados e Interoperabilidade,munic/MUNIC_DADOS_ABERTOS,munic,MUNIC_DADOS_ABERTOS,total,Portal de dados abertos,prop_0_100,prefeituras,100.0,2024
RJ,6,Infraestrutura,censo_escolar/IN_COMPUTADOR,censo_escolar,IN_COMPUTADOR,total,% escolas com computador,binario_agregar,escolas,98.28,2024
RJ,6,Infraestrutura,censo_escolar/IN_INTERNET,censo_escolar,IN_INTERNET,total,% escolas com acesso à Internet,binario_agregar,escolas,99.28,2024
RJ,6,Infraestrutura,censo_escolar/IN_INTERNET_ALUNOS,censo_escolar,IN_INTERNET_ALUNOS,total,% escolas com Internet para alunos,binario_agregar,escolas,42.57,2024
RJ,6,Infraestrutura,censo_escolar/IN_INTERNET_APRENDIZAGEM,censo_escolar,IN_INTERNET_APRENDIZAGEM,total,% escolas com Internet para ensino,binario_agregar,escolas,68.97,2024
RJ,6,Infraestrutura,censo_escolar/IN_LABORATORIO_INFORMATICA,censo_escolar,IN_LABORATORIO_INFORMATICA,total,% escolas com laboratório de informática,binario_agregar,escolas,37.97,2024
RJ,6,Infraestrutura,anatel/BLM02,anatel,BLM02,total,% de domicílios cobertos por telefonia móvel,pct_meta_100,domicilios,100.0,2025
RJ,6,Infraestrutura,munic/MUNIC_CPD,munic,MUNIC_CPD,total,Centro de Processamento de Dados na prefeitura,prop_0_100,prefeituras,100.0,2024
RJ,6,Infraestrutura,munic/MUNIC_INCLUSAO_DIGITAL,munic,MUNIC_INCLUSAO_DIGITAL,total,Programa ou ação de inclusão digital,prop_0_100,prefeituras,100.0,2024
RJ,6,Infraestrutura,munic/MUNIC_INTERNET,munic,MUNIC_INTERNET,total,Municípios com evidência afirmativa de conexão à Internet,prop_0_100,prefeituras,100.0,2024
RJ,6,Infraestrutura,munic/MUNIC_SMART_CENTRO_CONTROLE,munic,MUNIC_SMART_CENTRO_CONTROLE,total,Centro de controle operacional,prop_0_100,prefeituras,100.0,2024
RJ,6,Infraestrutura,munic/MUNIC_SMART_ILUMINACAO,munic,MUNIC_SMART_ILUMINACAO,total,Iluminação inteligente com medição de consumo,prop_0_100,prefeituras,100.0,2024
RJ,6,Infraestrutura,munic/MUNIC_SMART_SEMAFOROS,munic,MUNIC_SMART_SEMAFOROS,total,Semáforos inteligentes controlados a distância,prop_0_100,prefeituras,100.0,2024
RJ,6,Infraestrutura,munic/MUNIC_SMART_SENSORES,munic,MUNIC_SMART_SENSORES,total,Sensores para monitoramento de áreas de risco,prop_0_100,prefeituras,100.0,2024
RJ,6,Infraestrutura,munic/MUNIC_WIFI_PUBLICO,munic,MUNIC_WIFI_PUBLICO,total,Acesso público à Internet (Wi-Fi) pela prefeitura,prop_0_100,prefeituras,0.0,2024
RJ,9,Transparência e Participação,munic/MUNIC_ATIV_REDES_CONSULTA,munic,MUNIC_ATIV_REDES_CONSULTA,total,Atividade em redes sociais — consulta pública/enquete,prop_0_100,prefeituras,0.0,2024
RJ,9,Transparência e Participação,munic/MUNIC_CONSELHO_TRANSP,munic,MUNIC_CONSELHO_TRANSP,total,Existência de Conselho Municipal de Transparência,prop_0_100,prefeituras,100.0,2024
RJ,9,Transparência e Participação,munic/MUNIC_LAI,munic,MUNIC_LAI,total,Disseminação de orientações sobre LAI na prefeitura,prop_0_100,prefeituras,0.0,2024
RJ,9,Transparência e Participação,munic/MUNIC_LAI_LEI,munic,MUNIC_LAI_LEI,total,Legislação municipal específica sobre LAI,prop_0_100,prefeituras,100.0,2024
RJ,9,Transparência e Participação,munic/MUNIC_LAI_PUBLICA_PR,munic,MUNIC_LAI_PUBLICA_PR,total,Publicação de perguntas e respostas feitas pela LAI,prop_0_100,prefeituras,0.0,2024
RJ,9,Transparência e Participação,munic/MUNIC_LAI_SOLICITACOES,munic,MUNIC_LAI_SOLICITACOES,total,Solicitações de acesso à informação recebidas em 2023,prop_0_100,prefeituras,100.0,2024
RJ,9,Transparência e Participação,munic/MUNIC_PARTICIPACAO,munic,MUNIC_PARTICIPACAO,total,Participação do cidadão pela internet,prop_0_100,prefeituras,100.0,2024
RJ,9,Transparência e Participação,munic/MUNIC_PORTAL_TRANSP,munic,MUNIC_PORTAL_TRANSP,total,Portal da transparência,prop_0_100,prefeituras,100.0,2024
RJ,9,Transparência e Participação,munic/MUNIC_SERV_INFO_FINANCAS,munic,MUNIC_SERV_INFO_FINANCAS,total,Serviço informativo — finanças públicas,prop_0_100,prefeituras,100.0,2024
SP,1,Governança do Governo Digital,munic/MUNIC_TI_ESTRUTURA,munic,MUNIC_TI_ESTRUTURA,total,Estrutura organizacional de TI na prefeitura,prop_0_100,prefeituras,100.0,2024
SP,2,Qualidade dos Serviços Digitais,munic/MUNIC_ACESS_IMAGENS,munic,MUNIC_ACESS_IMAGENS,total,Descrição do conteúdo das imagens,prop_0_100,prefeituras,100.0,2024
SP,2,Qualidade dos Serviços Digitais,munic/MUNIC_ACESS_LIBRAS,munic,MUNIC_ACESS_LIBRAS,total,Tradução de conteúdo em LIBRAS,prop_0_100,prefeituras,100.0,2024
SP,2,Qualidade dos Serviços Digitais,munic/MUNIC_ACESS_NAVEGACAO,munic,MUNIC_ACESS_NAVEGACAO,total,Navegação acessível por todos os itens interativos,prop_0_100,prefeituras,0.0,2024
SP,2,Qualidade dos Serviços Digitais,munic/MUNIC_ACESS_SALTAR,munic,MUNIC_ACESS_SALTAR,total,Tecnologia assistiva para saltar itens repetitivos,prop_0_100,prefeituras,100.0,2024
SP,2,Qualidade dos Serviços Digitais,munic/MUNIC_ATEND_DISTANCIA,munic,MUNIC_ATEND_DISTANCIA,total,Serviços de atendimento ao público a distância,prop_0_100,prefeituras,100.0,2024
SP,2,Qualidade dos Serviços Digitais,munic/MUNIC_ATIV_REDES_DIVULGAR,munic,MUNIC_ATIV_REDES_DIVULGAR,total,Atividade em redes sociais — divulgar serviços/campanhas,prop_0_100,prefeituras,100.0,2024
SP,2,Qualidade dos Serviços Digitais,munic/MUNIC_ATIV_REDES_NOTICIAS,munic,MUNIC_ATIV_REDES_NOTICIAS,total,Atividade em redes sociais — postar notícias,prop_0_100,prefeituras,100.0,2024
SP,2,Qualidade dos Serviços Digitais,munic/MUNIC_ATIV_REDES_RESPOSTAS,munic,MUNIC_ATIV_REDES_RESPOSTAS,total,Atividade em redes sociais — responder comentários,prop_0_100,prefeituras,100.0,2024
SP,2,Qualidade dos Serviços Digitais,munic/MUNIC_CELULAR_APP_OUTROS,munic,MUNIC_CELULAR_APP_OUTROS,total,Aplicativos criados por outros organismos,prop_0_100,prefeituras,100.0,2024
SP,2,Qualidade dos Serviços Digitais,munic/MUNIC_CELULAR_APP_PREF,munic,MUNIC_CELULAR_APP_PREF,total,Aplicativos criados pela prefeitura,prop_0_100,prefeituras,0.0,2024
SP,2,Qualidade dos Serviços Digitais,munic/MUNIC_CELULAR_BOLETOS,munic,MUNIC_CELULAR_BOLETOS,total,Emissão de boletos ou guias de pagamento,prop_0_100,prefeituras,0.0,2024
SP,2,Qualidade dos Serviços Digitais,munic/MUNIC_CELULAR_SMS_ENVIO,munic,MUNIC_CELULAR_SMS_ENVIO,total,Envio de SMS para o cidadão,prop_0_100,prefeituras,0.0,2024
SP,2,Qualidade dos Serviços Digitais,munic/MUNIC_CELULAR_SMS_RECEB,munic,MUNIC_CELULAR_SMS_RECEB,total,Recebimento de SMS pelo cidadão,prop_0_100,prefeituras,0.0,2024
SP,2,Qualidade dos Serviços Digitais,munic/MUNIC_CELULAR_WEBSITE_MOBILE,munic,MUNIC_CELULAR_WEBSITE_MOBILE,total,Website adaptado para dispositivos móveis,prop_0_100,prefeituras,0.0,2024
SP,2,Qualidade dos Serviços Digitais,munic/MUNIC_PAGINA_INTERNET,munic,MUNIC_PAGINA_INTERNET,total,Prefeitura com página na Internet,prop_0_100,prefeituras,100.0,2024
SP,2,Qualidade dos Serviços Digitais,munic/MUNIC_REDES_SOCIAIS,munic,MUNIC_REDES_SOCIAIS,total,Prefeitura com perfil em plataformas online,prop_0_100,prefeituras,100.0,2024
SP,2,Qualidade dos Serviços Digitais,munic/MUNIC_SERV_INFO_CONCURSOS,munic,MUNIC_SERV_INFO_CONCURSOS,total,Serviço informativo — concursos públicos,prop_0_100,prefeituras,100.0,2024
SP,2,Qualidade dos Serviços Digitais,munic/MUNIC_SERV_INFO_DIARIO,munic,MUNIC_SERV_INFO_DIARIO,total,Serviço informativo — diário oficial,prop_0_100,prefeituras,100.0,2024
SP,2,Qualidade dos Serviços Digitais,munic/MUNIC_SERV_INFO_DOCUMENTOS,munic,MUNIC_SERV_INFO_DOCUMENTOS,total,Serviço informativo — acesso a documentos/formulários,prop_0_100,prefeituras,100.0,2024
SP,2,Qualidade dos Serviços Digitais,munic/MUNIC_SERV_INFO_LEGISLACAO,munic,MUNIC_SERV_INFO_LEGISLACAO,total,Serviço informativo — legislação municipal,prop_0_100,prefeituras,100.0,2024
SP,2,Qualidade dos Serviços Digitais,munic/MUNIC_SERV_INFO_LICITACOES,munic,MUNIC_SERV_INFO_LICITACOES,total,Serviço informativo — licitações,prop_0_100,prefeituras,100.0,2024
SP,2,Qualidade dos Serviços Digitais,munic/MUNIC_SERV_INFO_NOTICIAS,munic,MUNIC_SERV_INFO_NOTICIAS,total,Serviço informativo na página — notícias,prop_0_100,prefeituras,100.0,2024
SP,2,Qualidade dos Serviços Digitais,munic/MUNIC_SERV_TRANS_CERTIDAO,munic,MUNIC_SERV_TRANS_CERTIDAO,total,Serviço transacional — certidão negativa de débito,prop_0_100,prefeituras,100.0,2024
SP,2,Qualidade dos Serviços Digitais,munic/MUNIC_SERV_TRANS_DOWNLOAD,munic,MUNIC_SERV_TRANS_DOWNLOAD,total,Serviço transacional — download de documentos,prop_0_100,prefeituras,100.0,2024
SP,2,Qualidade dos Serviços Digitais,munic/MUNIC_SERV_TRANS_MATRICULA,munic,MUNIC_SERV_TRANS_MATRICULA,total,Serviço transacional — matrícula escolar online,prop_0_100,prefeituras,0.0,2024
SP,2,Qualidade dos Serviços Digitais,munic/MUNIC_SERV_TRANS_NFE,munic,MUNIC_SERV_TRANS_NFE,total,Serviço transacional — Nota Fiscal Eletrônica,prop_0_100,prefeituras,100.0,2024
SP,2,Qualidade dos Serviços Digitais,munic/MUNIC_SERV_TRANS_OUVIDORIA,munic,MUNIC_SERV_TRANS_OUVIDORIA,total,Serviço transacional — ouvidoria online,prop_0_100,prefeituras,100.0,2024
SP,2,Qualidade dos Serviços Digitais,munic/MUNIC_SERV_TRANS_PROCESSOS,munic,MUNIC_SERV_TRANS_PROCESSOS,total,Serviço transacional — consulta a processos,prop_0_100,prefeituras,100.0,2024
SP,2,Qualidade dos Serviços Digitais,munic/MUNIC_SERV_TRANS_SATISFACAO,munic,MUNIC_SERV_TRANS_SATISFACAO,total,Serviço transacional — pesquisa de satisfação,prop_0_100,prefeituras,0.0,2024
SP,2,Qualidade dos Serviços Digitais,munic/MUNIC_SERV_TRANS_SAUDE,munic,MUNIC_SERV_TRANS_SAUDE,total,Serviço transacional — agendamento consulta saúde,prop_0_100,prefeituras,100.0,2024
SP,2,Qualidade dos Serviços Digitais,munic/MUNIC_SERV_TRANS_TRIBUTOS,munic,MUNIC_SERV_TRANS_TRIBUTOS,total,Serviço transacional — guia de pagamento de tributos,prop_0_100,prefeituras,100.0,2024
SP,2,Qualidade dos Serviços Digitais,munic/MUNIC_SMART_BILHETE,munic,MUNIC_SMART_BILHETE,total,Bilhete eletrônico no transporte público,prop_0_100,prefeituras,100.0,2024
SP,2,Qualidade dos Serviços Digitais,munic/MUNIC_SMART_GPS_ONIBUS,munic,MUNIC_SMART_GPS_ONIBUS,total,Ônibus com GPS para informação ao usuário,prop_0_100,prefeituras,100.0,2024
SP,2,Qualidade dos Serviços Digitais,munic/PAGINA_POSSUI_TITULO,munic,PAGINA_POSSUI_TITULO,total,Páginas com título descritivo na aba do navegador (WCAG 2.4.2),prop_0_100,prefeituras,100.0,2024
SP,3,Identificação Única,munic/MUNIC_AUTENTICACAO,munic,MUNIC_AUTENTICACAO,total,Autenticação para acessar serviços pela internet,prop_0_100,prefeituras,100.0,2024
SP,4,Segurança e LGPD,munic/MUNIC_LGPD,munic,MUNIC_LGPD,total,Disseminação de orientações sobre LGPD na prefeitura,prop_0_100,prefeituras,100.0,2024
SP,4,Segurança e LGPD,munic/MUNIC_LGPD_CANAL_TITULAR,munic,MUNIC_LGPD_CANAL_TITULAR,total,Canal pela internet para titulares de dados (LGPD),prop_0_100,prefeituras,100.0,2024
SP,4,Segurança e LGPD,munic/MUNIC_LGPD_CAPACIT,munic,MUNIC_LGPD_CAPACIT,total,Cursos de segurança da informação e proteção de dados para servidores,prop_0_100,prefeituras,100.0,2024
SP,4,Segurança e LGPD,munic/MUNIC_LGPD_REGULAMENT,munic,MUNIC_LGPD_REGULAMENT,total,Regulamentação municipal específica sobre LGPD,prop_0_100,prefeituras,100.0,2024
SP,4,Segurança e LGPD,munic/MUNIC_LGPD_RESP,munic,MUNIC_LGPD_RESP,total,Responsável LGPD designado no município,prop_0_100,prefeituras,100.0,2024
SP,5,Dados e Interoperabilidade,munic/MUNIC_DADOS_ABERTOS,munic,MUNIC_DADOS_ABERTOS,total,Portal de dados abertos,prop_0_100,prefeituras,100.0,2024
SP,6,Infraestrutura,censo_escolar/IN_COMPUTADOR,censo_escolar,IN_COMPUTADOR,total,% escolas com computador,binario_agregar,escolas,91.21,2024
SP,6,Infraestrutura,censo_escolar/IN_INTERNET,censo_escolar,IN_INTERNET,total,% escolas com acesso à Internet,binario_agregar,escolas,99.45,2024
SP,6,Infraestrutura,censo_escolar/IN_INTERNET_ALUNOS,censo_escolar,IN_INTERNET_ALUNOS,total,% escolas com Internet para alunos,binario_agregar,escolas,33.16,2024
SP,6,Infraestrutura,censo_escolar/IN_INTERNET_APRENDIZAGEM,censo_escolar,IN_INTERNET_APRENDIZAGEM,total,% escolas com Internet para ensino,binario_agregar,escolas,50.04,2024
SP,6,Infraestrutura,censo_escolar/IN_LABORATORIO_INFORMATICA,censo_escolar,IN_LABORATORIO_INFORMATICA,total,% escolas com laboratório de informática,binario_agregar,escolas,33.6,2024
SP,6,Infraestrutura,anatel/BLM02,anatel,BLM02,total,% de domicílios cobertos por telefonia móvel,pct_meta_100,domicilios,100.0,2025
SP,6,Infraestrutura,munic/MUNIC_CPD,munic,MUNIC_CPD,total,Centro de Processamento de Dados na prefeitura,prop_0_100,prefeituras,100.0,2024
SP,6,Infraestrutura,munic/MUNIC_INCLUSAO_DIGITAL,munic,MUNIC_INCLUSAO_DIGITAL,total,Programa ou ação de inclusão digital,prop_0_100,prefeituras,100.0,2024
SP,6,Infraestrutura,munic/MUNIC_INTERNET,munic,MUNIC_INTERNET,total,Municípios com evidência afirmativa de conexão à Internet,prop_0_100,prefeituras,100.0,2024
SP,6,Infraestrutura,munic/MUNIC_SMART_CENTRO_CONTROLE,munic,MUNIC_SMART_CENTRO_CONTROLE,total,Centro de controle operacional,prop_0_100,prefeituras,100.0,2024
SP,6,Infraestrutura,munic/MUNIC_SMART_ILUMINACAO,munic,MUNIC_SMART_ILUMINACAO,total,Iluminação inteligente com medição de consumo,prop_0_100,prefeituras,100.0,2024
SP,6,Infraestrutura,munic/MUNIC_SMART_SEMAFOROS,munic,MUNIC_SMART_SEMAFOROS,total,Semáforos inteligentes controlados a distância,prop_0_100,prefeituras,100.0,2024
SP,6,Infraestrutura,munic/MUNIC_SMART_SENSORES,munic,MUNIC_SMART_SENSORES,total,Sensores para monitoramento de áreas de risco,prop_0_100,prefeituras,100.0,2024
SP,6,Infraestrutura,munic/MUNIC_WIFI_PUBLICO,munic,MUNIC_WIFI_PUBLICO,total,Acesso público à Internet (Wi-Fi) pela prefeitura,prop_0_100,prefeituras,100.0,2024
SP,9,Transparência e Participação,munic/MUNIC_ATIV_REDES_CONSULTA,munic,MUNIC_ATIV_REDES_CONSULTA,total,Atividade em redes sociais — consulta pública/enquete,prop_0_100,prefeituras,0.0,2024
SP,9,Transparência e Participação,munic/MUNIC_CONSELHO_TRANSP,munic,MUNIC_CONSELHO_TRANSP,total,Existência de Conselho Municipal de Transparência,prop_0_100,prefeituras,100.0,2024
SP,9,Transparência e Participação,munic/MUNIC_LAI,munic,MUNIC_LAI,total,Disseminação de orientações sobre LAI na prefeitura,prop_0_100,prefeituras,0.0,2024
SP,9,Transparência e Participação,munic/MUNIC_LAI_LEI,munic,MUNIC_LAI_LEI,total,Legislação municipal específica sobre LAI,prop_0_100,prefeituras,100.0,2024
SP,9,Transparência e Participação,munic/MUNIC_LAI_PUBLICA_PR,munic,MUNIC_LAI_PUBLICA_PR,total,Publicação de perguntas e respostas feitas pela LAI,prop_0_100,prefeituras,100.0,2024
SP,9,Transparência e Participação,munic/MUNIC_LAI_SOLICITACOES,munic,MUNIC_LAI_SOLICITACOES,total,Solicitações de acesso à informação recebidas em 2023,prop_0_100,prefeituras,100.0,2024
SP,9,Transparência e Participação,munic/MUNIC_PARTICIPACAO,munic,MUNIC_PARTICIPACAO,total,Participação do cidadão pela internet,prop_0_100,prefeituras,100.0,2024
SP,9,Transparência e Participação,munic/MUNIC_PORTAL_TRANSP,munic,MUNIC_PORTAL_TRANSP,total,Portal da transparência,prop_0_100,prefeituras,100.0,2024
SP,9,Transparência e Participação,munic/MUNIC_SERV_INFO_FINANCAS,munic,MUNIC_SERV_INFO_FINANCAS,total,Serviço informativo — finanças públicas,prop_0_100,prefeituras,100.0,2024
PR,1,Governança do Governo Digital,munic/MUNIC_TI_ESTRUTURA,munic,MUNIC_TI_ESTRUTURA,total,Estrutura organizacional de TI na prefeitura,prop_0_100,prefeituras,100.0,2024
PR,2,Qualidade dos Serviços Digitais,munic/MUNIC_ACESS_IMAGENS,munic,MUNIC_ACESS_IMAGENS,total,Descrição do conteúdo das imagens,prop_0_100,prefeituras,100.0,2024
PR,2,Qualidade dos Serviços Digitais,munic/MUNIC_ACESS_LIBRAS,munic,MUNIC_ACESS_LIBRAS,total,Tradução de conteúdo em LIBRAS,prop_0_100,prefeituras,100.0,2024
PR,2,Qualidade dos Serviços Digitais,munic/MUNIC_ACESS_NAVEGACAO,munic,MUNIC_ACESS_NAVEGACAO,total,Navegação acessível por todos os itens interativos,prop_0_100,prefeituras,100.0,2024
PR,2,Qualidade dos Serviços Digitais,munic/MUNIC_ACESS_SALTAR,munic,MUNIC_ACESS_SALTAR,total,Tecnologia assistiva para saltar itens repetitivos,prop_0_100,prefeituras,100.0,2024
PR,2,Qualidade dos Serviços Digitais,munic/MUNIC_ATEND_DISTANCIA,munic,MUNIC_ATEND_DISTANCIA,total,Serviços de atendimento ao público a distância,prop_0_100,prefeituras,100.0,2024
PR,2,Qualidade dos Serviços Digitais,munic/MUNIC_ATIV_REDES_DIVULGAR,munic,MUNIC_ATIV_REDES_DIVULGAR,total,Atividade em redes sociais — divulgar serviços/campanhas,prop_0_100,prefeituras,100.0,2024
PR,2,Qualidade dos Serviços Digitais,munic/MUNIC_ATIV_REDES_NOTICIAS,munic,MUNIC_ATIV_REDES_NOTICIAS,total,Atividade em redes sociais — postar notícias,prop_0_100,prefeituras,100.0,2024
PR,2,Qualidade dos Serviços Digitais,munic/MUNIC_ATIV_REDES_RESPOSTAS,munic,MUNIC_ATIV_REDES_RESPOSTAS,total,Atividade em redes sociais — responder comentários,prop_0_100,prefeituras,100.0,2024
PR,2,Qualidade dos Serviços Digitais,munic/MUNIC_CELULAR_APP_OUTROS,munic,MUNIC_CELULAR_APP_OUTROS,total,Aplicativos criados por outros organismos,prop_0_100,prefeituras,100.0,2024
PR,2,Qualidade dos Serviços Digitais,munic/MUNIC_CELULAR_APP_PREF,munic,MUNIC_CELULAR_APP_PREF,total,Aplicativos criados pela prefeitura,prop_0_100,prefeituras,100.0,2024
PR,2,Qualidade dos Serviços Digitais,munic/MUNIC_CELULAR_BOLETOS,munic,MUNIC_CELULAR_BOLETOS,total,Emissão de boletos ou guias de pagamento,prop_0_100,prefeituras,100.0,2024
PR,2,Qualidade dos Serviços Digitais,munic/MUNIC_CELULAR_SMS_ENVIO,munic,MUNIC_CELULAR_SMS_ENVIO,total,Envio de SMS para o cidadão,prop_0_100,prefeituras,100.0,2024
PR,2,Qualidade dos Serviços Digitais,munic/MUNIC_CELULAR_SMS_RECEB,munic,MUNIC_CELULAR_SMS_RECEB,total,Recebimento de SMS pelo cidadão,prop_0_100,prefeituras,100.0,2024
PR,2,Qualidade dos Serviços Digitais,munic/MUNIC_CELULAR_WEBSITE_MOBILE,munic,MUNIC_CELULAR_WEBSITE_MOBILE,total,Website adaptado para dispositivos móveis,prop_0_100,prefeituras,100.0,2024
PR,2,Qualidade dos Serviços Digitais,munic/MUNIC_PAGINA_INTERNET,munic,MUNIC_PAGINA_INTERNET,total,Prefeitura com página na Internet,prop_0_100,prefeituras,100.0,2024
PR,2,Qualidade dos Serviços Digitais,munic/MUNIC_REDES_SOCIAIS,munic,MUNIC_REDES_SOCIAIS,total,Prefeitura com perfil em plataformas online,prop_0_100,prefeituras,100.0,2024
PR,2,Qualidade dos Serviços Digitais,munic/MUNIC_SERV_INFO_CONCURSOS,munic,MUNIC_SERV_INFO_CONCURSOS,total,Serviço informativo — concursos públicos,prop_0_100,prefeituras,100.0,2024
PR,2,Qualidade dos Serviços Digitais,munic/MUNIC_SERV_INFO_DIARIO,munic,MUNIC_SERV_INFO_DIARIO,total,Serviço informativo — diário oficial,prop_0_100,prefeituras,100.0,2024
PR,2,Qualidade dos Serviços Digitais,munic/MUNIC_SERV_INFO_DOCUMENTOS,munic,MUNIC_SERV_INFO_DOCUMENTOS,total,Serviço informativo — acesso a documentos/formulários,prop_0_100,prefeituras,100.0,2024
PR,2,Qualidade dos Serviços Digitais,munic/MUNIC_SERV_INFO_LEGISLACAO,munic,MUNIC_SERV_INFO_LEGISLACAO,total,Serviço informativo — legislação municipal,prop_0_100,prefeituras,100.0,2024
PR,2,Qualidade dos Serviços Digitais,munic/MUNIC_SERV_INFO_LICITACOES,munic,MUNIC_SERV_INFO_LICITACOES,total,Serviço informativo — licitações,prop_0_100,prefeituras,100.0,2024
PR,2,Qualidade dos Serviços Digitais,munic/MUNIC_SERV_INFO_NOTICIAS,munic,MUNIC_SERV_INFO_NOTICIAS,total,Serviço informativo na página — notícias,prop_0_100,prefeituras,100.0,2024
PR,2,Qualidade dos Serviços Digitais,munic/MUNIC_SERV_TRANS_CERTIDAO,munic,MUNIC_SERV_TRANS_CERTIDAO,total,Serviço transacional — certidão negativa de débito,prop_0_100,prefeituras,100.0,2024
PR,2,Qualidade dos Serviços Digitais,munic/MUNIC_SERV_TRANS_DOWNLOAD,munic,MUNIC_SERV_TRANS_DOWNLOAD,total,Serviço transacional — download de documentos,prop_0_100,prefeituras,100.0,2024
PR,2,Qualidade dos Serviços Digitais,munic/MUNIC_SERV_TRANS_MATRICULA,munic,MUNIC_SERV_TRANS_MATRICULA,total,Serviço transacional — matrícula escolar online,prop_0_100,prefeituras,100.0,2024
PR,2,Qualidade dos Serviços Digitais,munic/MUNIC_SERV_TRANS_NFE,munic,MUNIC_SERV_TRANS_NFE,total,Serviço transacional — Nota Fiscal Eletrônica,prop_0_100,prefeituras,100.0,2024
PR,2,Qualidade dos Serviços Digitais,munic/MUNIC_SERV_TRANS_OUVIDORIA,munic,MUNIC_SERV_TRANS_OUVIDORIA,total,Serviço transacional — ouvidoria online,prop_0_100,prefeituras,100.0,2024
PR,2,Qualidade dos Serviços Digitais,munic/MUNIC_SERV_TRANS_PROCESSOS,munic,MUNIC_SERV_TRANS_PROCESSOS,total,Serviço transacional — consulta a processos,prop_0_100,prefeituras,100.0,2024
PR,2,Qualidade dos Serviços Digitais,munic/MUNIC_SERV_TRANS_SATISFACAO,munic,MUNIC_SERV_TRANS_SATISFACAO,total,Serviço transacional — pesquisa de satisfação,prop_0_100,prefeituras,100.0,2024
PR,2,Qualidade dos Serviços Digitais,munic/MUNIC_SERV_TRANS_SAUDE,munic,MUNIC_SERV_TRANS_SAUDE,total,Serviço transacional — agendamento consulta saúde,prop_0_100,prefeituras,100.0,2024
PR,2,Qualidade dos Serviços Digitais,munic/MUNIC_SERV_TRANS_TRIBUTOS,munic,MUNIC_SERV_TRANS_TRIBUTOS,total,Serviço transacional — guia de pagamento de tributos,prop_0_100,prefeituras,100.0,2024
PR,2,Qualidade dos Serviços Digitais,munic/MUNIC_SMART_BILHETE,munic,MUNIC_SMART_BILHETE,total,Bilhete eletrônico no transporte público,prop_0_100,prefeituras,100.0,2024
PR,2,Qualidade dos Serviços Digitais,munic/MUNIC_SMART_GPS_ONIBUS,munic,MUNIC_SMART_GPS_ONIBUS,total,Ônibus com GPS para informação ao usuário,prop_0_100,prefeituras,100.0,2024
PR,2,Qualidade dos Serviços Digitais,munic/PAGINA_POSSUI_TITULO,munic,PAGINA_POSSUI_TITULO,total,Páginas com título descritivo na aba do navegador (WCAG 2.4.2),prop_0_100,prefeituras,100.0,2024
PR,3,Identificação Única,munic/MUNIC_AUTENTICACAO,munic,MUNIC_AUTENTICACAO,total,Autenticação para acessar serviços pela internet,prop_0_100,prefeituras,100.0,2024
PR,4,Segurança e LGPD,munic/MUNIC_LGPD,munic,MUNIC_LGPD,total,Disseminação de orientações sobre LGPD na prefeitura,prop_0_100,prefeituras,100.0,2024
PR,4,Segurança e LGPD,munic/MUNIC_LGPD_CANAL_TITULAR,munic,MUNIC_LGPD_CANAL_TITULAR,total,Canal pela internet para titulares de dados (LGPD),prop_0_100,prefeituras,100.0,2024
PR,4,Segurança e LGPD,munic/MUNIC_LGPD_CAPACIT,munic,MUNIC_LGPD_CAPACIT,total,Cursos de segurança da informação e proteção de dados para servidores,prop_0_100,prefeituras,100.0,2024
PR,4,Segurança e LGPD,munic/MUNIC_LGPD_REGULAMENT,munic,MUNIC_LGPD_REGULAMENT,total,Regulamentação municipal específica sobre LGPD,prop_0_100,prefeituras,100.0,2024
PR,4,Segurança e LGPD,munic/MUNIC_LGPD_RESP,munic,MUNIC_LGPD_RESP,total,Responsável LGPD designado no município,prop_0_100,prefeituras,100.0,2024
PR,5,Dados e Interoperabilidade,munic/MUNIC_DADOS_ABERTOS,munic,MUNIC_DADOS_ABERTOS,total,Portal de dados abertos,prop_0_100,prefeituras,100.0,2024
PR,6,Infraestrutura,censo_escolar/IN_COMPUTADOR,censo_escolar,IN_COMPUTADOR,total,% escolas com computador,binario_agregar,escolas,99.01,2024
PR,6,Infraestrutura,censo_escolar/IN_INTERNET,censo_escolar,IN_INTERNET,total,% escolas com acesso à Internet,binario_agregar,escolas,99.55,2024
PR,6,Infraestrutura,censo_escolar/IN_INTERNET_ALUNOS,censo_escolar,IN_INTERNET_ALUNOS,total,% escolas com Internet para alunos,binario_agregar,escolas,65.32,2024
PR,6,Infraestrutura,censo_escolar/IN_INTERNET_APRENDIZAGEM,censo_escolar,IN_INTERNET_APRENDIZAGEM,total,% escolas com Internet para ensino,binario_agregar,escolas,83.29,2024
PR,6,Infraestrutura,censo_escolar/IN_LABORATORIO_INFORMATICA,censo_escolar,IN_LABORATORIO_INFORMATICA,total,% escolas com laboratório de informática,binario_agregar,escolas,44.92,2024
PR,6,Infraestrutura,anatel/BLM02,anatel,BLM02,total,% de domicílios cobertos por telefonia móvel,pct_meta_100,domicilios,100.0,2025
PR,6,Infraestrutura,munic/MUNIC_CPD,munic,MUNIC_CPD,total,Centro de Processamento de Dados na prefeitura,prop_0_100,prefeituras,100.0,2024
PR,6,Infraestrutura,munic/MUNIC_INCLUSAO_DIGITAL,munic,MUNIC_INCLUSAO_DIGITAL,total,Programa ou ação de inclusão digital,prop_0_100,prefeituras,100.0,2024
PR,6,Infraestrutura,munic/MUNIC_INTERNET,munic,MUNIC_INTERNET,total,Municípios com evidência afirmativa de conexão à Internet,prop_0_100,prefeituras,100.0,2024
PR,6,Infraestrutura,munic/MUNIC_SMART_CENTRO_CONTROLE,munic,MUNIC_SMART_CENTRO_CONTROLE,total,Centro de controle operacional,prop_0_100,prefeituras,100.0,2024
PR,6,Infraestrutura,munic/MUNIC_SMART_ILUMINACAO,munic,MUNIC_SMART_ILUMINACAO,total,Iluminação inteligente com medição de consumo,prop_0_100,prefeituras,0.0,2024
PR,6,Infraestrutura,munic/MUNIC_SMART_SEMAFOROS,munic,MUNIC_SMART_SEMAFOROS,total,Semáforos inteligentes controlados a distância,prop_0_100,prefeituras,100.0,2024
PR,6,Infraestrutura,munic/MUNIC_SMART_SENSORES,munic,MUNIC_SMART_SENSORES,total,Sensores para monitoramento de áreas de risco,prop_0_100,prefeituras,100.0,2024
PR,6,Infraestrutura,munic/MUNIC_WIFI_PUBLICO,munic,MUNIC_WIFI_PUBLICO,total,Acesso público à Internet (Wi-Fi) pela prefeitura,prop_0_100,prefeituras,100.0,2024
PR,9,Transparência e Participação,munic/MUNIC_ATIV_REDES_CONSULTA,munic,MUNIC_ATIV_REDES_CONSULTA,total,Atividade em redes sociais — consulta pública/enquete,prop_0_100,prefeituras,100.0,2024
PR,9,Transparência e Participação,munic/MUNIC_CONSELHO_TRANSP,munic,MUNIC_CONSELHO_TRANSP,total,Existência de Conselho Municipal de Transparência,prop_0_100,prefeituras,0.0,2024
PR,9,Transparência e Participação,munic/MUNIC_LAI,munic,MUNIC_LAI,total,Disseminação de orientações sobre LAI na prefeitura,prop_0_100,prefeituras,100.0,2024
PR,9,Transparência e Participação,munic/MUNIC_LAI_LEI,munic,MUNIC_LAI_LEI,total,Legislação municipal específica sobre LAI,prop_0_100,prefeituras,100.0,2024
PR,9,Transparência e Participação,munic/MUNIC_LAI_PUBLICA_PR,munic,MUNIC_LAI_PUBLICA_PR,total,Publicação de perguntas e respostas feitas pela LAI,prop_0_100,prefeituras,0.0,2024
PR,9,Transparência e Participação,munic/MUNIC_LAI_SOLICITACOES,munic,MUNIC_LAI_SOLICITACOES,total,Solicitações de acesso à informação recebidas em 2023,prop_0_100,prefeituras,100.0,2024
PR,9,Transparência e Participação,munic/MUNIC_PARTICIPACAO,munic,MUNIC_PARTICIPACAO,total,Participação do cidadão pela internet,prop_0_100,prefeituras,100.0,2024
PR,9,Transparência e Participação,munic/MUNIC_PORTAL_TRANSP,munic,MUNIC_PORTAL_TRANSP,total,Portal da transparência,prop_0_100,prefeituras,100.0,2024
PR,9,Transparência e Participação,munic/MUNIC_SERV_INFO_FINANCAS,munic,MUNIC_SERV_INFO_FINANCAS,total,Serviço informativo — finanças públicas,prop_0_100,prefeituras,100.0,2024
SC,1,Governança do Governo Digital,munic/MUNIC_TI_ESTRUTURA,munic,MUNIC_TI_ESTRUTURA,total,Estrutura organizacional de TI na prefeitura,prop_0_100,prefeituras,100.0,2024
SC,2,Qualidade dos Serviços Digitais,munic/MUNIC_ACESS_IMAGENS,munic,MUNIC_ACESS_IMAGENS,total,Descrição do conteúdo das imagens,prop_0_100,prefeituras,100.0,2024
SC,2,Qualidade dos Serviços Digitais,munic/MUNIC_ACESS_LIBRAS,munic,MUNIC_ACESS_LIBRAS,total,Tradução de conteúdo em LIBRAS,prop_0_100,prefeituras,0.0,2024
SC,2,Qualidade dos Serviços Digitais,munic/MUNIC_ACESS_NAVEGACAO,munic,MUNIC_ACESS_NAVEGACAO,total,Navegação acessível por todos os itens interativos,prop_0_100,prefeituras,0.0,2024
SC,2,Qualidade dos Serviços Digitais,munic/MUNIC_ACESS_SALTAR,munic,MUNIC_ACESS_SALTAR,total,Tecnologia assistiva para saltar itens repetitivos,prop_0_100,prefeituras,0.0,2024
SC,2,Qualidade dos Serviços Digitais,munic/MUNIC_ATEND_DISTANCIA,munic,MUNIC_ATEND_DISTANCIA,total,Serviços de atendimento ao público a distância,prop_0_100,prefeituras,100.0,2024
SC,2,Qualidade dos Serviços Digitais,munic/MUNIC_ATIV_REDES_DIVULGAR,munic,MUNIC_ATIV_REDES_DIVULGAR,total,Atividade em redes sociais — divulgar serviços/campanhas,prop_0_100,prefeituras,100.0,2024
SC,2,Qualidade dos Serviços Digitais,munic/MUNIC_ATIV_REDES_NOTICIAS,munic,MUNIC_ATIV_REDES_NOTICIAS,total,Atividade em redes sociais — postar notícias,prop_0_100,prefeituras,100.0,2024
SC,2,Qualidade dos Serviços Digitais,munic/MUNIC_ATIV_REDES_RESPOSTAS,munic,MUNIC_ATIV_REDES_RESPOSTAS,total,Atividade em redes sociais — responder comentários,prop_0_100,prefeituras,100.0,2024
SC,2,Qualidade dos Serviços Digitais,munic/MUNIC_CELULAR_APP_OUTROS,munic,MUNIC_CELULAR_APP_OUTROS,total,Aplicativos criados por outros organismos,prop_0_100,prefeituras,100.0,2024
SC,2,Qualidade dos Serviços Digitais,munic/MUNIC_CELULAR_APP_PREF,munic,MUNIC_CELULAR_APP_PREF,total,Aplicativos criados pela prefeitura,prop_0_100,prefeituras,0.0,2024
SC,2,Qualidade dos Serviços Digitais,munic/MUNIC_CELULAR_BOLETOS,munic,MUNIC_CELULAR_BOLETOS,total,Emissão de boletos ou guias de pagamento,prop_0_100,prefeituras,100.0,2024
SC,2,Qualidade dos Serviços Digitais,munic/MUNIC_CELULAR_SMS_ENVIO,munic,MUNIC_CELULAR_SMS_ENVIO,total,Envio de SMS para o cidadão,prop_0_100,prefeituras,0.0,2024
SC,2,Qualidade dos Serviços Digitais,munic/MUNIC_CELULAR_SMS_RECEB,munic,MUNIC_CELULAR_SMS_RECEB,total,Recebimento de SMS pelo cidadão,prop_0_100,prefeituras,0.0,2024
SC,2,Qualidade dos Serviços Digitais,munic/MUNIC_CELULAR_WEBSITE_MOBILE,munic,MUNIC_CELULAR_WEBSITE_MOBILE,total,Website adaptado para dispositivos móveis,prop_0_100,prefeituras,100.0,2024
SC,2,Qualidade dos Serviços Digitais,munic/MUNIC_PAGINA_INTERNET,munic,MUNIC_PAGINA_INTERNET,total,Prefeitura com página na Internet,prop_0_100,prefeituras,100.0,2024
SC,2,Qualidade dos Serviços Digitais,munic/MUNIC_REDES_SOCIAIS,munic,MUNIC_REDES_SOCIAIS,total,Prefeitura com perfil em plataformas online,prop_0_100,prefeituras,100.0,2024
SC,2,Qualidade dos Serviços Digitais,munic/MUNIC_SERV_INFO_CONCURSOS,munic,MUNIC_SERV_INFO_CONCURSOS,total,Serviço informativo — concursos públicos,prop_0_100,prefeituras,0.0,2024
SC,2,Qualidade dos Serviços Digitais,munic/MUNIC_SERV_INFO_DIARIO,munic,MUNIC_SERV_INFO_DIARIO,total,Serviço informativo — diário oficial,prop_0_100,prefeituras,100.0,2024
SC,2,Qualidade dos Serviços Digitais,munic/MUNIC_SERV_INFO_DOCUMENTOS,munic,MUNIC_SERV_INFO_DOCUMENTOS,total,Serviço informativo — acesso a documentos/formulários,prop_0_100,prefeituras,100.0,2024
SC,2,Qualidade dos Serviços Digitais,munic/MUNIC_SERV_INFO_LEGISLACAO,munic,MUNIC_SERV_INFO_LEGISLACAO,total,Serviço informativo — legislação municipal,prop_0_100,prefeituras,100.0,2024
SC,2,Qualidade dos Serviços Digitais,munic/MUNIC_SERV_INFO_LICITACOES,munic,MUNIC_SERV_INFO_LICITACOES,total,Serviço informativo — licitações,prop_0_100,prefeituras,100.0,2024
SC,2,Qualidade dos Serviços Digitais,munic/MUNIC_SERV_INFO_NOTICIAS,munic,MUNIC_SERV_INFO_NOTICIAS,total,Serviço informativo na página — notícias,prop_0_100,prefeituras,100.0,2024
SC,2,Qualidade dos Serviços Digitais,munic/MUNIC_SERV_TRANS_CERTIDAO,munic,MUNIC_SERV_TRANS_CERTIDAO,total,Serviço transacional — certidão negativa de débito,prop_0_100,prefeituras,100.0,2024
SC,2,Qualidade dos Serviços Digitais,munic/MUNIC_SERV_TRANS_DOWNLOAD,munic,MUNIC_SERV_TRANS_DOWNLOAD,total,Serviço transacional — download de documentos,prop_0_100,prefeituras,100.0,2024
SC,2,Qualidade dos Serviços Digitais,munic/MUNIC_SERV_TRANS_MATRICULA,munic,MUNIC_SERV_TRANS_MATRICULA,total,Serviço transacional — matrícula escolar online,prop_0_100,prefeituras,100.0,2024
SC,2,Qualidade dos Serviços Digitais,munic/MUNIC_SERV_TRANS_NFE,munic,MUNIC_SERV_TRANS_NFE,total,Serviço transacional — Nota Fiscal Eletrônica,prop_0_100,prefeituras,100.0,2024
SC,2,Qualidade dos Serviços Digitais,munic/MUNIC_SERV_TRANS_OUVIDORIA,munic,MUNIC_SERV_TRANS_OUVIDORIA,total,Serviço transacional — ouvidoria online,prop_0_100,prefeituras,100.0,2024
SC,2,Qualidade dos Serviços Digitais,munic/MUNIC_SERV_TRANS_PROCESSOS,munic,MUNIC_SERV_TRANS_PROCESSOS,total,Serviço transacional — consulta a processos,prop_0_100,prefeituras,100.0,2024
SC,2,Qualidade dos Serviços Digitais,munic/MUNIC_SERV_TRANS_SATISFACAO,munic,MUNIC_SERV_TRANS_SATISFACAO,total,Serviço transacional — pesquisa de satisfação,prop_0_100,prefeituras,0.0,2024
SC,2,Qualidade dos Serviços Digitais,munic/MUNIC_SERV_TRANS_SAUDE,munic,MUNIC_SERV_TRANS_SAUDE,total,Serviço transacional — agendamento consulta saúde,prop_0_100,prefeituras,0.0,2024
SC,2,Qualidade dos Serviços Digitais,munic/MUNIC_SERV_TRANS_TRIBUTOS,munic,MUNIC_SERV_TRANS_TRIBUTOS,total,Serviço transacional — guia de pagamento de tributos,prop_0_100,prefeituras,100.0,2024
SC,2,Qualidade dos Serviços Digitais,munic/MUNIC_SMART_BILHETE,munic,MUNIC_SMART_BILHETE,total,Bilhete eletrônico no transporte público,prop_0_100,prefeituras,100.0,2024
SC,2,Qualidade dos Serviços Digitais,munic/MUNIC_SMART_GPS_ONIBUS,munic,MUNIC_SMART_GPS_ONIBUS,total,Ônibus com GPS para informação ao usuário,prop_0_100,prefeituras,100.0,2024
SC,2,Qualidade dos Serviços Digitais,munic/PAGINA_POSSUI_TITULO,munic,PAGINA_POSSUI_TITULO,total,Páginas com título descritivo na aba do navegador (WCAG 2.4.2),prop_0_100,prefeituras,0.0,2024
SC,3,Identificação Única,munic/MUNIC_AUTENTICACAO,munic,MUNIC_AUTENTICACAO,total,Autenticação para acessar serviços pela internet,prop_0_100,prefeituras,100.0,2024
SC,4,Segurança e LGPD,munic/MUNIC_LGPD,munic,MUNIC_LGPD,total,Disseminação de orientações sobre LGPD na prefeitura,prop_0_100,prefeituras,0.0,2024
SC,4,Segurança e LGPD,munic/MUNIC_LGPD_CANAL_TITULAR,munic,MUNIC_LGPD_CANAL_TITULAR,total,Canal pela internet para titulares de dados (LGPD),prop_0_100,prefeituras,100.0,2024
SC,4,Segurança e LGPD,munic/MUNIC_LGPD_CAPACIT,munic,MUNIC_LGPD_CAPACIT,total,Cursos de segurança da informação e proteção de dados para servidores,prop_0_100,prefeituras,100.0,2024
SC,4,Segurança e LGPD,munic/MUNIC_LGPD_REGULAMENT,munic,MUNIC_LGPD_REGULAMENT,total,Regulamentação municipal específica sobre LGPD,prop_0_100,prefeituras,100.0,2024
SC,4,Segurança e LGPD,munic/MUNIC_LGPD_RESP,munic,MUNIC_LGPD_RESP,total,Responsável LGPD designado no município,prop_0_100,prefeituras,100.0,2024
SC,5,Dados e Interoperabilidade,munic/MUNIC_DADOS_ABERTOS,munic,MUNIC_DADOS_ABERTOS,total,Portal de dados abertos,prop_0_100,prefeituras,0.0,2024
SC,6,Infraestrutura,censo_escolar/IN_COMPUTADOR,censo_escolar,IN_COMPUTADOR,total,% escolas com computador,binario_agregar,escolas,98.27,2024
SC,6,Infraestrutura,censo_escolar/IN_INTERNET,censo_escolar,IN_INTERNET,total,% escolas com acesso à Internet,binario_agregar,escolas,100.0,2024
SC,6,Infraestrutura,censo_escolar/IN_INTERNET_ALUNOS,censo_escolar,IN_INTERNET_ALUNOS,total,% escolas com Internet para alunos,binario_agregar,escolas,46.53,2024
SC,6,Infraestrutura,censo_escolar/IN_INTERNET_APRENDIZAGEM,censo_escolar,IN_INTERNET_APRENDIZAGEM,total,% escolas com Internet para ensino,binario_agregar,escolas,76.88,2024
SC,6,Infraestrutura,censo_escolar/IN_LABORATORIO_INFORMATICA,censo_escolar,IN_LABORATORIO_INFORMATICA,total,% escolas com laboratório de informática,binario_agregar,escolas,37.28,2024
SC,6,Infraestrutura,anatel/BLM02,anatel,BLM02,total,% de domicílios cobertos por telefonia móvel,pct_meta_100,domicilios,99.99,2025
SC,6,Infraestrutura,munic/MUNIC_CPD,munic,MUNIC_CPD,total,Centro de Processamento de Dados na prefeitura,prop_0_100,prefeituras,0.0,2024
SC,6,Infraestrutura,munic/MUNIC_INCLUSAO_DIGITAL,munic,MUNIC_INCLUSAO_DIGITAL,total,Programa ou ação de inclusão digital,prop_0_100,prefeituras,100.0,2024
SC,6,Infraestrutura,munic/MUNIC_INTERNET,munic,MUNIC_INTERNET,total,Municípios com evidência afirmativa de conexão à Internet,prop_0_100,prefeituras,100.0,2024
SC,6,Infraestrutura,munic/MUNIC_SMART_CENTRO_CONTROLE,munic,MUNIC_SMART_CENTRO_CONTROLE,total,Centro de controle operacional,prop_0_100,prefeituras,100.0,2024
SC,6,Infraestrutura,munic/MUNIC_SMART_ILUMINACAO,munic,MUNIC_SMART_ILUMINACAO,total,Iluminação inteligente com medição de consumo,prop_0_100,prefeituras,0.0,2024
SC,6,Infraestrutura,munic/MUNIC_SMART_SEMAFOROS,munic,MUNIC_SMART_SEMAFOROS,total,Semáforos inteligentes controlados a distância,prop_0_100,prefeituras,100.0,2024
SC,6,Infraestrutura,munic/MUNIC_SMART_SENSORES,munic,MUNIC_SMART_SENSORES,total,Sensores para monitoramento de áreas de risco,prop_0_100,prefeituras,0.0,2024
SC,6,Infraestrutura,munic/MUNIC_WIFI_PUBLICO,munic,MUNIC_WIFI_PUBLICO,total,Acesso público à Internet (Wi-Fi) pela prefeitura,prop_0_100,prefeituras,0.0,2024
SC,9,Transparência e Participação,munic/MUNIC_ATIV_REDES_CONSULTA,munic,MUNIC_ATIV_REDES_CONSULTA,total,Atividade em redes sociais — consulta pública/enquete,prop_0_100,prefeituras,100.0,2024
SC,9,Transparência e Participação,munic/MUNIC_CONSELHO_TRANSP,munic,MUNIC_CONSELHO_TRANSP,total,Existência de Conselho Municipal de Transparência,prop_0_100,prefeituras,100.0,2024
SC,9,Transparência e Participação,munic/MUNIC_LAI,munic,MUNIC_LAI,total,Disseminação de orientações sobre LAI na prefeitura,prop_0_100,prefeituras,100.0,2024
SC,9,Transparência e Participação,munic/MUNIC_LAI_LEI,munic,MUNIC_LAI_LEI,total,Legislação municipal específica sobre LAI,prop_0_100,prefeituras,100.0,2024
SC,9,Transparência e Participação,munic/MUNIC_LAI_PUBLICA_PR,munic,MUNIC_LAI_PUBLICA_PR,total,Publicação de perguntas e respostas feitas pela LAI,prop_0_100,prefeituras,100.0,2024
SC,9,Transparência e Participação,munic/MUNIC_LAI_SOLICITACOES,munic,MUNIC_LAI_SOLICITACOES,total,Solicitações de acesso à informação recebidas em 2023,prop_0_100,prefeituras,100.0,2024
SC,9,Transparência e Participação,munic/MUNIC_PARTICIPACAO,munic,MUNIC_PARTICIPACAO,total,Participação do cidadão pela internet,prop_0_100,prefeituras,0.0,2024
SC,9,Transparência e Participação,munic/MUNIC_PORTAL_TRANSP,munic,MUNIC_PORTAL_TRANSP,total,Portal da transparência,prop_0_100,prefeituras,100.0,2024
SC,9,Transparência e Participação,munic/MUNIC_SERV_INFO_FINANCAS,munic,MUNIC_SERV_INFO_FINANCAS,total,Serviço informativo — finanças públicas,prop_0_100,prefeituras,100.0,2024
RS,1,Governança do Governo Digital,munic/MUNIC_TI_ESTRUTURA,munic,MUNIC_TI_ESTRUTURA,total,Estrutura organizacional de TI na prefeitura,prop_0_100,prefeituras,100.0,2024
RS,2,Qualidade dos Serviços Digitais,munic/MUNIC_ACESS_IMAGENS,munic,MUNIC_ACESS_IMAGENS,total,Descrição do conteúdo das imagens,prop_0_100,prefeituras,100.0,2024
RS,2,Qualidade dos Serviços Digitais,munic/MUNIC_ACESS_LIBRAS,munic,MUNIC_ACESS_LIBRAS,total,Tradução de conteúdo em LIBRAS,prop_0_100,prefeituras,0.0,2024
RS,2,Qualidade dos Serviços Digitais,munic/MUNIC_ACESS_NAVEGACAO,munic,MUNIC_ACESS_NAVEGACAO,total,Navegação acessível por todos os itens interativos,prop_0_100,prefeituras,0.0,2024
RS,2,Qualidade dos Serviços Digitais,munic/MUNIC_ACESS_SALTAR,munic,MUNIC_ACESS_SALTAR,total,Tecnologia assistiva para saltar itens repetitivos,prop_0_100,prefeituras,100.0,2024
RS,2,Qualidade dos Serviços Digitais,munic/MUNIC_ATEND_DISTANCIA,munic,MUNIC_ATEND_DISTANCIA,total,Serviços de atendimento ao público a distância,prop_0_100,prefeituras,100.0,2024
RS,2,Qualidade dos Serviços Digitais,munic/MUNIC_ATIV_REDES_DIVULGAR,munic,MUNIC_ATIV_REDES_DIVULGAR,total,Atividade em redes sociais — divulgar serviços/campanhas,prop_0_100,prefeituras,100.0,2024
RS,2,Qualidade dos Serviços Digitais,munic/MUNIC_ATIV_REDES_NOTICIAS,munic,MUNIC_ATIV_REDES_NOTICIAS,total,Atividade em redes sociais — postar notícias,prop_0_100,prefeituras,100.0,2024
RS,2,Qualidade dos Serviços Digitais,munic/MUNIC_ATIV_REDES_RESPOSTAS,munic,MUNIC_ATIV_REDES_RESPOSTAS,total,Atividade em redes sociais — responder comentários,prop_0_100,prefeituras,100.0,2024
RS,2,Qualidade dos Serviços Digitais,munic/MUNIC_CELULAR_APP_OUTROS,munic,MUNIC_CELULAR_APP_OUTROS,total,Aplicativos criados por outros organismos,prop_0_100,prefeituras,100.0,2024
RS,2,Qualidade dos Serviços Digitais,munic/MUNIC_CELULAR_APP_PREF,munic,MUNIC_CELULAR_APP_PREF,total,Aplicativos criados pela prefeitura,prop_0_100,prefeituras,100.0,2024
RS,2,Qualidade dos Serviços Digitais,munic/MUNIC_CELULAR_BOLETOS,munic,MUNIC_CELULAR_BOLETOS,total,Emissão de boletos ou guias de pagamento,prop_0_100,prefeituras,100.0,2024
RS,2,Qualidade dos Serviços Digitais,munic/MUNIC_CELULAR_SMS_ENVIO,munic,MUNIC_CELULAR_SMS_ENVIO,total,Envio de SMS para o cidadão,prop_0_100,prefeituras,100.0,2024
RS,2,Qualidade dos Serviços Digitais,munic/MUNIC_CELULAR_SMS_RECEB,munic,MUNIC_CELULAR_SMS_RECEB,total,Recebimento de SMS pelo cidadão,prop_0_100,prefeituras,100.0,2024
RS,2,Qualidade dos Serviços Digitais,munic/MUNIC_CELULAR_WEBSITE_MOBILE,munic,MUNIC_CELULAR_WEBSITE_MOBILE,total,Website adaptado para dispositivos móveis,prop_0_100,prefeituras,100.0,2024
RS,2,Qualidade dos Serviços Digitais,munic/MUNIC_PAGINA_INTERNET,munic,MUNIC_PAGINA_INTERNET,total,Prefeitura com página na Internet,prop_0_100,prefeituras,100.0,2024
RS,2,Qualidade dos Serviços Digitais,munic/MUNIC_REDES_SOCIAIS,munic,MUNIC_REDES_SOCIAIS,total,Prefeitura com perfil em plataformas online,prop_0_100,prefeituras,100.0,2024
RS,2,Qualidade dos Serviços Digitais,munic/MUNIC_SERV_INFO_CONCURSOS,munic,MUNIC_SERV_INFO_CONCURSOS,total,Serviço informativo — concursos públicos,prop_0_100,prefeituras,100.0,2024
RS,2,Qualidade dos Serviços Digitais,munic/MUNIC_SERV_INFO_DIARIO,munic,MUNIC_SERV_INFO_DIARIO,total,Serviço informativo — diário oficial,prop_0_100,prefeituras,100.0,2024
RS,2,Qualidade dos Serviços Digitais,munic/MUNIC_SERV_INFO_DOCUMENTOS,munic,MUNIC_SERV_INFO_DOCUMENTOS,total,Serviço informativo — acesso a documentos/formulários,prop_0_100,prefeituras,100.0,2024
RS,2,Qualidade dos Serviços Digitais,munic/MUNIC_SERV_INFO_LEGISLACAO,munic,MUNIC_SERV_INFO_LEGISLACAO,total,Serviço informativo — legislação municipal,prop_0_100,prefeituras,100.0,2024
RS,2,Qualidade dos Serviços Digitais,munic/MUNIC_SERV_INFO_LICITACOES,munic,MUNIC_SERV_INFO_LICITACOES,total,Serviço informativo — licitações,prop_0_100,prefeituras,100.0,2024
RS,2,Qualidade dos Serviços Digitais,munic/MUNIC_SERV_INFO_NOTICIAS,munic,MUNIC_SERV_INFO_NOTICIAS,total,Serviço informativo na página — notícias,prop_0_100,prefeituras,100.0,2024
RS,2,Qualidade dos Serviços Digitais,munic/MUNIC_SERV_TRANS_CERTIDAO,munic,MUNIC_SERV_TRANS_CERTIDAO,total,Serviço transacional — certidão negativa de débito,prop_0_100,prefeituras,100.0,2024
RS,2,Qualidade dos Serviços Digitais,munic/MUNIC_SERV_TRANS_DOWNLOAD,munic,MUNIC_SERV_TRANS_DOWNLOAD,total,Serviço transacional — download de documentos,prop_0_100,prefeituras,100.0,2024
RS,2,Qualidade dos Serviços Digitais,munic/MUNIC_SERV_TRANS_MATRICULA,munic,MUNIC_SERV_TRANS_MATRICULA,total,Serviço transacional — matrícula escolar online,prop_0_100,prefeituras,0.0,2024
RS,2,Qualidade dos Serviços Digitais,munic/MUNIC_SERV_TRANS_NFE,munic,MUNIC_SERV_TRANS_NFE,total,Serviço transacional — Nota Fiscal Eletrônica,prop_0_100,prefeituras,100.0,2024
RS,2,Qualidade dos Serviços Digitais,munic/MUNIC_SERV_TRANS_OUVIDORIA,munic,MUNIC_SERV_TRANS_OUVIDORIA,total,Serviço transacional — ouvidoria online,prop_0_100,prefeituras,100.0,2024
RS,2,Qualidade dos Serviços Digitais,munic/MUNIC_SERV_TRANS_PROCESSOS,munic,MUNIC_SERV_TRANS_PROCESSOS,total,Serviço transacional — consulta a processos,prop_0_100,prefeituras,100.0,2024
RS,2,Qualidade dos Serviços Digitais,munic/MUNIC_SERV_TRANS_SATISFACAO,munic,MUNIC_SERV_TRANS_SATISFACAO,total,Serviço transacional — pesquisa de satisfação,prop_0_100,prefeituras,100.0,2024
RS,2,Qualidade dos Serviços Digitais,munic/MUNIC_SERV_TRANS_SAUDE,munic,MUNIC_SERV_TRANS_SAUDE,total,Serviço transacional — agendamento consulta saúde,prop_0_100,prefeituras,0.0,2024
RS,2,Qualidade dos Serviços Digitais,munic/MUNIC_SERV_TRANS_TRIBUTOS,munic,MUNIC_SERV_TRANS_TRIBUTOS,total,Serviço transacional — guia de pagamento de tributos,prop_0_100,prefeituras,100.0,2024
RS,2,Qualidade dos Serviços Digitais,munic/MUNIC_SMART_BILHETE,munic,MUNIC_SMART_BILHETE,total,Bilhete eletrônico no transporte público,prop_0_100,prefeituras,100.0,2024
RS,2,Qualidade dos Serviços Digitais,munic/MUNIC_SMART_GPS_ONIBUS,munic,MUNIC_SMART_GPS_ONIBUS,total,Ônibus com GPS para informação ao usuário,prop_0_100,prefeituras,100.0,2024
RS,2,Qualidade dos Serviços Digitais,munic/PAGINA_POSSUI_TITULO,munic,PAGINA_POSSUI_TITULO,total,Páginas com título descritivo na aba do navegador (WCAG 2.4.2),prop_0_100,prefeituras,100.0,2024
RS,3,Identificação Única,munic/MUNIC_AUTENTICACAO,munic,MUNIC_AUTENTICACAO,total,Autenticação para acessar serviços pela internet,prop_0_100,prefeituras,0.0,2024
RS,4,Segurança e LGPD,munic/MUNIC_LGPD,munic,MUNIC_LGPD,total,Disseminação de orientações sobre LGPD na prefeitura,prop_0_100,prefeituras,100.0,2024
RS,4,Segurança e LGPD,munic/MUNIC_LGPD_CANAL_TITULAR,munic,MUNIC_LGPD_CANAL_TITULAR,total,Canal pela internet para titulares de dados (LGPD),prop_0_100,prefeituras,100.0,2024
RS,4,Segurança e LGPD,munic/MUNIC_LGPD_CAPACIT,munic,MUNIC_LGPD_CAPACIT,total,Cursos de segurança da informação e proteção de dados para servidores,prop_0_100,prefeituras,100.0,2024
RS,4,Segurança e LGPD,munic/MUNIC_LGPD_REGULAMENT,munic,MUNIC_LGPD_REGULAMENT,total,Regulamentação municipal específica sobre LGPD,prop_0_100,prefeituras,100.0,2024
RS,4,Segurança e LGPD,munic/MUNIC_LGPD_RESP,munic,MUNIC_LGPD_RESP,total,Responsável LGPD designado no município,prop_0_100,prefeituras,100.0,2024
RS,5,Dados e Interoperabilidade,munic/MUNIC_DADOS_ABERTOS,munic,MUNIC_DADOS_ABERTOS,total,Portal de dados abertos,prop_0_100,prefeituras,100.0,2024
RS,6,Infraestrutura,censo_escolar/IN_COMPUTADOR,censo_escolar,IN_COMPUTADOR,total,% escolas com computador,binario_agregar,escolas,98.45,2024
RS,6,Infraestrutura,censo_escolar/IN_INTERNET,censo_escolar,IN_INTERNET,total,% escolas com acesso à Internet,binario_agregar,escolas,99.28,2024
RS,6,Infraestrutura,censo_escolar/IN_INTERNET_ALUNOS,censo_escolar,IN_INTERNET_ALUNOS,total,% escolas com Internet para alunos,binario_agregar,escolas,36.53,2024
RS,6,Infraestrutura,censo_escolar/IN_INTERNET_APRENDIZAGEM,censo_escolar,IN_INTERNET_APRENDIZAGEM,total,% escolas com Internet para ensino,binario_agregar,escolas,56.55,2024
RS,6,Infraestrutura,censo_escolar/IN_LABORATORIO_INFORMATICA,censo_escolar,IN_LABORATORIO_INFORMATICA,total,% escolas com laboratório de informática,binario_agregar,escolas,36.12,2024
RS,6,Infraestrutura,anatel/BLM02,anatel,BLM02,total,% de domicílios cobertos por telefonia móvel,pct_meta_100,domicilios,100.0,2025
RS,6,Infraestrutura,munic/MUNIC_CPD,munic,MUNIC_CPD,total,Centro de Processamento de Dados na prefeitura,prop_0_100,prefeituras,100.0,2024
RS,6,Infraestrutura,munic/MUNIC_INCLUSAO_DIGITAL,munic,MUNIC_INCLUSAO_DIGITAL,total,Programa ou ação de inclusão digital,prop_0_100,prefeituras,100.0,2024
RS,6,Infraestrutura,munic/MUNIC_INTERNET,munic,MUNIC_INTERNET,total,Municípios com evidência afirmativa de conexão à Internet,prop_0_100,prefeituras,100.0,2024
RS,6,Infraestrutura,munic/MUNIC_SMART_CENTRO_CONTROLE,munic,MUNIC_SMART_CENTRO_CONTROLE,total,Centro de controle operacional,prop_0_100,prefeituras,100.0,2024
RS,6,Infraestrutura,munic/MUNIC_SMART_ILUMINACAO,munic,MUNIC_SMART_ILUMINACAO,total,Iluminação inteligente com medição de consumo,prop_0_100,prefeituras,100.0,2024
RS,6,Infraestrutura,munic/MUNIC_SMART_SEMAFOROS,munic,MUNIC_SMART_SEMAFOROS,total,Semáforos inteligentes controlados a distância,prop_0_100,prefeituras,100.0,2024
RS,6,Infraestrutura,munic/MUNIC_SMART_SENSORES,munic,MUNIC_SMART_SENSORES,total,Sensores para monitoramento de áreas de risco,prop_0_100,prefeituras,0.0,2024
RS,6,Infraestrutura,munic/MUNIC_WIFI_PUBLICO,munic,MUNIC_WIFI_PUBLICO,total,Acesso público à Internet (Wi-Fi) pela prefeitura,prop_0_100,prefeituras,100.0,2024
RS,9,Transparência e Participação,munic/MUNIC_ATIV_REDES_CONSULTA,munic,MUNIC_ATIV_REDES_CONSULTA,total,Atividade em redes sociais — consulta pública/enquete,prop_0_100,prefeituras,0.0,2024
RS,9,Transparência e Participação,munic/MUNIC_CONSELHO_TRANSP,munic,MUNIC_CONSELHO_TRANSP,total,Existência de Conselho Municipal de Transparência,prop_0_100,prefeituras,0.0,2024
RS,9,Transparência e Participação,munic/MUNIC_LAI,munic,MUNIC_LAI,total,Disseminação de orientações sobre LAI na prefeitura,prop_0_100,prefeituras,100.0,2024
RS,9,Transparência e Participação,munic/MUNIC_LAI_LEI,munic,MUNIC_LAI_LEI,total,Legislação municipal específica sobre LAI,prop_0_100,prefeituras,100.0,2024
RS,9,Transparência e Participação,munic/MUNIC_LAI_PUBLICA_PR,munic,MUNIC_LAI_PUBLICA_PR,total,Publicação de perguntas e respostas feitas pela LAI,prop_0_100,prefeituras,100.0,2024
RS,9,Transparência e Participação,munic/MUNIC_LAI_SOLICITACOES,munic,MUNIC_LAI_SOLICITACOES,total,Solicitações de acesso à informação recebidas em 2023,prop_0_100,prefeituras,100.0,2024
RS,9,Transparência e Participação,munic/MUNIC_PARTICIPACAO,munic,MUNIC_PARTICIPACAO,total,Participação do cidadão pela internet,prop_0_100,prefeituras,100.0,2024
RS,9,Transparência e Participação,munic/MUNIC_PORTAL_TRANSP,munic,MUNIC_PORTAL_TRANSP,total,Portal da transparência,prop_0_100,prefeituras,100.0,2024
RS,9,Transparência e Participação,munic/MUNIC_SERV_INFO_FINANCAS,munic,MUNIC_SERV_INFO_FINANCAS,total,Serviço informativo — finanças públicas,prop_0_100,prefeituras,100.0,2024
MS,1,Governança do Governo Digital,munic/MUNIC_TI_ESTRUTURA,munic,MUNIC_TI_ESTRUTURA,total,Estrutura organizacional de TI na prefeitura,prop_0_100,prefeituras,100.0,2024
MS,2,Qualidade dos Serviços Digitais,munic/MUNIC_ACESS_IMAGENS,munic,MUNIC_ACESS_IMAGENS,total,Descrição do conteúdo das imagens,prop_0_100,prefeituras,0.0,2024
MS,2,Qualidade dos Serviços Digitais,munic/MUNIC_ACESS_LIBRAS,munic,MUNIC_ACESS_LIBRAS,total,Tradução de conteúdo em LIBRAS,prop_0_100,prefeituras,100.0,2024
MS,2,Qualidade dos Serviços Digitais,munic/MUNIC_ACESS_NAVEGACAO,munic,MUNIC_ACESS_NAVEGACAO,total,Navegação acessível por todos os itens interativos,prop_0_100,prefeituras,0.0,2024
MS,2,Qualidade dos Serviços Digitais,munic/MUNIC_ACESS_SALTAR,munic,MUNIC_ACESS_SALTAR,total,Tecnologia assistiva para saltar itens repetitivos,prop_0_100,prefeituras,0.0,2024
MS,2,Qualidade dos Serviços Digitais,munic/MUNIC_ATEND_DISTANCIA,munic,MUNIC_ATEND_DISTANCIA,total,Serviços de atendimento ao público a distância,prop_0_100,prefeituras,100.0,2024
MS,2,Qualidade dos Serviços Digitais,munic/MUNIC_ATIV_REDES_DIVULGAR,munic,MUNIC_ATIV_REDES_DIVULGAR,total,Atividade em redes sociais — divulgar serviços/campanhas,prop_0_100,prefeituras,100.0,2024
MS,2,Qualidade dos Serviços Digitais,munic/MUNIC_ATIV_REDES_NOTICIAS,munic,MUNIC_ATIV_REDES_NOTICIAS,total,Atividade em redes sociais — postar notícias,prop_0_100,prefeituras,100.0,2024
MS,2,Qualidade dos Serviços Digitais,munic/MUNIC_ATIV_REDES_RESPOSTAS,munic,MUNIC_ATIV_REDES_RESPOSTAS,total,Atividade em redes sociais — responder comentários,prop_0_100,prefeituras,100.0,2024
MS,2,Qualidade dos Serviços Digitais,munic/MUNIC_CELULAR_APP_OUTROS,munic,MUNIC_CELULAR_APP_OUTROS,total,Aplicativos criados por outros organismos,prop_0_100,prefeituras,0.0,2024
MS,2,Qualidade dos Serviços Digitais,munic/MUNIC_CELULAR_APP_PREF,munic,MUNIC_CELULAR_APP_PREF,total,Aplicativos criados pela prefeitura,prop_0_100,prefeituras,100.0,2024
MS,2,Qualidade dos Serviços Digitais,munic/MUNIC_CELULAR_BOLETOS,munic,MUNIC_CELULAR_BOLETOS,total,Emissão de boletos ou guias de pagamento,prop_0_100,prefeituras,100.0,2024
MS,2,Qualidade dos Serviços Digitais,munic/MUNIC_CELULAR_SMS_ENVIO,munic,MUNIC_CELULAR_SMS_ENVIO,total,Envio de SMS para o cidadão,prop_0_100,prefeituras,0.0,2024
MS,2,Qualidade dos Serviços Digitais,munic/MUNIC_CELULAR_SMS_RECEB,munic,MUNIC_CELULAR_SMS_RECEB,total,Recebimento de SMS pelo cidadão,prop_0_100,prefeituras,0.0,2024
MS,2,Qualidade dos Serviços Digitais,munic/MUNIC_CELULAR_WEBSITE_MOBILE,munic,MUNIC_CELULAR_WEBSITE_MOBILE,total,Website adaptado para dispositivos móveis,prop_0_100,prefeituras,100.0,2024
MS,2,Qualidade dos Serviços Digitais,munic/MUNIC_PAGINA_INTERNET,munic,MUNIC_PAGINA_INTERNET,total,Prefeitura com página na Internet,prop_0_100,prefeituras,100.0,2024
MS,2,Qualidade dos Serviços Digitais,munic/MUNIC_REDES_SOCIAIS,munic,MUNIC_REDES_SOCIAIS,total,Prefeitura com perfil em plataformas online,prop_0_100,prefeituras,100.0,2024
MS,2,Qualidade dos Serviços Digitais,munic/MUNIC_SERV_INFO_CONCURSOS,munic,MUNIC_SERV_INFO_CONCURSOS,total,Serviço informativo — concursos públicos,prop_0_100,prefeituras,0.0,2024
MS,2,Qualidade dos Serviços Digitais,munic/MUNIC_SERV_INFO_DIARIO,munic,MUNIC_SERV_INFO_DIARIO,total,Serviço informativo — diário oficial,prop_0_100,prefeituras,100.0,2024
MS,2,Qualidade dos Serviços Digitais,munic/MUNIC_SERV_INFO_DOCUMENTOS,munic,MUNIC_SERV_INFO_DOCUMENTOS,total,Serviço informativo — acesso a documentos/formulários,prop_0_100,prefeituras,100.0,2024
MS,2,Qualidade dos Serviços Digitais,munic/MUNIC_SERV_INFO_LEGISLACAO,munic,MUNIC_SERV_INFO_LEGISLACAO,total,Serviço informativo — legislação municipal,prop_0_100,prefeituras,100.0,2024
MS,2,Qualidade dos Serviços Digitais,munic/MUNIC_SERV_INFO_LICITACOES,munic,MUNIC_SERV_INFO_LICITACOES,total,Serviço informativo — licitações,prop_0_100,prefeituras,100.0,2024
MS,2,Qualidade dos Serviços Digitais,munic/MUNIC_SERV_INFO_NOTICIAS,munic,MUNIC_SERV_INFO_NOTICIAS,total,Serviço informativo na página — notícias,prop_0_100,prefeituras,100.0,2024
MS,2,Qualidade dos Serviços Digitais,munic/MUNIC_SERV_TRANS_CERTIDAO,munic,MUNIC_SERV_TRANS_CERTIDAO,total,Serviço transacional — certidão negativa de débito,prop_0_100,prefeituras,100.0,2024
MS,2,Qualidade dos Serviços Digitais,munic/MUNIC_SERV_TRANS_DOWNLOAD,munic,MUNIC_SERV_TRANS_DOWNLOAD,total,Serviço transacional — download de documentos,prop_0_100,prefeituras,100.0,2024
MS,2,Qualidade dos Serviços Digitais,munic/MUNIC_SERV_TRANS_MATRICULA,munic,MUNIC_SERV_TRANS_MATRICULA,total,Serviço transacional — matrícula escolar online,prop_0_100,prefeituras,100.0,2024
MS,2,Qualidade dos Serviços Digitais,munic/MUNIC_SERV_TRANS_NFE,munic,MUNIC_SERV_TRANS_NFE,total,Serviço transacional — Nota Fiscal Eletrônica,prop_0_100,prefeituras,100.0,2024
MS,2,Qualidade dos Serviços Digitais,munic/MUNIC_SERV_TRANS_OUVIDORIA,munic,MUNIC_SERV_TRANS_OUVIDORIA,total,Serviço transacional — ouvidoria online,prop_0_100,prefeituras,100.0,2024
MS,2,Qualidade dos Serviços Digitais,munic/MUNIC_SERV_TRANS_PROCESSOS,munic,MUNIC_SERV_TRANS_PROCESSOS,total,Serviço transacional — consulta a processos,prop_0_100,prefeituras,0.0,2024
MS,2,Qualidade dos Serviços Digitais,munic/MUNIC_SERV_TRANS_SATISFACAO,munic,MUNIC_SERV_TRANS_SATISFACAO,total,Serviço transacional — pesquisa de satisfação,prop_0_100,prefeituras,0.0,2024
MS,2,Qualidade dos Serviços Digitais,munic/MUNIC_SERV_TRANS_SAUDE,munic,MUNIC_SERV_TRANS_SAUDE,total,Serviço transacional — agendamento consulta saúde,prop_0_100,prefeituras,0.0,2024
MS,2,Qualidade dos Serviços Digitais,munic/MUNIC_SERV_TRANS_TRIBUTOS,munic,MUNIC_SERV_TRANS_TRIBUTOS,total,Serviço transacional — guia de pagamento de tributos,prop_0_100,prefeituras,100.0,2024
MS,2,Qualidade dos Serviços Digitais,munic/MUNIC_SMART_BILHETE,munic,MUNIC_SMART_BILHETE,total,Bilhete eletrônico no transporte público,prop_0_100,prefeituras,100.0,2024
MS,2,Qualidade dos Serviços Digitais,munic/MUNIC_SMART_GPS_ONIBUS,munic,MUNIC_SMART_GPS_ONIBUS,total,Ônibus com GPS para informação ao usuário,prop_0_100,prefeituras,100.0,2024
MS,2,Qualidade dos Serviços Digitais,munic/PAGINA_POSSUI_TITULO,munic,PAGINA_POSSUI_TITULO,total,Páginas com título descritivo na aba do navegador (WCAG 2.4.2),prop_0_100,prefeituras,0.0,2024
MS,3,Identificação Única,munic/MUNIC_AUTENTICACAO,munic,MUNIC_AUTENTICACAO,total,Autenticação para acessar serviços pela internet,prop_0_100,prefeituras,100.0,2024
MS,4,Segurança e LGPD,munic/MUNIC_LGPD,munic,MUNIC_LGPD,total,Disseminação de orientações sobre LGPD na prefeitura,prop_0_100,prefeituras,0.0,2024
MS,4,Segurança e LGPD,munic/MUNIC_LGPD_CANAL_TITULAR,munic,MUNIC_LGPD_CANAL_TITULAR,total,Canal pela internet para titulares de dados (LGPD),prop_0_100,prefeituras,0.0,2024
MS,4,Segurança e LGPD,munic/MUNIC_LGPD_CAPACIT,munic,MUNIC_LGPD_CAPACIT,total,Cursos de segurança da informação e proteção de dados para servidores,prop_0_100,prefeituras,100.0,2024
MS,4,Segurança e LGPD,munic/MUNIC_LGPD_REGULAMENT,munic,MUNIC_LGPD_REGULAMENT,total,Regulamentação municipal específica sobre LGPD,prop_0_100,prefeituras,0.0,2024
MS,4,Segurança e LGPD,munic/MUNIC_LGPD_RESP,munic,MUNIC_LGPD_RESP,total,Responsável LGPD designado no município,prop_0_100,prefeituras,100.0,2024
MS,5,Dados e Interoperabilidade,munic/MUNIC_DADOS_ABERTOS,munic,MUNIC_DADOS_ABERTOS,total,Portal de dados abertos,prop_0_100,prefeituras,100.0,2024
MS,6,Infraestrutura,censo_escolar/IN_COMPUTADOR,censo_escolar,IN_COMPUTADOR,total,% escolas com computador,binario_agregar,escolas,97.99,2024
MS,6,Infraestrutura,censo_escolar/IN_INTERNET,censo_escolar,IN_INTERNET,total,% escolas com acesso à Internet,binario_agregar,escolas,99.6,2024
MS,6,Infraestrutura,censo_escolar/IN_INTERNET_ALUNOS,censo_escolar,IN_INTERNET_ALUNOS,total,% escolas com Internet para alunos,binario_agregar,escolas,48.59,2024
MS,6,Infraestrutura,censo_escolar/IN_INTERNET_APRENDIZAGEM,censo_escolar,IN_INTERNET_APRENDIZAGEM,total,% escolas com Internet para ensino,binario_agregar,escolas,75.9,2024
MS,6,Infraestrutura,censo_escolar/IN_LABORATORIO_INFORMATICA,censo_escolar,IN_LABORATORIO_INFORMATICA,total,% escolas com laboratório de informática,binario_agregar,escolas,33.73,2024
MS,6,Infraestrutura,anatel/BLM02,anatel,BLM02,total,% de domicílios cobertos por telefonia móvel,pct_meta_100,domicilios,99.13,2025
MS,6,Infraestrutura,munic/MUNIC_CPD,munic,MUNIC_CPD,total,Centro de Processamento de Dados na prefeitura,prop_0_100,prefeituras,100.0,2024
MS,6,Infraestrutura,munic/MUNIC_INCLUSAO_DIGITAL,munic,MUNIC_INCLUSAO_DIGITAL,total,Programa ou ação de inclusão digital,prop_0_100,prefeituras,100.0,2024
MS,6,Infraestrutura,munic/MUNIC_INTERNET,munic,MUNIC_INTERNET,total,Municípios com evidência afirmativa de conexão à Internet,prop_0_100,prefeituras,100.0,2024
MS,6,Infraestrutura,munic/MUNIC_SMART_CENTRO_CONTROLE,munic,MUNIC_SMART_CENTRO_CONTROLE,total,Centro de controle operacional,prop_0_100,prefeituras,100.0,2024
MS,6,Infraestrutura,munic/MUNIC_SMART_ILUMINACAO,munic,MUNIC_SMART_ILUMINACAO,total,Iluminação inteligente com medição de consumo,prop_0_100,prefeituras,0.0,2024
MS,6,Infraestrutura,munic/MUNIC_SMART_SEMAFOROS,munic,MUNIC_SMART_SEMAFOROS,total,Semáforos inteligentes controlados a distância,prop_0_100,prefeituras,100.0,2024
MS,6,Infraestrutura,munic/MUNIC_SMART_SENSORES,munic,MUNIC_SMART_SENSORES,total,Sensores para monitoramento de áreas de risco,prop_0_100,prefeituras,100.0,2024
MS,6,Infraestrutura,munic/MUNIC_WIFI_PUBLICO,munic,MUNIC_WIFI_PUBLICO,total,Acesso público à Internet (Wi-Fi) pela prefeitura,prop_0_100,prefeituras,100.0,2024
MS,9,Transparência e Participação,munic/MUNIC_ATIV_REDES_CONSULTA,munic,MUNIC_ATIV_REDES_CONSULTA,total,Atividade em redes sociais — consulta pública/enquete,prop_0_100,prefeituras,100.0,2024
MS,9,Transparência e Participação,munic/MUNIC_CONSELHO_TRANSP,munic,MUNIC_CONSELHO_TRANSP,total,Existência de Conselho Municipal de Transparência,prop_0_100,prefeituras,0.0,2024
MS,9,Transparência e Participação,munic/MUNIC_LAI,munic,MUNIC_LAI,total,Disseminação de orientações sobre LAI na prefeitura,prop_0_100,prefeituras,0.0,2024
MS,9,Transparência e Participação,munic/MUNIC_LAI_LEI,munic,MUNIC_LAI_LEI,total,Legislação municipal específica sobre LAI,prop_0_100,prefeituras,100.0,2024
MS,9,Transparência e Participação,munic/MUNIC_LAI_PUBLICA_PR,munic,MUNIC_LAI_PUBLICA_PR,total,Publicação de perguntas e respostas feitas pela LAI,prop_0_100,prefeituras,100.0,2024
MS,9,Transparência e Participação,munic/MUNIC_LAI_SOLICITACOES,munic,MUNIC_LAI_SOLICITACOES,total,Solicitações de acesso à informação recebidas em 2023,prop_0_100,prefeituras,100.0,2024
MS,9,Transparência e Participação,munic/MUNIC_PARTICIPACAO,munic,MUNIC_PARTICIPACAO,total,Participação do cidadão pela internet,prop_0_100,prefeituras,0.0,2024
MS,9,Transparência e Participação,munic/MUNIC_PORTAL_TRANSP,munic,MUNIC_PORTAL_TRANSP,total,Portal da transparência,prop_0_100,prefeituras,100.0,2024
MS,9,Transparência e Participação,munic/MUNIC_SERV_INFO_FINANCAS,munic,MUNIC_SERV_INFO_FINANCAS,total,Serviço informativo — finanças públicas,prop_0_100,prefeituras,100.0,2024
MT,1,Governança do Governo Digital,munic/MUNIC_TI_ESTRUTURA,munic,MUNIC_TI_ESTRUTURA,total,Estrutura organizacional de TI na prefeitura,prop_0_100,prefeituras,100.0,2024
MT,2,Qualidade dos Serviços Digitais,munic/MUNIC_ACESS_IMAGENS,munic,MUNIC_ACESS_IMAGENS,total,Descrição do conteúdo das imagens,prop_0_100,prefeituras,100.0,2024
MT,2,Qualidade dos Serviços Digitais,munic/MUNIC_ACESS_LIBRAS,munic,MUNIC_ACESS_LIBRAS,total,Tradução de conteúdo em LIBRAS,prop_0_100,prefeituras,100.0,2024
MT,2,Qualidade dos Serviços Digitais,munic/MUNIC_ACESS_NAVEGACAO,munic,MUNIC_ACESS_NAVEGACAO,total,Navegação acessível por todos os itens interativos,prop_0_100,prefeituras,0.0,2024
MT,2,Qualidade dos Serviços Digitais,munic/MUNIC_ACESS_SALTAR,munic,MUNIC_ACESS_SALTAR,total,Tecnologia assistiva para saltar itens repetitivos,prop_0_100,prefeituras,0.0,2024
MT,2,Qualidade dos Serviços Digitais,munic/MUNIC_ATEND_DISTANCIA,munic,MUNIC_ATEND_DISTANCIA,total,Serviços de atendimento ao público a distância,prop_0_100,prefeituras,100.0,2024
MT,2,Qualidade dos Serviços Digitais,munic/MUNIC_ATIV_REDES_DIVULGAR,munic,MUNIC_ATIV_REDES_DIVULGAR,total,Atividade em redes sociais — divulgar serviços/campanhas,prop_0_100,prefeituras,100.0,2024
MT,2,Qualidade dos Serviços Digitais,munic/MUNIC_ATIV_REDES_NOTICIAS,munic,MUNIC_ATIV_REDES_NOTICIAS,total,Atividade em redes sociais — postar notícias,prop_0_100,prefeituras,100.0,2024
MT,2,Qualidade dos Serviços Digitais,munic/MUNIC_ATIV_REDES_RESPOSTAS,munic,MUNIC_ATIV_REDES_RESPOSTAS,total,Atividade em redes sociais — responder comentários,prop_0_100,prefeituras,100.0,2024
MT,2,Qualidade dos Serviços Digitais,munic/MUNIC_CELULAR_APP_OUTROS,munic,MUNIC_CELULAR_APP_OUTROS,total,Aplicativos criados por outros organismos,prop_0_100,prefeituras,0.0,2024
MT,2,Qualidade dos Serviços Digitais,munic/MUNIC_CELULAR_APP_PREF,munic,MUNIC_CELULAR_APP_PREF,total,Aplicativos criados pela prefeitura,prop_0_100,prefeituras,100.0,2024
MT,2,Qualidade dos Serviços Digitais,munic/MUNIC_CELULAR_BOLETOS,munic,MUNIC_CELULAR_BOLETOS,total,Emissão de boletos ou guias de pagamento,prop_0_100,prefeituras,0.0,2024
MT,2,Qualidade dos Serviços Digitais,munic/MUNIC_CELULAR_SMS_ENVIO,munic,MUNIC_CELULAR_SMS_ENVIO,total,Envio de SMS para o cidadão,prop_0_100,prefeituras,0.0,2024
MT,2,Qualidade dos Serviços Digitais,munic/MUNIC_CELULAR_SMS_RECEB,munic,MUNIC_CELULAR_SMS_RECEB,total,Recebimento de SMS pelo cidadão,prop_0_100,prefeituras,0.0,2024
MT,2,Qualidade dos Serviços Digitais,munic/MUNIC_CELULAR_WEBSITE_MOBILE,munic,MUNIC_CELULAR_WEBSITE_MOBILE,total,Website adaptado para dispositivos móveis,prop_0_100,prefeituras,0.0,2024
MT,2,Qualidade dos Serviços Digitais,munic/MUNIC_PAGINA_INTERNET,munic,MUNIC_PAGINA_INTERNET,total,Prefeitura com página na Internet,prop_0_100,prefeituras,100.0,2024
MT,2,Qualidade dos Serviços Digitais,munic/MUNIC_REDES_SOCIAIS,munic,MUNIC_REDES_SOCIAIS,total,Prefeitura com perfil em plataformas online,prop_0_100,prefeituras,100.0,2024
MT,2,Qualidade dos Serviços Digitais,munic/MUNIC_SERV_INFO_CONCURSOS,munic,MUNIC_SERV_INFO_CONCURSOS,total,Serviço informativo — concursos públicos,prop_0_100,prefeituras,100.0,2024
MT,2,Qualidade dos Serviços Digitais,munic/MUNIC_SERV_INFO_DIARIO,munic,MUNIC_SERV_INFO_DIARIO,total,Serviço informativo — diário oficial,prop_0_100,prefeituras,100.0,2024
MT,2,Qualidade dos Serviços Digitais,munic/MUNIC_SERV_INFO_DOCUMENTOS,munic,MUNIC_SERV_INFO_DOCUMENTOS,total,Serviço informativo — acesso a documentos/formulários,prop_0_100,prefeituras,100.0,2024
MT,2,Qualidade dos Serviços Digitais,munic/MUNIC_SERV_INFO_LEGISLACAO,munic,MUNIC_SERV_INFO_LEGISLACAO,total,Serviço informativo — legislação municipal,prop_0_100,prefeituras,100.0,2024
MT,2,Qualidade dos Serviços Digitais,munic/MUNIC_SERV_INFO_LICITACOES,munic,MUNIC_SERV_INFO_LICITACOES,total,Serviço informativo — licitações,prop_0_100,prefeituras,100.0,2024
MT,2,Qualidade dos Serviços Digitais,munic/MUNIC_SERV_INFO_NOTICIAS,munic,MUNIC_SERV_INFO_NOTICIAS,total,Serviço informativo na página — notícias,prop_0_100,prefeituras,100.0,2024
MT,2,Qualidade dos Serviços Digitais,munic/MUNIC_SERV_TRANS_CERTIDAO,munic,MUNIC_SERV_TRANS_CERTIDAO,total,Serviço transacional — certidão negativa de débito,prop_0_100,prefeituras,100.0,2024
MT,2,Qualidade dos Serviços Digitais,munic/MUNIC_SERV_TRANS_DOWNLOAD,munic,MUNIC_SERV_TRANS_DOWNLOAD,total,Serviço transacional — download de documentos,prop_0_100,prefeituras,100.0,2024
MT,2,Qualidade dos Serviços Digitais,munic/MUNIC_SERV_TRANS_MATRICULA,munic,MUNIC_SERV_TRANS_MATRICULA,total,Serviço transacional — matrícula escolar online,prop_0_100,prefeituras,100.0,2024
MT,2,Qualidade dos Serviços Digitais,munic/MUNIC_SERV_TRANS_NFE,munic,MUNIC_SERV_TRANS_NFE,total,Serviço transacional — Nota Fiscal Eletrônica,prop_0_100,prefeituras,100.0,2024
MT,2,Qualidade dos Serviços Digitais,munic/MUNIC_SERV_TRANS_OUVIDORIA,munic,MUNIC_SERV_TRANS_OUVIDORIA,total,Serviço transacional — ouvidoria online,prop_0_100,prefeituras,100.0,2024
MT,2,Qualidade dos Serviços Digitais,munic/MUNIC_SERV_TRANS_PROCESSOS,munic,MUNIC_SERV_TRANS_PROCESSOS,total,Serviço transacional — consulta a processos,prop_0_100,prefeituras,100.0,2024
MT,2,Qualidade dos Serviços Digitais,munic/MUNIC_SERV_TRANS_SATISFACAO,munic,MUNIC_SERV_TRANS_SATISFACAO,total,Serviço transacional — pesquisa de satisfação,prop_0_100,prefeituras,100.0,2024
MT,2,Qualidade dos Serviços Digitais,munic/MUNIC_SERV_TRANS_SAUDE,munic,MUNIC_SERV_TRANS_SAUDE,total,Serviço transacional — agendamento consulta saúde,prop_0_100,prefeituras,100.0,2024
MT,2,Qualidade dos Serviços Digitais,munic/MUNIC_SERV_TRANS_TRIBUTOS,munic,MUNIC_SERV_TRANS_TRIBUTOS,total,Serviço transacional — guia de pagamento de tributos,prop_0_100,prefeituras,100.0,2024
MT,2,Qualidade dos Serviços Digitais,munic/MUNIC_SMART_BILHETE,munic,MUNIC_SMART_BILHETE,total,Bilhete eletrônico no transporte público,prop_0_100,prefeituras,100.0,2024
MT,2,Qualidade dos Serviços Digitais,munic/MUNIC_SMART_GPS_ONIBUS,munic,MUNIC_SMART_GPS_ONIBUS,total,Ônibus com GPS para informação ao usuário,prop_0_100,prefeituras,100.0,2024
MT,2,Qualidade dos Serviços Digitais,munic/PAGINA_POSSUI_TITULO,munic,PAGINA_POSSUI_TITULO,total,Páginas com título descritivo na aba do navegador (WCAG 2.4.2),prop_0_100,prefeituras,0.0,2024
MT,3,Identificação Única,munic/MUNIC_AUTENTICACAO,munic,MUNIC_AUTENTICACAO,total,Autenticação para acessar serviços pela internet,prop_0_100,prefeituras,100.0,2024
MT,4,Segurança e LGPD,munic/MUNIC_LGPD,munic,MUNIC_LGPD,total,Disseminação de orientações sobre LGPD na prefeitura,prop_0_100,prefeituras,0.0,2024
MT,4,Segurança e LGPD,munic/MUNIC_LGPD_CANAL_TITULAR,munic,MUNIC_LGPD_CANAL_TITULAR,total,Canal pela internet para titulares de dados (LGPD),prop_0_100,prefeituras,100.0,2024
MT,4,Segurança e LGPD,munic/MUNIC_LGPD_CAPACIT,munic,MUNIC_LGPD_CAPACIT,total,Cursos de segurança da informação e proteção de dados para servidores,prop_0_100,prefeituras,100.0,2024
MT,4,Segurança e LGPD,munic/MUNIC_LGPD_REGULAMENT,munic,MUNIC_LGPD_REGULAMENT,total,Regulamentação municipal específica sobre LGPD,prop_0_100,prefeituras,100.0,2024
MT,4,Segurança e LGPD,munic/MUNIC_LGPD_RESP,munic,MUNIC_LGPD_RESP,total,Responsável LGPD designado no município,prop_0_100,prefeituras,100.0,2024
MT,5,Dados e Interoperabilidade,munic/MUNIC_DADOS_ABERTOS,munic,MUNIC_DADOS_ABERTOS,total,Portal de dados abertos,prop_0_100,prefeituras,100.0,2024
MT,6,Infraestrutura,censo_escolar/IN_COMPUTADOR,censo_escolar,IN_COMPUTADOR,total,% escolas com computador,binario_agregar,escolas,98.18,2024
MT,6,Infraestrutura,censo_escolar/IN_INTERNET,censo_escolar,IN_INTERNET,total,% escolas com acesso à Internet,binario_agregar,escolas,99.74,2024
MT,6,Infraestrutura,censo_escolar/IN_INTERNET_ALUNOS,censo_escolar,IN_INTERNET_ALUNOS,total,% escolas com Internet para alunos,binario_agregar,escolas,41.93,2024
MT,6,Infraestrutura,censo_escolar/IN_INTERNET_APRENDIZAGEM,censo_escolar,IN_INTERNET_APRENDIZAGEM,total,% escolas com Internet para ensino,binario_agregar,escolas,70.83,2024
MT,6,Infraestrutura,censo_escolar/IN_LABORATORIO_INFORMATICA,censo_escolar,IN_LABORATORIO_INFORMATICA,total,% escolas com laboratório de informática,binario_agregar,escolas,23.44,2024
MT,6,Infraestrutura,anatel/BLM02,anatel,BLM02,total,% de domicílios cobertos por telefonia móvel,pct_meta_100,domicilios,98.86,2025
MT,6,Infraestrutura,munic/MUNIC_CPD,munic,MUNIC_CPD,total,Centro de Processamento de Dados na prefeitura,prop_0_100,prefeituras,100.0,2024
MT,6,Infraestrutura,munic/MUNIC_INCLUSAO_DIGITAL,munic,MUNIC_INCLUSAO_DIGITAL,total,Programa ou ação de inclusão digital,prop_0_100,prefeituras,100.0,2024
MT,6,Infraestrutura,munic/MUNIC_INTERNET,munic,MUNIC_INTERNET,total,Municípios com evidência afirmativa de conexão à Internet,prop_0_100,prefeituras,100.0,2024
MT,6,Infraestrutura,munic/MUNIC_SMART_CENTRO_CONTROLE,munic,MUNIC_SMART_CENTRO_CONTROLE,total,Centro de controle operacional,prop_0_100,prefeituras,100.0,2024
MT,6,Infraestrutura,munic/MUNIC_SMART_ILUMINACAO,munic,MUNIC_SMART_ILUMINACAO,total,Iluminação inteligente com medição de consumo,prop_0_100,prefeituras,0.0,2024
MT,6,Infraestrutura,munic/MUNIC_SMART_SEMAFOROS,munic,MUNIC_SMART_SEMAFOROS,total,Semáforos inteligentes controlados a distância,prop_0_100,prefeituras,100.0,2024
MT,6,Infraestrutura,munic/MUNIC_SMART_SENSORES,munic,MUNIC_SMART_SENSORES,total,Sensores para monitoramento de áreas de risco,prop_0_100,prefeituras,0.0,2024
MT,6,Infraestrutura,munic/MUNIC_WIFI_PUBLICO,munic,MUNIC_WIFI_PUBLICO,total,Acesso público à Internet (Wi-Fi) pela prefeitura,prop_0_100,prefeituras,100.0,2024
MT,9,Transparência e Participação,munic/MUNIC_ATIV_REDES_CONSULTA,munic,MUNIC_ATIV_REDES_CONSULTA,total,Atividade em redes sociais — consulta pública/enquete,prop_0_100,prefeituras,0.0,2024
MT,9,Transparência e Participação,munic/MUNIC_CONSELHO_TRANSP,munic,MUNIC_CONSELHO_TRANSP,total,Existência de Conselho Municipal de Transparência,prop_0_100,prefeituras,0.0,2024
MT,9,Transparência e Participação,munic/MUNIC_LAI,munic,MUNIC_LAI,total,Disseminação de orientações sobre LAI na prefeitura,prop_0_100,prefeituras,0.0,2024
MT,9,Transparência e Participação,munic/MUNIC_LAI_LEI,munic,MUNIC_LAI_LEI,total,Legislação municipal específica sobre LAI,prop_0_100,prefeituras,100.0,2024
MT,9,Transparência e Participação,munic/MUNIC_LAI_PUBLICA_PR,munic,MUNIC_LAI_PUBLICA_PR,total,Publicação de perguntas e respostas feitas pela LAI,prop_0_100,prefeituras,100.0,2024
MT,9,Transparência e Participação,munic/MUNIC_LAI_SOLICITACOES,munic,MUNIC_LAI_SOLICITACOES,total,Solicitações de acesso à informação recebidas em 2023,prop_0_100,prefeituras,100.0,2024
MT,9,Transparência e Participação,munic/MUNIC_PARTICIPACAO,munic,MUNIC_PARTICIPACAO,total,Participação do cidadão pela internet,prop_0_100,prefeituras,100.0,2024
MT,9,Transparência e Participação,munic/MUNIC_PORTAL_TRANSP,munic,MUNIC_PORTAL_TRANSP,total,Portal da transparência,prop_0_100,prefeituras,100.0,2024
MT,9,Transparência e Participação,munic/MUNIC_SERV_INFO_FINANCAS,munic,MUNIC_SERV_INFO_FINANCAS,total,Serviço informativo — finanças públicas,prop_0_100,prefeituras,100.0,2024
GO,1,Governança do Governo Digital,munic/MUNIC_TI_ESTRUTURA,munic,MUNIC_TI_ESTRUTURA,total,Estrutura organizacional de TI na prefeitura,prop_0_100,prefeituras,100.0,2024
GO,2,Qualidade dos Serviços Digitais,munic/MUNIC_ACESS_IMAGENS,munic,MUNIC_ACESS_IMAGENS,total,Descrição do conteúdo das imagens,prop_0_100,prefeituras,0.0,2024
GO,2,Qualidade dos Serviços Digitais,munic/MUNIC_ACESS_LIBRAS,munic,MUNIC_ACESS_LIBRAS,total,Tradução de conteúdo em LIBRAS,prop_0_100,prefeituras,0.0,2024
GO,2,Qualidade dos Serviços Digitais,munic/MUNIC_ACESS_NAVEGACAO,munic,MUNIC_ACESS_NAVEGACAO,total,Navegação acessível por todos os itens interativos,prop_0_100,prefeituras,0.0,2024
GO,2,Qualidade dos Serviços Digitais,munic/MUNIC_ACESS_SALTAR,munic,MUNIC_ACESS_SALTAR,total,Tecnologia assistiva para saltar itens repetitivos,prop_0_100,prefeituras,0.0,2024
GO,2,Qualidade dos Serviços Digitais,munic/MUNIC_ATEND_DISTANCIA,munic,MUNIC_ATEND_DISTANCIA,total,Serviços de atendimento ao público a distância,prop_0_100,prefeituras,100.0,2024
GO,2,Qualidade dos Serviços Digitais,munic/MUNIC_ATIV_REDES_DIVULGAR,munic,MUNIC_ATIV_REDES_DIVULGAR,total,Atividade em redes sociais — divulgar serviços/campanhas,prop_0_100,prefeituras,100.0,2024
GO,2,Qualidade dos Serviços Digitais,munic/MUNIC_ATIV_REDES_NOTICIAS,munic,MUNIC_ATIV_REDES_NOTICIAS,total,Atividade em redes sociais — postar notícias,prop_0_100,prefeituras,100.0,2024
GO,2,Qualidade dos Serviços Digitais,munic/MUNIC_ATIV_REDES_RESPOSTAS,munic,MUNIC_ATIV_REDES_RESPOSTAS,total,Atividade em redes sociais — responder comentários,prop_0_100,prefeituras,100.0,2024
GO,2,Qualidade dos Serviços Digitais,munic/MUNIC_CELULAR_APP_OUTROS,munic,MUNIC_CELULAR_APP_OUTROS,total,Aplicativos criados por outros organismos,prop_0_100,prefeituras,0.0,2024
GO,2,Qualidade dos Serviços Digitais,munic/MUNIC_CELULAR_APP_PREF,munic,MUNIC_CELULAR_APP_PREF,total,Aplicativos criados pela prefeitura,prop_0_100,prefeituras,100.0,2024
GO,2,Qualidade dos Serviços Digitais,munic/MUNIC_CELULAR_BOLETOS,munic,MUNIC_CELULAR_BOLETOS,total,Emissão de boletos ou guias de pagamento,prop_0_100,prefeituras,100.0,2024
GO,2,Qualidade dos Serviços Digitais,munic/MUNIC_CELULAR_SMS_ENVIO,munic,MUNIC_CELULAR_SMS_ENVIO,total,Envio de SMS para o cidadão,prop_0_100,prefeituras,0.0,2024
GO,2,Qualidade dos Serviços Digitais,munic/MUNIC_CELULAR_SMS_RECEB,munic,MUNIC_CELULAR_SMS_RECEB,total,Recebimento de SMS pelo cidadão,prop_0_100,prefeituras,0.0,2024
GO,2,Qualidade dos Serviços Digitais,munic/MUNIC_CELULAR_WEBSITE_MOBILE,munic,MUNIC_CELULAR_WEBSITE_MOBILE,total,Website adaptado para dispositivos móveis,prop_0_100,prefeituras,0.0,2024
GO,2,Qualidade dos Serviços Digitais,munic/MUNIC_PAGINA_INTERNET,munic,MUNIC_PAGINA_INTERNET,total,Prefeitura com página na Internet,prop_0_100,prefeituras,100.0,2024
GO,2,Qualidade dos Serviços Digitais,munic/MUNIC_REDES_SOCIAIS,munic,MUNIC_REDES_SOCIAIS,total,Prefeitura com perfil em plataformas online,prop_0_100,prefeituras,100.0,2024
GO,2,Qualidade dos Serviços Digitais,munic/MUNIC_SERV_INFO_CONCURSOS,munic,MUNIC_SERV_INFO_CONCURSOS,total,Serviço informativo — concursos públicos,prop_0_100,prefeituras,100.0,2024
GO,2,Qualidade dos Serviços Digitais,munic/MUNIC_SERV_INFO_DIARIO,munic,MUNIC_SERV_INFO_DIARIO,total,Serviço informativo — diário oficial,prop_0_100,prefeituras,100.0,2024
GO,2,Qualidade dos Serviços Digitais,munic/MUNIC_SERV_INFO_DOCUMENTOS,munic,MUNIC_SERV_INFO_DOCUMENTOS,total,Serviço informativo — acesso a documentos/formulários,prop_0_100,prefeituras,100.0,2024
GO,2,Qualidade dos Serviços Digitais,munic/MUNIC_SERV_INFO_LEGISLACAO,munic,MUNIC_SERV_INFO_LEGISLACAO,total,Serviço informativo — legislação municipal,prop_0_100,prefeituras,100.0,2024
GO,2,Qualidade dos Serviços Digitais,munic/MUNIC_SERV_INFO_LICITACOES,munic,MUNIC_SERV_INFO_LICITACOES,total,Serviço informativo — licitações,prop_0_100,prefeituras,100.0,2024
GO,2,Qualidade dos Serviços Digitais,munic/MUNIC_SERV_INFO_NOTICIAS,munic,MUNIC_SERV_INFO_NOTICIAS,total,Serviço informativo na página — notícias,prop_0_100,prefeituras,0.0,2024
GO,2,Qualidade dos Serviços Digitais,munic/MUNIC_SERV_TRANS_CERTIDAO,munic,MUNIC_SERV_TRANS_CERTIDAO,total,Serviço transacional — certidão negativa de débito,prop_0_100,prefeituras,0.0,2024
GO,2,Qualidade dos Serviços Digitais,munic/MUNIC_SERV_TRANS_DOWNLOAD,munic,MUNIC_SERV_TRANS_DOWNLOAD,total,Serviço transacional — download de documentos,prop_0_100,prefeituras,0.0,2024
GO,2,Qualidade dos Serviços Digitais,munic/MUNIC_SERV_TRANS_MATRICULA,munic,MUNIC_SERV_TRANS_MATRICULA,total,Serviço transacional — matrícula escolar online,prop_0_100,prefeituras,0.0,2024
GO,2,Qualidade dos Serviços Digitais,munic/MUNIC_SERV_TRANS_NFE,munic,MUNIC_SERV_TRANS_NFE,total,Serviço transacional — Nota Fiscal Eletrônica,prop_0_100,prefeituras,100.0,2024
GO,2,Qualidade dos Serviços Digitais,munic/MUNIC_SERV_TRANS_OUVIDORIA,munic,MUNIC_SERV_TRANS_OUVIDORIA,total,Serviço transacional — ouvidoria online,prop_0_100,prefeituras,100.0,2024
GO,2,Qualidade dos Serviços Digitais,munic/MUNIC_SERV_TRANS_PROCESSOS,munic,MUNIC_SERV_TRANS_PROCESSOS,total,Serviço transacional — consulta a processos,prop_0_100,prefeituras,100.0,2024
GO,2,Qualidade dos Serviços Digitais,munic/MUNIC_SERV_TRANS_SATISFACAO,munic,MUNIC_SERV_TRANS_SATISFACAO,total,Serviço transacional — pesquisa de satisfação,prop_0_100,prefeituras,0.0,2024
GO,2,Qualidade dos Serviços Digitais,munic/MUNIC_SERV_TRANS_SAUDE,munic,MUNIC_SERV_TRANS_SAUDE,total,Serviço transacional — agendamento consulta saúde,prop_0_100,prefeituras,0.0,2024
GO,2,Qualidade dos Serviços Digitais,munic/MUNIC_SERV_TRANS_TRIBUTOS,munic,MUNIC_SERV_TRANS_TRIBUTOS,total,Serviço transacional — guia de pagamento de tributos,prop_0_100,prefeituras,100.0,2024
GO,2,Qualidade dos Serviços Digitais,munic/MUNIC_SMART_BILHETE,munic,MUNIC_SMART_BILHETE,total,Bilhete eletrônico no transporte público,prop_0_100,prefeituras,100.0,2024
GO,2,Qualidade dos Serviços Digitais,munic/MUNIC_SMART_GPS_ONIBUS,munic,MUNIC_SMART_GPS_ONIBUS,total,Ônibus com GPS para informação ao usuário,prop_0_100,prefeituras,100.0,2024
GO,2,Qualidade dos Serviços Digitais,munic/PAGINA_POSSUI_TITULO,munic,PAGINA_POSSUI_TITULO,total,Páginas com título descritivo na aba do navegador (WCAG 2.4.2),prop_0_100,prefeituras,0.0,2024
GO,3,Identificação Única,munic/MUNIC_AUTENTICACAO,munic,MUNIC_AUTENTICACAO,total,Autenticação para acessar serviços pela internet,prop_0_100,prefeituras,100.0,2024
GO,4,Segurança e LGPD,munic/MUNIC_LGPD,munic,MUNIC_LGPD,total,Disseminação de orientações sobre LGPD na prefeitura,prop_0_100,prefeituras,100.0,2024
GO,4,Segurança e LGPD,munic/MUNIC_LGPD_CANAL_TITULAR,munic,MUNIC_LGPD_CANAL_TITULAR,total,Canal pela internet para titulares de dados (LGPD),prop_0_100,prefeituras,0.0,2024
GO,4,Segurança e LGPD,munic/MUNIC_LGPD_CAPACIT,munic,MUNIC_LGPD_CAPACIT,total,Cursos de segurança da informação e proteção de dados para servidores,prop_0_100,prefeituras,0.0,2024
GO,4,Segurança e LGPD,munic/MUNIC_LGPD_REGULAMENT,munic,MUNIC_LGPD_REGULAMENT,total,Regulamentação municipal específica sobre LGPD,prop_0_100,prefeituras,0.0,2024
GO,4,Segurança e LGPD,munic/MUNIC_LGPD_RESP,munic,MUNIC_LGPD_RESP,total,Responsável LGPD designado no município,prop_0_100,prefeituras,0.0,2024
GO,5,Dados e Interoperabilidade,munic/MUNIC_DADOS_ABERTOS,munic,MUNIC_DADOS_ABERTOS,total,Portal de dados abertos,prop_0_100,prefeituras,100.0,2024
GO,6,Infraestrutura,censo_escolar/IN_COMPUTADOR,censo_escolar,IN_COMPUTADOR,total,% escolas com computador,binario_agregar,escolas,96.63,2024
GO,6,Infraestrutura,censo_escolar/IN_INTERNET,censo_escolar,IN_INTERNET,total,% escolas com acesso à Internet,binario_agregar,escolas,99.76,2024
GO,6,Infraestrutura,censo_escolar/IN_INTERNET_ALUNOS,censo_escolar,IN_INTERNET_ALUNOS,total,% escolas com Internet para alunos,binario_agregar,escolas,50.0,2024
GO,6,Infraestrutura,censo_escolar/IN_INTERNET_APRENDIZAGEM,censo_escolar,IN_INTERNET_APRENDIZAGEM,total,% escolas com Internet para ensino,binario_agregar,escolas,78.19,2024
GO,6,Infraestrutura,censo_escolar/IN_LABORATORIO_INFORMATICA,censo_escolar,IN_LABORATORIO_INFORMATICA,total,% escolas com laboratório de informática,binario_agregar,escolas,35.66,2024
GO,6,Infraestrutura,anatel/BLM02,anatel,BLM02,total,% de domicílios cobertos por telefonia móvel,pct_meta_100,domicilios,100.0,2025
GO,6,Infraestrutura,munic/MUNIC_CPD,munic,MUNIC_CPD,total,Centro de Processamento de Dados na prefeitura,prop_0_100,prefeituras,100.0,2024
GO,6,Infraestrutura,munic/MUNIC_INCLUSAO_DIGITAL,munic,MUNIC_INCLUSAO_DIGITAL,total,Programa ou ação de inclusão digital,prop_0_100,prefeituras,0.0,2024
GO,6,Infraestrutura,munic/MUNIC_INTERNET,munic,MUNIC_INTERNET,total,Municípios com evidência afirmativa de conexão à Internet,prop_0_100,prefeituras,100.0,2024
GO,6,Infraestrutura,munic/MUNIC_SMART_CENTRO_CONTROLE,munic,MUNIC_SMART_CENTRO_CONTROLE,total,Centro de controle operacional,prop_0_100,prefeituras,100.0,2024
GO,6,Infraestrutura,munic/MUNIC_SMART_ILUMINACAO,munic,MUNIC_SMART_ILUMINACAO,total,Iluminação inteligente com medição de consumo,prop_0_100,prefeituras,0.0,2024
GO,6,Infraestrutura,munic/MUNIC_SMART_SEMAFOROS,munic,MUNIC_SMART_SEMAFOROS,total,Semáforos inteligentes controlados a distância,prop_0_100,prefeituras,100.0,2024
GO,6,Infraestrutura,munic/MUNIC_SMART_SENSORES,munic,MUNIC_SMART_SENSORES,total,Sensores para monitoramento de áreas de risco,prop_0_100,prefeituras,100.0,2024
GO,6,Infraestrutura,munic/MUNIC_WIFI_PUBLICO,munic,MUNIC_WIFI_PUBLICO,total,Acesso público à Internet (Wi-Fi) pela prefeitura,prop_0_100,prefeituras,100.0,2024
GO,9,Transparência e Participação,munic/MUNIC_ATIV_REDES_CONSULTA,munic,MUNIC_ATIV_REDES_CONSULTA,total,Atividade em redes sociais — consulta pública/enquete,prop_0_100,prefeituras,100.0,2024
GO,9,Transparência e Participação,munic/MUNIC_CONSELHO_TRANSP,munic,MUNIC_CONSELHO_TRANSP,total,Existência de Conselho Municipal de Transparência,prop_0_100,prefeituras,100.0,2024
GO,9,Transparência e Participação,munic/MUNIC_LAI,munic,MUNIC_LAI,total,Disseminação de orientações sobre LAI na prefeitura,prop_0_100,prefeituras,100.0,2024
GO,9,Transparência e Participação,munic/MUNIC_LAI_LEI,munic,MUNIC_LAI_LEI,total,Legislação municipal específica sobre LAI,prop_0_100,prefeituras,100.0,2024
GO,9,Transparência e Participação,munic/MUNIC_LAI_PUBLICA_PR,munic,MUNIC_LAI_PUBLICA_PR,total,Publicação de perguntas e respostas feitas pela LAI,prop_0_100,prefeituras,100.0,2024
GO,9,Transparência e Participação,munic/MUNIC_LAI_SOLICITACOES,munic,MUNIC_LAI_SOLICITACOES,total,Solicitações de acesso à informação recebidas em 2023,prop_0_100,prefeituras,100.0,2024
GO,9,Transparência e Participação,munic/MUNIC_PARTICIPACAO,munic,MUNIC_PARTICIPACAO,total,Participação do cidadão pela internet,prop_0_100,prefeituras,0.0,2024
GO,9,Transparência e Participação,munic/MUNIC_PORTAL_TRANSP,munic,MUNIC_PORTAL_TRANSP,total,Portal da transparência,prop_0_100,prefeituras,100.0,2024
GO,9,Transparência e Participação,munic/MUNIC_SERV_INFO_FINANCAS,munic,MUNIC_SERV_INFO_FINANCAS,total,Serviço informativo — finanças públicas,prop_0_100,prefeituras,100.0,2024
DF,1,Governança do Governo Digital,munic/MUNIC_TI_ESTRUTURA,munic,MUNIC_TI_ESTRUTURA,total,Estrutura organizacional de TI na prefeitura,prop_0_100,prefeituras,100.0,2024
DF,2,Qualidade dos Serviços Digitais,munic/MUNIC_ACESS_IMAGENS,munic,MUNIC_ACESS_IMAGENS,total,Descrição do conteúdo das imagens,prop_0_100,prefeituras,100.0,2024
DF,2,Qualidade dos Serviços Digitais,munic/MUNIC_ACESS_LIBRAS,munic,MUNIC_ACESS_LIBRAS,total,Tradução de conteúdo em LIBRAS,prop_0_100,prefeituras,100.0,2024
DF,2,Qualidade dos Serviços Digitais,munic/MUNIC_ACESS_NAVEGACAO,munic,MUNIC_ACESS_NAVEGACAO,total,Navegação acessível por todos os itens interativos,prop_0_100,prefeituras,100.0,2024
DF,2,Qualidade dos Serviços Digitais,munic/MUNIC_ACESS_SALTAR,munic,MUNIC_ACESS_SALTAR,total,Tecnologia assistiva para saltar itens repetitivos,prop_0_100,prefeituras,100.0,2024
DF,2,Qualidade dos Serviços Digitais,munic/MUNIC_ATEND_DISTANCIA,munic,MUNIC_ATEND_DISTANCIA,total,Serviços de atendimento ao público a distância,prop_0_100,prefeituras,100.0,2024
DF,2,Qualidade dos Serviços Digitais,munic/MUNIC_ATIV_REDES_DIVULGAR,munic,MUNIC_ATIV_REDES_DIVULGAR,total,Atividade em redes sociais — divulgar serviços/campanhas,prop_0_100,prefeituras,100.0,2024
DF,2,Qualidade dos Serviços Digitais,munic/MUNIC_ATIV_REDES_NOTICIAS,munic,MUNIC_ATIV_REDES_NOTICIAS,total,Atividade em redes sociais — postar notícias,prop_0_100,prefeituras,100.0,2024
DF,2,Qualidade dos Serviços Digitais,munic/MUNIC_ATIV_REDES_RESPOSTAS,munic,MUNIC_ATIV_REDES_RESPOSTAS,total,Atividade em redes sociais — responder comentários,prop_0_100,prefeituras,100.0,2024
DF,2,Qualidade dos Serviços Digitais,munic/MUNIC_CELULAR_APP_OUTROS,munic,MUNIC_CELULAR_APP_OUTROS,total,Aplicativos criados por outros organismos,prop_0_100,prefeituras,100.0,2024
DF,2,Qualidade dos Serviços Digitais,munic/MUNIC_CELULAR_APP_PREF,munic,MUNIC_CELULAR_APP_PREF,total,Aplicativos criados pela prefeitura,prop_0_100,prefeituras,100.0,2024
DF,2,Qualidade dos Serviços Digitais,munic/MUNIC_CELULAR_BOLETOS,munic,MUNIC_CELULAR_BOLETOS,total,Emissão de boletos ou guias de pagamento,prop_0_100,prefeituras,100.0,2024
DF,2,Qualidade dos Serviços Digitais,munic/MUNIC_CELULAR_SMS_ENVIO,munic,MUNIC_CELULAR_SMS_ENVIO,total,Envio de SMS para o cidadão,prop_0_100,prefeituras,100.0,2024
DF,2,Qualidade dos Serviços Digitais,munic/MUNIC_CELULAR_SMS_RECEB,munic,MUNIC_CELULAR_SMS_RECEB,total,Recebimento de SMS pelo cidadão,prop_0_100,prefeituras,0.0,2024
DF,2,Qualidade dos Serviços Digitais,munic/MUNIC_CELULAR_WEBSITE_MOBILE,munic,MUNIC_CELULAR_WEBSITE_MOBILE,total,Website adaptado para dispositivos móveis,prop_0_100,prefeituras,100.0,2024
DF,2,Qualidade dos Serviços Digitais,munic/MUNIC_PAGINA_INTERNET,munic,MUNIC_PAGINA_INTERNET,total,Prefeitura com página na Internet,prop_0_100,prefeituras,100.0,2024
DF,2,Qualidade dos Serviços Digitais,munic/MUNIC_REDES_SOCIAIS,munic,MUNIC_REDES_SOCIAIS,total,Prefeitura com perfil em plataformas online,prop_0_100,prefeituras,100.0,2024
DF,2,Qualidade dos Serviços Digitais,munic/MUNIC_SERV_INFO_CONCURSOS,munic,MUNIC_SERV_INFO_CONCURSOS,total,Serviço informativo — concursos públicos,prop_0_100,prefeituras,100.0,2024
DF,2,Qualidade dos Serviços Digitais,munic/MUNIC_SERV_INFO_DIARIO,munic,MUNIC_SERV_INFO_DIARIO,total,Serviço informativo — diário oficial,prop_0_100,prefeituras,100.0,2024
DF,2,Qualidade dos Serviços Digitais,munic/MUNIC_SERV_INFO_DOCUMENTOS,munic,MUNIC_SERV_INFO_DOCUMENTOS,total,Serviço informativo — acesso a documentos/formulários,prop_0_100,prefeituras,100.0,2024
DF,2,Qualidade dos Serviços Digitais,munic/MUNIC_SERV_INFO_LEGISLACAO,munic,MUNIC_SERV_INFO_LEGISLACAO,total,Serviço informativo — legislação municipal,prop_0_100,prefeituras,100.0,2024
DF,2,Qualidade dos Serviços Digitais,munic/MUNIC_SERV_INFO_LICITACOES,munic,MUNIC_SERV_INFO_LICITACOES,total,Serviço informativo — licitações,prop_0_100,prefeituras,100.0,2024
DF,2,Qualidade dos Serviços Digitais,munic/MUNIC_SERV_INFO_NOTICIAS,munic,MUNIC_SERV_INFO_NOTICIAS,total,Serviço informativo na página — notícias,prop_0_100,prefeituras,100.0,2024
DF,2,Qualidade dos Serviços Digitais,munic/MUNIC_SERV_TRANS_CERTIDAO,munic,MUNIC_SERV_TRANS_CERTIDAO,total,Serviço transacional — certidão negativa de débito,prop_0_100,prefeituras,100.0,2024
DF,2,Qualidade dos Serviços Digitais,munic/MUNIC_SERV_TRANS_DOWNLOAD,munic,MUNIC_SERV_TRANS_DOWNLOAD,total,Serviço transacional — download de documentos,prop_0_100,prefeituras,100.0,2024
DF,2,Qualidade dos Serviços Digitais,munic/MUNIC_SERV_TRANS_MATRICULA,munic,MUNIC_SERV_TRANS_MATRICULA,total,Serviço transacional — matrícula escolar online,prop_0_100,prefeituras,100.0,2024
DF,2,Qualidade dos Serviços Digitais,munic/MUNIC_SERV_TRANS_NFE,munic,MUNIC_SERV_TRANS_NFE,total,Serviço transacional — Nota Fiscal Eletrônica,prop_0_100,prefeituras,100.0,2024
DF,2,Qualidade dos Serviços Digitais,munic/MUNIC_SERV_TRANS_OUVIDORIA,munic,MUNIC_SERV_TRANS_OUVIDORIA,total,Serviço transacional — ouvidoria online,prop_0_100,prefeituras,100.0,2024
DF,2,Qualidade dos Serviços Digitais,munic/MUNIC_SERV_TRANS_PROCESSOS,munic,MUNIC_SERV_TRANS_PROCESSOS,total,Serviço transacional — consulta a processos,prop_0_100,prefeituras,100.0,2024
DF,2,Qualidade dos Serviços Digitais,munic/MUNIC_SERV_TRANS_SATISFACAO,munic,MUNIC_SERV_TRANS_SATISFACAO,total,Serviço transacional — pesquisa de satisfação,prop_0_100,prefeituras,100.0,2024
DF,2,Qualidade dos Serviços Digitais,munic/MUNIC_SERV_TRANS_SAUDE,munic,MUNIC_SERV_TRANS_SAUDE,total,Serviço transacional — agendamento consulta saúde,prop_0_100,prefeituras,100.0,2024
DF,2,Qualidade dos Serviços Digitais,munic/MUNIC_SERV_TRANS_TRIBUTOS,munic,MUNIC_SERV_TRANS_TRIBUTOS,total,Serviço transacional — guia de pagamento de tributos,prop_0_100,prefeituras,100.0,2024
DF,2,Qualidade dos Serviços Digitais,munic/MUNIC_SMART_BILHETE,munic,MUNIC_SMART_BILHETE,total,Bilhete eletrônico no transporte público,prop_0_100,prefeituras,100.0,2024
DF,2,Qualidade dos Serviços Digitais,munic/MUNIC_SMART_GPS_ONIBUS,munic,MUNIC_SMART_GPS_ONIBUS,total,Ônibus com GPS para informação ao usuário,prop_0_100,prefeituras,100.0,2024
DF,2,Qualidade dos Serviços Digitais,munic/PAGINA_POSSUI_TITULO,munic,PAGINA_POSSUI_TITULO,total,Páginas com título descritivo na aba do navegador (WCAG 2.4.2),prop_0_100,prefeituras,0.0,2024
DF,3,Identificação Única,munic/MUNIC_AUTENTICACAO,munic,MUNIC_AUTENTICACAO,total,Autenticação para acessar serviços pela internet,prop_0_100,prefeituras,100.0,2024
DF,4,Segurança e LGPD,munic/MUNIC_LGPD,munic,MUNIC_LGPD,total,Disseminação de orientações sobre LGPD na prefeitura,prop_0_100,prefeituras,100.0,2024
DF,4,Segurança e LGPD,munic/MUNIC_LGPD_CANAL_TITULAR,munic,MUNIC_LGPD_CANAL_TITULAR,total,Canal pela internet para titulares de dados (LGPD),prop_0_100,prefeituras,100.0,2024
DF,4,Segurança e LGPD,munic/MUNIC_LGPD_CAPACIT,munic,MUNIC_LGPD_CAPACIT,total,Cursos de segurança da informação e proteção de dados para servidores,prop_0_100,prefeituras,100.0,2024
DF,4,Segurança e LGPD,munic/MUNIC_LGPD_REGULAMENT,munic,MUNIC_LGPD_REGULAMENT,total,Regulamentação municipal específica sobre LGPD,prop_0_100,prefeituras,100.0,2024
DF,4,Segurança e LGPD,munic/MUNIC_LGPD_RESP,munic,MUNIC_LGPD_RESP,total,Responsável LGPD designado no município,prop_0_100,prefeituras,100.0,2024
DF,5,Dados e Interoperabilidade,munic/MUNIC_DADOS_ABERTOS,munic,MUNIC_DADOS_ABERTOS,total,Portal de dados abertos,prop_0_100,prefeituras,100.0,2024
DF,6,Infraestrutura,censo_escolar/IN_COMPUTADOR,censo_escolar,IN_COMPUTADOR,total,% escolas com computador,binario_agregar,escolas,97.81,2024
DF,6,Infraestrutura,censo_escolar/IN_INTERNET,censo_escolar,IN_INTERNET,total,% escolas com acesso à Internet,binario_agregar,escolas,99.55,2024
DF,6,Infraestrutura,censo_escolar/IN_INTERNET_ALUNOS,censo_escolar,IN_INTERNET_ALUNOS,total,% escolas com Internet para alunos,binario_agregar,escolas,41.81,2024
DF,6,Infraestrutura,censo_escolar/IN_INTERNET_APRENDIZAGEM,censo_escolar,IN_INTERNET_APRENDIZAGEM,total,% escolas com Internet para ensino,binario_agregar,escolas,64.08,2024
DF,6,Infraestrutura,censo_escolar/IN_LABORATORIO_INFORMATICA,censo_escolar,IN_LABORATORIO_INFORMATICA,total,% escolas com laboratório de informática,binario_agregar,escolas,44.45,2024
DF,6,Infraestrutura,anatel/BLM02,anatel,BLM02,total,% de domicílios cobertos por telefonia móvel,pct_meta_100,domicilios,99.8,2025
DF,6,Infraestrutura,munic/MUNIC_CPD,munic,MUNIC_CPD,total,Centro de Processamento de Dados na prefeitura,prop_0_100,prefeituras,100.0,2024
DF,6,Infraestrutura,munic/MUNIC_INCLUSAO_DIGITAL,munic,MUNIC_INCLUSAO_DIGITAL,total,Programa ou ação de inclusão digital,prop_0_100,prefeituras,100.0,2024
DF,6,Infraestrutura,munic/MUNIC_INTERNET,munic,MUNIC_INTERNET,total,Municípios com evidência afirmativa de conexão à Internet,prop_0_100,prefeituras,100.0,2024
DF,6,Infraestrutura,munic/MUNIC_SMART_CENTRO_CONTROLE,munic,MUNIC_SMART_CENTRO_CONTROLE,total,Centro de controle operacional,prop_0_100,prefeituras,100.0,2024
DF,6,Infraestrutura,munic/MUNIC_SMART_ILUMINACAO,munic,MUNIC_SMART_ILUMINACAO,total,Iluminação inteligente com medição de consumo,prop_0_100,prefeituras,100.0,2024
DF,6,Infraestrutura,munic/MUNIC_SMART_SEMAFOROS,munic,MUNIC_SMART_SEMAFOROS,total,Semáforos inteligentes controlados a distância,prop_0_100,prefeituras,100.0,2024
DF,6,Infraestrutura,munic/MUNIC_SMART_SENSORES,munic,MUNIC_SMART_SENSORES,total,Sensores para monitoramento de áreas de risco,prop_0_100,prefeituras,0.0,2024
DF,6,Infraestrutura,munic/MUNIC_WIFI_PUBLICO,munic,MUNIC_WIFI_PUBLICO,total,Acesso público à Internet (Wi-Fi) pela prefeitura,prop_0_100,prefeituras,100.0,2024
DF,9,Transparência e Participação,munic/MUNIC_ATIV_REDES_CONSULTA,munic,MUNIC_ATIV_REDES_CONSULTA,total,Atividade em redes sociais — consulta pública/enquete,prop_0_100,prefeituras,100.0,2024
DF,9,Transparência e Participação,munic/MUNIC_CONSELHO_TRANSP,munic,MUNIC_CONSELHO_TRANSP,total,Existência de Conselho Municipal de Transparência,prop_0_100,prefeituras,100.0,2024
DF,9,Transparência e Participação,munic/MUNIC_LAI,munic,MUNIC_LAI,total,Disseminação de orientações sobre LAI na prefeitura,prop_0_100,prefeituras,100.0,2024
DF,9,Transparência e Participação,munic/MUNIC_LAI_LEI,munic,MUNIC_LAI_LEI,total,Legislação municipal específica sobre LAI,prop_0_100,prefeituras,100.0,2024
DF,9,Transparência e Participação,munic/MUNIC_LAI_PUBLICA_PR,munic,MUNIC_LAI_PUBLICA_PR,total,Publicação de perguntas e respostas feitas pela LAI,prop_0_100,prefeituras,0.0,2024
DF,9,Transparência e Participação,munic/MUNIC_LAI_SOLICITACOES,munic,MUNIC_LAI_SOLICITACOES,total,Solicitações de acesso à informação recebidas em 2023,prop_0_100,prefeituras,100.0,2024
DF,9,Transparência e Participação,munic/MUNIC_PARTICIPACAO,munic,MUNIC_PARTICIPACAO,total,Participação do cidadão pela internet,prop_0_100,prefeituras,100.0,2024
DF,9,Transparência e Participação,munic/MUNIC_PORTAL_TRANSP,munic,MUNIC_PORTAL_TRANSP,total,Portal da transparência,prop_0_100,prefeituras,100.0,2024
DF,9,Transparência e Participação,munic/MUNIC_SERV_INFO_FINANCAS,munic,MUNIC_SERV_INFO_FINANCAS,total,Serviço informativo — finanças públicas,prop_0_100,prefeituras,100.0,2024
