categoria,objetivo,objetivo_nome,concept_id,fonte,indicador,sub_itens,descricao,escala,populacao,valor_normalizado,ano_fonte
RO,1,Governança do Governo Digital,iospd/IOSPD_I10,iospd,IOSPD_I10,total,Estratégia de governo digital (IOSPD I.10),indice_0_10,uf,100.0,2025
RO,2,Qualidade dos Serviços Digitais,iospd/IOSPD_I01,iospd,IOSPD_I01,total,Portal único ou de serviços (IOSPD I.1),indice_0_10,uf,100.0,2025
RO,2,Qualidade dos Serviços Digitais,iospd/IOSPD_I03,iospd,IOSPD_I03,total,Agendamento digital unificado (IOSPD I.3),indice_0_10,uf,50.0,2025
RO,2,Qualidade dos Serviços Digitais,iospd/IOSPD_I04,iospd,IOSPD_I04,total,Avaliação de satisfação dos usuários (IOSPD I.4),indice_0_10,uf,100.0,2025
RO,2,Qualidade dos Serviços Digitais,iospd/IOSPD_I06,iospd,IOSPD_I06,total,Gestão de cadastro e perfil do cidadão (IOSPD I.6),indice_0_10,uf,100.0,2025
RO,2,Qualidade dos Serviços Digitais,iospd/IOSPD_I07,iospd,IOSPD_I07,total,Ouvidoria integrada ao portal (IOSPD I.7),indice_0_10,uf,100.0,2025
RO,2,Qualidade dos Serviços Digitais,iospd/IOSPD_I08,iospd,IOSPD_I08,total,Simplificação de serviços online (IOSPD I.8),indice_0_10,uf,0.0,2025
RO,2,Qualidade dos Serviços Digitais,iospd/IOSPD_I12,iospd,IOSPD_I12,total,Ferramenta digital integrada de atendimento (IOSPD I.12),indice_0_10,uf,100.0,2025
RO,2,Qualidade dos Serviços Digitais,iospd/IOSPD_II01,iospd,IOSPD_II01,total,Rematrícula online escolas estaduais (IOSPD II.1),indice_0_10,uf,100.0,2025
RO,2,Qualidade dos Serviços Digitais,iospd/IOSPD_II02,iospd,IOSPD_II02,total,Solicitação de medicamento de alto custo digital (IOSPD II.2),indice_0_10,uf,0.0,2025
RO,2,Qualidade dos Serviços Digitais,iospd/IOSPD_II03,iospd,IOSPD_II03,total,Tele-atendimento saúde por videoconferência (IOSPD II.3),indice_0_10,uf,100.0,2025
RO,2,Qualidade dos Serviços Digitais,iospd/IOSPD_II04,iospd,IOSPD_II04,total,Prova de vida online (IOSPD II.4),indice_0_10,uf,100.0,2025
RO,2,Qualidade dos Serviços Digitais,iospd/IOSPD_II05,iospd,IOSPD_II05,total,Recurso/defesa online infrações de trânsito (IOSPD II.5),indice_0_10,uf,100.0,2025
RO,2,Qualidade dos Serviços Digitais,iospd/IOSPD_II06,iospd,IOSPD_II06,total,Registro digital reclamação CDC (IOSPD II.6),indice_0_10,uf,100.0,2025
RO,2,Qualidade dos Serviços Digitais,iospd/IOSPD_II07,iospd,IOSPD_II07,total,Solicitação online 2ª via RG (IOSPD II.7),indice_0_10,uf,100.0,2025
RO,2,Qualidade dos Serviços Digitais,iospd/IOSPD_II08,iospd,IOSPD_II08,total,Boletim de ocorrência online violência doméstica (IOSPD II.8),indice_0_10,uf,100.0,2025
RO,2,Qualidade dos Serviços Digitais,iospd/IOSPD_II09,iospd,IOSPD_II09,total,Consulta online medicamentos disponíveis (IOSPD II.9),indice_0_10,uf,100.0,2025
RO,2,Qualidade dos Serviços Digitais,iospd/IOSPD_II10,iospd,IOSPD_II10,total,Emissão/envio de receita médica online (IOSPD II.10),indice_0_10,uf,100.0,2025
RO,2,Qualidade dos Serviços Digitais,iospd/IOSPD_II11,iospd,IOSPD_II11,total,Emissão online diplomas ensino médio (IOSPD II.11),indice_0_10,uf,0.0,2025
RO,2,Qualidade dos Serviços Digitais,iospd/IOSPD_II12,iospd,IOSPD_II12,total,Transferência online entre escolas estaduais (IOSPD II.12),indice_0_10,uf,0.0,2025
RO,2,Qualidade dos Serviços Digitais,iospd/IOSPD_III01a,iospd,IOSPD_III01a,total,Carta de Serviços normatizada (IOSPD III.1a),indice_0_10,uf,100.0,2025
RO,2,Qualidade dos Serviços Digitais,iospd/IOSPD_III01b,iospd,IOSPD_III01b,total,Ouvidorias Públicas normatizadas (IOSPD III.1b),indice_0_10,uf,100.0,2025
RO,2,Qualidade dos Serviços Digitais,iospd/IOSPD_III01c,iospd,IOSPD_III01c,total,Conselho de Usuários normatizado (IOSPD III.1c),indice_0_10,uf,100.0,2025
RO,2,Qualidade dos Serviços Digitais,iospd/IOSPD_III01d,iospd,IOSPD_III01d,total,Avaliação de Serviços Públicos normatizada (IOSPD III.1d),indice_0_10,uf,100.0,2025
RO,2,Qualidade dos Serviços Digitais,iospd/IOSPD_IV01,iospd,IOSPD_IV01,total,Tempos verbais 2ª/3ª pessoa (IOSPD IV.1),indice_0_10,uf,100.0,2025
RO,2,Qualidade dos Serviços Digitais,iospd/IOSPD_IV02,iospd,IOSPD_IV02,total,Frases curtas com ação única (IOSPD IV.2),indice_0_10,uf,100.0,2025
RO,2,Qualidade dos Serviços Digitais,iospd/IOSPD_IV03,iospd,IOSPD_IV03,total,Título objetivo e curto (IOSPD IV.3),indice_0_10,uf,100.0,2025
RO,2,Qualidade dos Serviços Digitais,iospd/IOSPD_IV04,iospd,IOSPD_IV04,total,Parágrafos curtos (IOSPD IV.4),indice_0_10,uf,80.0,2025
RO,2,Qualidade dos Serviços Digitais,iospd/IOSPD_IV05,iospd,IOSPD_IV05,total,Uso do tempo presente (IOSPD IV.5),indice_0_10,uf,100.0,2025
RO,2,Qualidade dos Serviços Digitais,iospd/IOSPD_IV06,iospd,IOSPD_IV06,total,Uso de caracteres especiais (IOSPD IV.6),indice_0_10,uf,100.0,2025
RO,2,Qualidade dos Serviços Digitais,iospd/IOSPD_IV07,iospd,IOSPD_IV07,total,Vocabulário de fácil entendimento (IOSPD IV.7),indice_0_10,uf,40.0,2025
RO,2,Qualidade dos Serviços Digitais,iospd/IOSPD_IV08,iospd,IOSPD_IV08,total,Aplicação da técnica de Linguagem Simples (IOSPD IV.8),indice_0_10,uf,100.0,2025
RO,2,Qualidade dos Serviços Digitais,iospd/IOSPD_IV09,iospd,IOSPD_IV09,total,Mecanismo de melhoria na apresentação (IOSPD IV.9),indice_0_10,uf,100.0,2025
RO,2,Qualidade dos Serviços Digitais,iospd/IOSPD_V01,iospd,IOSPD_V01,total,Aplicativo móvel para portal de serviços (IOSPD V.1),indice_0_10,uf,100.0,2025
RO,2,Qualidade dos Serviços Digitais,iospd/IOSPD_V03,iospd,IOSPD_V03,total,Pagamento por PIX/cartão digital (IOSPD V.3),indice_0_10,uf,66.7,2025
RO,2,Qualidade dos Serviços Digitais,iospd/IOSPD_V04,iospd,IOSPD_V04,total,Ambiente autenticado e personalizado de serviços (IOSPD V.4),indice_0_10,uf,100.0,2025
RO,2,Qualidade dos Serviços Digitais,iospd/IOSPD_V05,iospd,IOSPD_V05,total,Licenciamento de veículo com pagamento eletrônico (IOSPD V.5),indice_0_10,uf,100.0,2025
RO,2,Qualidade dos Serviços Digitais,iospd/IOSPD_V06,iospd,IOSPD_V06,total,Certidão Negativa Estadual online (IOSPD V.6),indice_0_10,uf,100.0,2025
RO,2,Qualidade dos Serviços Digitais,iospd/IOSPD_V08,iospd,IOSPD_V08,total,Transferência digital de veículos (IOSPD V.8),indice_0_10,uf,0.0,2025
RO,2,Qualidade dos Serviços Digitais,iospd/IOSPD_V09,iospd,IOSPD_V09,total,Acessibilidade da plataforma digital (IOSPD V.9),indice_0_10,uf,33.3,2025
RO,2,Qualidade dos Serviços Digitais,estadic/ESTADIC_ACESSIBILIDADE,estadic,ESTADIC_ACESSIBILIDADE,total,Acessibilidade da página e serviços eletrônicos,prop_0_100,governo_estadual,55.56,2024
RO,2,Qualidade dos Serviços Digitais,estadic/ESTADIC_ATEND_DISTANCIA,estadic,ESTADIC_ATEND_DISTANCIA,total,Formas de atendimento a distância ao cidadão,prop_0_100,governo_estadual,37.5,2024
RO,2,Qualidade dos Serviços Digitais,estadic/ESTADIC_ATIV_REDES,estadic,ESTADIC_ATIV_REDES,total,Atividades do governo nas redes sociais nos últimos 12 meses,prop_0_100,governo_estadual,66.67,2024
RO,2,Qualidade dos Serviços Digitais,estadic/ESTADIC_BILHETE_UNICO,estadic,ESTADIC_BILHETE_UNICO,total,Bilhete único para uso de transporte público,prop_0_100,governo_estadual,0.0,2024
RO,2,Qualidade dos Serviços Digitais,estadic/ESTADIC_FREQ_REDES,estadic,ESTADIC_FREQ_REDES,total,Frequência de atualização do conteúdo nas redes sociais,prop_0_100,governo_estadual,100.0,2024
RO,2,Qualidade dos Serviços Digitais,estadic/ESTADIC_MODELO_ACESS,estadic,ESTADIC_MODELO_ACESS,total,Modelo de acessibilidade adotado,prop_0_100,governo_estadual,50.0,2024
RO,2,Qualidade dos Serviços Digitais,estadic/ESTADIC_REDES_SOCIAIS,estadic,ESTADIC_REDES_SOCIAIS,total,Plataformas de rede social do governo estadual,prop_0_100,governo_estadual,55.56,2024
RO,2,Qualidade dos Serviços Digitais,estadic/ESTADIC_SERV_CELULAR,estadic,ESTADIC_SERV_CELULAR,total,Serviços disponibilizados por celular/smartphone,prop_0_100,governo_estadual,42.86,2024
RO,2,Qualidade dos Serviços Digitais,estadic/ESTADIC_SERV_INFORMATIVOS,estadic,ESTADIC_SERV_INFORMATIVOS,total,Serviços informativos disponibilizados na página da internet,prop_0_100,governo_estadual,87.5,2024
RO,2,Qualidade dos Serviços Digitais,estadic/ESTADIC_SERV_TRANSACIONAIS,estadic,ESTADIC_SERV_TRANSACIONAIS,total,Serviços transacionais disponibilizados na página da internet,prop_0_100,governo_estadual,84.62,2024
RO,3,Identificação Única,iospd/IOSPD_I09,iospd,IOSPD_I09,total,Assinatura eletrônica Gov.br (IOSPD I.9),indice_0_10,uf,100.0,2025
RO,3,Identificação Única,iospd/IOSPD_V07,iospd,IOSPD_V07,total,Emissão da CIN — Carteira de Identidade Nacional (IOSPD V.7),indice_0_10,uf,100.0,2025
RO,4,Segurança e LGPD,iospd/IOSPD_III07,iospd,IOSPD_III07,total,Consentimento LGPD no portal (IOSPD III.7),indice_0_10,uf,0.0,2025
RO,4,Segurança e LGPD,estadic/ESTADIC_LGPD_CANAL_TITULAR,estadic,ESTADIC_LGPD_CANAL_TITULAR,total,Canal internet para titulares de dados (LGPD),prop_0_100,governo_estadual,0.0,2024
RO,4,Segurança e LGPD,estadic/ESTADIC_LGPD_CAPACIT,estadic,ESTADIC_LGPD_CAPACIT,total,Cursos segurança da informação e proteção de dados para servidores,prop_0_100,governo_estadual,0.0,2024
RO,4,Segurança e LGPD,estadic/ESTADIC_LGPD_REGULAMENT,estadic,ESTADIC_LGPD_REGULAMENT,total,Regulamentação estadual específica sobre LGPD,prop_0_100,governo_estadual,0.0,2024
RO,4,Segurança e LGPD,estadic/ESTADIC_LGPD_RESP,estadic,ESTADIC_LGPD_RESP,total,Responsável LGPD designado,prop_0_100,governo_estadual,0.0,2024
RO,5,Dados e Interoperabilidade,iospd/IOSPD_I05,iospd,IOSPD_I05,total,Governança de dados (IOSPD I.5),indice_0_10,uf,100.0,2025
RO,5,Dados e Interoperabilidade,estadic/ESTADIC_FORMATO_DADOS,estadic,ESTADIC_FORMATO_DADOS,total,Formato de publicação dos dados da administração estadual,prop_0_100,governo_estadual,0.0,2024
RO,6,Infraestrutura,estadic/ESTADIC_INCLUSAO_PROGRAMA,estadic,ESTADIC_INCLUSAO_PROGRAMA,total,Desenvolve programa ou ação de inclusão digital,prop_0_100,governo_estadual,100.0,2024
RO,6,Infraestrutura,estadic/ESTADIC_WIFI_EXISTE,estadic,ESTADIC_WIFI_EXISTE,total,Disponibiliza acesso por conexão Wi-Fi pública,prop_0_100,governo_estadual,100.0,2024
RO,7,Inovação e Tecnologias Emergentes,iospd/IOSPD_III06,iospd,IOSPD_III06,total,Laboratório de Inovação em Governo (IOSPD III.6),indice_0_10,uf,100.0,2025
RO,7,Inovação e Tecnologias Emergentes,iospd/IOSPD_V02,iospd,IOSPD_V02,total,Uso de IA/ciência de dados em serviço público (IOSPD V.2),indice_0_10,uf,100.0,2025
RO,7,Inovação e Tecnologias Emergentes,estadic/ESTADIC_CAPACIT_EMPREEND,estadic,ESTADIC_CAPACIT_EMPREEND,total,Capacitação para empreendedorismo digital,prop_0_100,governo_estadual,100.0,2024
RO,7,Inovação e Tecnologias Emergentes,estadic/ESTADIC_ESPACO_INOVACAO,estadic,ESTADIC_ESPACO_INOVACAO,total,"Espaços de inovação, coworking ou espaços compartilhados",prop_0_100,governo_estadual,100.0,2024
RO,7,Inovação e Tecnologias Emergentes,estadic/ESTADIC_PREMIO_INOVACAO,estadic,ESTADIC_PREMIO_INOVACAO,total,Prêmio ou edital para empresas inovadoras e projetos criativos,prop_0_100,governo_estadual,100.0,2024
RO,8,Eficiência e Processos,iospd/IOSPD_III02,iospd,IOSPD_III02,total,Grupos de desburocratização regulamentados (IOSPD III.2),indice_0_10,uf,100.0,2025
RO,9,Transparência e Participação,iospd/IOSPD_I11,iospd,IOSPD_I11,total,Cartas de Serviços na Base Nacional (IOSPD I.11),indice_0_10,uf,100.0,2025
RO,9,Transparência e Participação,estadic/ESTADIC_CONSELHO_TRANSP,estadic,ESTADIC_CONSELHO_TRANSP,total,Conselho Estadual de Transparência ou similar,prop_0_100,governo_estadual,0.0,2024
RO,9,Transparência e Participação,estadic/ESTADIC_CTRL_INT_ONLINE,estadic,ESTADIC_CTRL_INT_ONLINE,total,Informações do controle interno publicadas na internet,prop_0_100,governo_estadual,0.0,2024
RO,9,Transparência e Participação,estadic/ESTADIC_LAI_CONTEUDO,estadic,ESTADIC_LAI_CONTEUDO,total,Conteúdo da legislação estadual de acesso à informação (LAI),prop_0_100,governo_estadual,0.0,2024
RO,9,Transparência e Participação,estadic/ESTADIC_LAI_MEIOS,estadic,ESTADIC_LAI_MEIOS,total,Meios de solicitação de acesso à informação pública,prop_0_100,governo_estadual,0.0,2024
RO,9,Transparência e Participação,estadic/ESTADIC_ORCAM_TEMPO_REAL,estadic,ESTADIC_ORCAM_TEMPO_REAL,total,Disponibiliza informações orçamentárias/financeiras em tempo real,prop_0_100,governo_estadual,0.0,2024
RO,9,Transparência e Participação,estadic/ESTADIC_PARTICIP_INTERNET,estadic,ESTADIC_PARTICIP_INTERNET,total,Formas de participação do cidadão pela internet,prop_0_100,governo_estadual,20.0,2024
RO,9,Transparência e Participação,estadic/ESTADIC_PORTAL_TRANSP,estadic,ESTADIC_PORTAL_TRANSP,total,Portal da transparência e portal de dados abertos,prop_0_100,governo_estadual,66.67,2024
RO,9,Transparência e Participação,estadic/ESTADIC_TRANSP_CONTEUDO,estadic,ESTADIC_TRANSP_CONTEUDO,total,Conteúdo da página internet / portal da transparência,prop_0_100,governo_estadual,0.0,2024
AC,1,Governança do Governo Digital,iospd/IOSPD_I10,iospd,IOSPD_I10,total,Estratégia de governo digital (IOSPD I.10),indice_0_10,uf,100.0,2025
AC,2,Qualidade dos Serviços Digitais,iospd/IOSPD_I01,iospd,IOSPD_I01,total,Portal único ou de serviços (IOSPD I.1),indice_0_10,uf,50.0,2025
AC,2,Qualidade dos Serviços Digitais,iospd/IOSPD_I03,iospd,IOSPD_I03,total,Agendamento digital unificado (IOSPD I.3),indice_0_10,uf,50.0,2025
AC,2,Qualidade dos Serviços Digitais,iospd/IOSPD_I04,iospd,IOSPD_I04,total,Avaliação de satisfação dos usuários (IOSPD I.4),indice_0_10,uf,100.0,2025
AC,2,Qualidade dos Serviços Digitais,iospd/IOSPD_I06,iospd,IOSPD_I06,total,Gestão de cadastro e perfil do cidadão (IOSPD I.6),indice_0_10,uf,100.0,2025
AC,2,Qualidade dos Serviços Digitais,iospd/IOSPD_I07,iospd,IOSPD_I07,total,Ouvidoria integrada ao portal (IOSPD I.7),indice_0_10,uf,100.0,2025
AC,2,Qualidade dos Serviços Digitais,iospd/IOSPD_I08,iospd,IOSPD_I08,total,Simplificação de serviços online (IOSPD I.8),indice_0_10,uf,100.0,2025
AC,2,Qualidade dos Serviços Digitais,iospd/IOSPD_I12,iospd,IOSPD_I12,total,Ferramenta digital integrada de atendimento (IOSPD I.12),indice_0_10,uf,100.0,2025
AC,2,Qualidade dos Serviços Digitais,iospd/IOSPD_II01,iospd,IOSPD_II01,total,Rematrícula online escolas estaduais (IOSPD II.1),indice_0_10,uf,100.0,2025
AC,2,Qualidade dos Serviços Digitais,iospd/IOSPD_II02,iospd,IOSPD_II02,total,Solicitação de medicamento de alto custo digital (IOSPD II.2),indice_0_10,uf,100.0,2025
AC,2,Qualidade dos Serviços Digitais,iospd/IOSPD_II03,iospd,IOSPD_II03,total,Tele-atendimento saúde por videoconferência (IOSPD II.3),indice_0_10,uf,100.0,2025
AC,2,Qualidade dos Serviços Digitais,iospd/IOSPD_II04,iospd,IOSPD_II04,total,Prova de vida online (IOSPD II.4),indice_0_10,uf,100.0,2025
AC,2,Qualidade dos Serviços Digitais,iospd/IOSPD_II05,iospd,IOSPD_II05,total,Recurso/defesa online infrações de trânsito (IOSPD II.5),indice_0_10,uf,100.0,2025
AC,2,Qualidade dos Serviços Digitais,iospd/IOSPD_II06,iospd,IOSPD_II06,total,Registro digital reclamação CDC (IOSPD II.6),indice_0_10,uf,100.0,2025
AC,2,Qualidade dos Serviços Digitais,iospd/IOSPD_II07,iospd,IOSPD_II07,total,Solicitação online 2ª via RG (IOSPD II.7),indice_0_10,uf,100.0,2025
AC,2,Qualidade dos Serviços Digitais,iospd/IOSPD_II08,iospd,IOSPD_II08,total,Boletim de ocorrência online violência doméstica (IOSPD II.8),indice_0_10,uf,100.0,2025
AC,2,Qualidade dos Serviços Digitais,iospd/IOSPD_II09,iospd,IOSPD_II09,total,Consulta online medicamentos disponíveis (IOSPD II.9),indice_0_10,uf,100.0,2025
AC,2,Qualidade dos Serviços Digitais,iospd/IOSPD_II10,iospd,IOSPD_II10,total,Emissão/envio de receita médica online (IOSPD II.10),indice_0_10,uf,100.0,2025
AC,2,Qualidade dos Serviços Digitais,iospd/IOSPD_II11,iospd,IOSPD_II11,total,Emissão online diplomas ensino médio (IOSPD II.11),indice_0_10,uf,100.0,2025
AC,2,Qualidade dos Serviços Digitais,iospd/IOSPD_II12,iospd,IOSPD_II12,total,Transferência online entre escolas estaduais (IOSPD II.12),indice_0_10,uf,100.0,2025
AC,2,Qualidade dos Serviços Digitais,iospd/IOSPD_III01a,iospd,IOSPD_III01a,total,Carta de Serviços normatizada (IOSPD III.1a),indice_0_10,uf,100.0,2025
AC,2,Qualidade dos Serviços Digitais,iospd/IOSPD_III01b,iospd,IOSPD_III01b,total,Ouvidorias Públicas normatizadas (IOSPD III.1b),indice_0_10,uf,100.0,2025
AC,2,Qualidade dos Serviços Digitais,iospd/IOSPD_III01c,iospd,IOSPD_III01c,total,Conselho de Usuários normatizado (IOSPD III.1c),indice_0_10,uf,100.0,2025
AC,2,Qualidade dos Serviços Digitais,iospd/IOSPD_III01d,iospd,IOSPD_III01d,total,Avaliação de Serviços Públicos normatizada (IOSPD III.1d),indice_0_10,uf,100.0,2025
AC,2,Qualidade dos Serviços Digitais,iospd/IOSPD_IV01,iospd,IOSPD_IV01,total,Tempos verbais 2ª/3ª pessoa (IOSPD IV.1),indice_0_10,uf,100.0,2025
AC,2,Qualidade dos Serviços Digitais,iospd/IOSPD_IV02,iospd,IOSPD_IV02,total,Frases curtas com ação única (IOSPD IV.2),indice_0_10,uf,100.0,2025
AC,2,Qualidade dos Serviços Digitais,iospd/IOSPD_IV03,iospd,IOSPD_IV03,total,Título objetivo e curto (IOSPD IV.3),indice_0_10,uf,100.0,2025
AC,2,Qualidade dos Serviços Digitais,iospd/IOSPD_IV04,iospd,IOSPD_IV04,total,Parágrafos curtos (IOSPD IV.4),indice_0_10,uf,100.0,2025
AC,2,Qualidade dos Serviços Digitais,iospd/IOSPD_IV05,iospd,IOSPD_IV05,total,Uso do tempo presente (IOSPD IV.5),indice_0_10,uf,100.0,2025
AC,2,Qualidade dos Serviços Digitais,iospd/IOSPD_IV06,iospd,IOSPD_IV06,total,Uso de caracteres especiais (IOSPD IV.6),indice_0_10,uf,100.0,2025
AC,2,Qualidade dos Serviços Digitais,iospd/IOSPD_IV07,iospd,IOSPD_IV07,total,Vocabulário de fácil entendimento (IOSPD IV.7),indice_0_10,uf,80.0,2025
AC,2,Qualidade dos Serviços Digitais,iospd/IOSPD_IV08,iospd,IOSPD_IV08,total,Aplicação da técnica de Linguagem Simples (IOSPD IV.8),indice_0_10,uf,100.0,2025
AC,2,Qualidade dos Serviços Digitais,iospd/IOSPD_IV09,iospd,IOSPD_IV09,total,Mecanismo de melhoria na apresentação (IOSPD IV.9),indice_0_10,uf,100.0,2025
AC,2,Qualidade dos Serviços Digitais,iospd/IOSPD_V01,iospd,IOSPD_V01,total,Aplicativo móvel para portal de serviços (IOSPD V.1),indice_0_10,uf,100.0,2025
AC,2,Qualidade dos Serviços Digitais,iospd/IOSPD_V03,iospd,IOSPD_V03,total,Pagamento por PIX/cartão digital (IOSPD V.3),indice_0_10,uf,66.7,2025
AC,2,Qualidade dos Serviços Digitais,iospd/IOSPD_V04,iospd,IOSPD_V04,total,Ambiente autenticado e personalizado de serviços (IOSPD V.4),indice_0_10,uf,100.0,2025
AC,2,Qualidade dos Serviços Digitais,iospd/IOSPD_V05,iospd,IOSPD_V05,total,Licenciamento de veículo com pagamento eletrônico (IOSPD V.5),indice_0_10,uf,100.0,2025
AC,2,Qualidade dos Serviços Digitais,iospd/IOSPD_V06,iospd,IOSPD_V06,total,Certidão Negativa Estadual online (IOSPD V.6),indice_0_10,uf,100.0,2025
AC,2,Qualidade dos Serviços Digitais,iospd/IOSPD_V08,iospd,IOSPD_V08,total,Transferência digital de veículos (IOSPD V.8),indice_0_10,uf,100.0,2025
AC,2,Qualidade dos Serviços Digitais,iospd/IOSPD_V09,iospd,IOSPD_V09,total,Acessibilidade da plataforma digital (IOSPD V.9),indice_0_10,uf,100.0,2025
AC,2,Qualidade dos Serviços Digitais,estadic/ESTADIC_ACESSIBILIDADE,estadic,ESTADIC_ACESSIBILIDADE,total,Acessibilidade da página e serviços eletrônicos,prop_0_100,governo_estadual,33.33,2024
AC,2,Qualidade dos Serviços Digitais,estadic/ESTADIC_ATEND_DISTANCIA,estadic,ESTADIC_ATEND_DISTANCIA,total,Formas de atendimento a distância ao cidadão,prop_0_100,governo_estadual,37.5,2024
AC,2,Qualidade dos Serviços Digitais,estadic/ESTADIC_ATIV_REDES,estadic,ESTADIC_ATIV_REDES,total,Atividades do governo nas redes sociais nos últimos 12 meses,prop_0_100,governo_estadual,50.0,2024
AC,2,Qualidade dos Serviços Digitais,estadic/ESTADIC_BILHETE_UNICO,estadic,ESTADIC_BILHETE_UNICO,total,Bilhete único para uso de transporte público,prop_0_100,governo_estadual,0.0,2024
AC,2,Qualidade dos Serviços Digitais,estadic/ESTADIC_FREQ_REDES,estadic,ESTADIC_FREQ_REDES,total,Frequência de atualização do conteúdo nas redes sociais,prop_0_100,governo_estadual,100.0,2024
AC,2,Qualidade dos Serviços Digitais,estadic/ESTADIC_MODELO_ACESS,estadic,ESTADIC_MODELO_ACESS,total,Modelo de acessibilidade adotado,prop_0_100,governo_estadual,100.0,2024
AC,2,Qualidade dos Serviços Digitais,estadic/ESTADIC_REDES_SOCIAIS,estadic,ESTADIC_REDES_SOCIAIS,total,Plataformas de rede social do governo estadual,prop_0_100,governo_estadual,22.22,2024
AC,2,Qualidade dos Serviços Digitais,estadic/ESTADIC_SERV_CELULAR,estadic,ESTADIC_SERV_CELULAR,total,Serviços disponibilizados por celular/smartphone,prop_0_100,governo_estadual,28.57,2024
AC,2,Qualidade dos Serviços Digitais,estadic/ESTADIC_SERV_INFORMATIVOS,estadic,ESTADIC_SERV_INFORMATIVOS,total,Serviços informativos disponibilizados na página da internet,prop_0_100,governo_estadual,87.5,2024
AC,2,Qualidade dos Serviços Digitais,estadic/ESTADIC_SERV_TRANSACIONAIS,estadic,ESTADIC_SERV_TRANSACIONAIS,total,Serviços transacionais disponibilizados na página da internet,prop_0_100,governo_estadual,69.23,2024
AC,3,Identificação Única,iospd/IOSPD_I09,iospd,IOSPD_I09,total,Assinatura eletrônica Gov.br (IOSPD I.9),indice_0_10,uf,100.0,2025
AC,3,Identificação Única,iospd/IOSPD_V07,iospd,IOSPD_V07,total,Emissão da CIN — Carteira de Identidade Nacional (IOSPD V.7),indice_0_10,uf,100.0,2025
AC,4,Segurança e LGPD,iospd/IOSPD_III07,iospd,IOSPD_III07,total,Consentimento LGPD no portal (IOSPD III.7),indice_0_10,uf,100.0,2025
AC,4,Segurança e LGPD,estadic/ESTADIC_LGPD_CANAL_TITULAR,estadic,ESTADIC_LGPD_CANAL_TITULAR,total,Canal internet para titulares de dados (LGPD),prop_0_100,governo_estadual,100.0,2024
AC,4,Segurança e LGPD,estadic/ESTADIC_LGPD_CAPACIT,estadic,ESTADIC_LGPD_CAPACIT,total,Cursos segurança da informação e proteção de dados para servidores,prop_0_100,governo_estadual,0.0,2024
AC,4,Segurança e LGPD,estadic/ESTADIC_LGPD_REGULAMENT,estadic,ESTADIC_LGPD_REGULAMENT,total,Regulamentação estadual específica sobre LGPD,prop_0_100,governo_estadual,0.0,2024
AC,4,Segurança e LGPD,estadic/ESTADIC_LGPD_RESP,estadic,ESTADIC_LGPD_RESP,total,Responsável LGPD designado,prop_0_100,governo_estadual,100.0,2024
AC,5,Dados e Interoperabilidade,iospd/IOSPD_I05,iospd,IOSPD_I05,total,Governança de dados (IOSPD I.5),indice_0_10,uf,100.0,2025
AC,5,Dados e Interoperabilidade,estadic/ESTADIC_FORMATO_DADOS,estadic,ESTADIC_FORMATO_DADOS,total,Formato de publicação dos dados da administração estadual,prop_0_100,governo_estadual,50.0,2024
AC,6,Infraestrutura,estadic/ESTADIC_INCLUSAO_PROGRAMA,estadic,ESTADIC_INCLUSAO_PROGRAMA,total,Desenvolve programa ou ação de inclusão digital,prop_0_100,governo_estadual,100.0,2024
AC,6,Infraestrutura,estadic/ESTADIC_WIFI_EXISTE,estadic,ESTADIC_WIFI_EXISTE,total,Disponibiliza acesso por conexão Wi-Fi pública,prop_0_100,governo_estadual,0.0,2024
AC,7,Inovação e Tecnologias Emergentes,iospd/IOSPD_III06,iospd,IOSPD_III06,total,Laboratório de Inovação em Governo (IOSPD III.6),indice_0_10,uf,100.0,2025
AC,7,Inovação e Tecnologias Emergentes,iospd/IOSPD_V02,iospd,IOSPD_V02,total,Uso de IA/ciência de dados em serviço público (IOSPD V.2),indice_0_10,uf,100.0,2025
AC,7,Inovação e Tecnologias Emergentes,estadic/ESTADIC_CAPACIT_EMPREEND,estadic,ESTADIC_CAPACIT_EMPREEND,total,Capacitação para empreendedorismo digital,prop_0_100,governo_estadual,0.0,2024
AC,7,Inovação e Tecnologias Emergentes,estadic/ESTADIC_ESPACO_INOVACAO,estadic,ESTADIC_ESPACO_INOVACAO,total,"Espaços de inovação, coworking ou espaços compartilhados",prop_0_100,governo_estadual,0.0,2024
AC,7,Inovação e Tecnologias Emergentes,estadic/ESTADIC_PREMIO_INOVACAO,estadic,ESTADIC_PREMIO_INOVACAO,total,Prêmio ou edital para empresas inovadoras e projetos criativos,prop_0_100,governo_estadual,0.0,2024
AC,8,Eficiência e Processos,iospd/IOSPD_III02,iospd,IOSPD_III02,total,Grupos de desburocratização regulamentados (IOSPD III.2),indice_0_10,uf,100.0,2025
AC,9,Transparência e Participação,iospd/IOSPD_I11,iospd,IOSPD_I11,total,Cartas de Serviços na Base Nacional (IOSPD I.11),indice_0_10,uf,100.0,2025
AC,9,Transparência e Participação,estadic/ESTADIC_CONSELHO_TRANSP,estadic,ESTADIC_CONSELHO_TRANSP,total,Conselho Estadual de Transparência ou similar,prop_0_100,governo_estadual,0.0,2024
AC,9,Transparência e Participação,estadic/ESTADIC_CTRL_INT_ONLINE,estadic,ESTADIC_CTRL_INT_ONLINE,total,Informações do controle interno publicadas na internet,prop_0_100,governo_estadual,62.5,2024
AC,9,Transparência e Participação,estadic/ESTADIC_LAI_CONTEUDO,estadic,ESTADIC_LAI_CONTEUDO,total,Conteúdo da legislação estadual de acesso à informação (LAI),prop_0_100,governo_estadual,62.5,2024
AC,9,Transparência e Participação,estadic/ESTADIC_LAI_MEIOS,estadic,ESTADIC_LAI_MEIOS,total,Meios de solicitação de acesso à informação pública,prop_0_100,governo_estadual,33.33,2024
AC,9,Transparência e Participação,estadic/ESTADIC_ORCAM_TEMPO_REAL,estadic,ESTADIC_ORCAM_TEMPO_REAL,total,Disponibiliza informações orçamentárias/financeiras em tempo real,prop_0_100,governo_estadual,100.0,2024
AC,9,Transparência e Participação,estadic/ESTADIC_PARTICIP_INTERNET,estadic,ESTADIC_PARTICIP_INTERNET,total,Formas de participação do cidadão pela internet,prop_0_100,governo_estadual,40.0,2024
AC,9,Transparência e Participação,estadic/ESTADIC_PORTAL_TRANSP,estadic,ESTADIC_PORTAL_TRANSP,total,Portal da transparência e portal de dados abertos,prop_0_100,governo_estadual,66.67,2024
AC,9,Transparência e Participação,estadic/ESTADIC_TRANSP_CONTEUDO,estadic,ESTADIC_TRANSP_CONTEUDO,total,Conteúdo da página internet / portal da transparência,prop_0_100,governo_estadual,81.82,2024
AM,1,Governança do Governo Digital,iospd/IOSPD_I10,iospd,IOSPD_I10,total,Estratégia de governo digital (IOSPD I.10),indice_0_10,uf,0.0,2025
AM,2,Qualidade dos Serviços Digitais,iospd/IOSPD_I01,iospd,IOSPD_I01,total,Portal único ou de serviços (IOSPD I.1),indice_0_10,uf,100.0,2025
AM,2,Qualidade dos Serviços Digitais,iospd/IOSPD_I03,iospd,IOSPD_I03,total,Agendamento digital unificado (IOSPD I.3),indice_0_10,uf,0.0,2025
AM,2,Qualidade dos Serviços Digitais,iospd/IOSPD_I04,iospd,IOSPD_I04,total,Avaliação de satisfação dos usuários (IOSPD I.4),indice_0_10,uf,0.0,2025
AM,2,Qualidade dos Serviços Digitais,iospd/IOSPD_I06,iospd,IOSPD_I06,total,Gestão de cadastro e perfil do cidadão (IOSPD I.6),indice_0_10,uf,0.0,2025
AM,2,Qualidade dos Serviços Digitais,iospd/IOSPD_I07,iospd,IOSPD_I07,total,Ouvidoria integrada ao portal (IOSPD I.7),indice_0_10,uf,0.0,2025
AM,2,Qualidade dos Serviços Digitais,iospd/IOSPD_I08,iospd,IOSPD_I08,total,Simplificação de serviços online (IOSPD I.8),indice_0_10,uf,0.0,2025
AM,2,Qualidade dos Serviços Digitais,iospd/IOSPD_I12,iospd,IOSPD_I12,total,Ferramenta digital integrada de atendimento (IOSPD I.12),indice_0_10,uf,25.0,2025
AM,2,Qualidade dos Serviços Digitais,iospd/IOSPD_II01,iospd,IOSPD_II01,total,Rematrícula online escolas estaduais (IOSPD II.1),indice_0_10,uf,0.0,2025
AM,2,Qualidade dos Serviços Digitais,iospd/IOSPD_II02,iospd,IOSPD_II02,total,Solicitação de medicamento de alto custo digital (IOSPD II.2),indice_0_10,uf,0.0,2025
AM,2,Qualidade dos Serviços Digitais,iospd/IOSPD_II03,iospd,IOSPD_II03,total,Tele-atendimento saúde por videoconferência (IOSPD II.3),indice_0_10,uf,0.0,2025
AM,2,Qualidade dos Serviços Digitais,iospd/IOSPD_II04,iospd,IOSPD_II04,total,Prova de vida online (IOSPD II.4),indice_0_10,uf,0.0,2025
AM,2,Qualidade dos Serviços Digitais,iospd/IOSPD_II05,iospd,IOSPD_II05,total,Recurso/defesa online infrações de trânsito (IOSPD II.5),indice_0_10,uf,0.0,2025
AM,2,Qualidade dos Serviços Digitais,iospd/IOSPD_II06,iospd,IOSPD_II06,total,Registro digital reclamação CDC (IOSPD II.6),indice_0_10,uf,0.0,2025
AM,2,Qualidade dos Serviços Digitais,iospd/IOSPD_II07,iospd,IOSPD_II07,total,Solicitação online 2ª via RG (IOSPD II.7),indice_0_10,uf,100.0,2025
AM,2,Qualidade dos Serviços Digitais,iospd/IOSPD_II08,iospd,IOSPD_II08,total,Boletim de ocorrência online violência doméstica (IOSPD II.8),indice_0_10,uf,0.0,2025
AM,2,Qualidade dos Serviços Digitais,iospd/IOSPD_II09,iospd,IOSPD_II09,total,Consulta online medicamentos disponíveis (IOSPD II.9),indice_0_10,uf,0.0,2025
AM,2,Qualidade dos Serviços Digitais,iospd/IOSPD_II10,iospd,IOSPD_II10,total,Emissão/envio de receita médica online (IOSPD II.10),indice_0_10,uf,0.0,2025
AM,2,Qualidade dos Serviços Digitais,iospd/IOSPD_II11,iospd,IOSPD_II11,total,Emissão online diplomas ensino médio (IOSPD II.11),indice_0_10,uf,0.0,2025
AM,2,Qualidade dos Serviços Digitais,iospd/IOSPD_II12,iospd,IOSPD_II12,total,Transferência online entre escolas estaduais (IOSPD II.12),indice_0_10,uf,0.0,2025
AM,2,Qualidade dos Serviços Digitais,iospd/IOSPD_III01a,iospd,IOSPD_III01a,total,Carta de Serviços normatizada (IOSPD III.1a),indice_0_10,uf,100.0,2025
AM,2,Qualidade dos Serviços Digitais,iospd/IOSPD_III01b,iospd,IOSPD_III01b,total,Ouvidorias Públicas normatizadas (IOSPD III.1b),indice_0_10,uf,100.0,2025
AM,2,Qualidade dos Serviços Digitais,iospd/IOSPD_III01c,iospd,IOSPD_III01c,total,Conselho de Usuários normatizado (IOSPD III.1c),indice_0_10,uf,100.0,2025
AM,2,Qualidade dos Serviços Digitais,iospd/IOSPD_III01d,iospd,IOSPD_III01d,total,Avaliação de Serviços Públicos normatizada (IOSPD III.1d),indice_0_10,uf,0.0,2025
AM,2,Qualidade dos Serviços Digitais,iospd/IOSPD_IV01,iospd,IOSPD_IV01,total,Tempos verbais 2ª/3ª pessoa (IOSPD IV.1),indice_0_10,uf,100.0,2025
AM,2,Qualidade dos Serviços Digitais,iospd/IOSPD_IV02,iospd,IOSPD_IV02,total,Frases curtas com ação única (IOSPD IV.2),indice_0_10,uf,60.0,2025
AM,2,Qualidade dos Serviços Digitais,iospd/IOSPD_IV03,iospd,IOSPD_IV03,total,Título objetivo e curto (IOSPD IV.3),indice_0_10,uf,80.0,2025
AM,2,Qualidade dos Serviços Digitais,iospd/IOSPD_IV04,iospd,IOSPD_IV04,total,Parágrafos curtos (IOSPD IV.4),indice_0_10,uf,100.0,2025
AM,2,Qualidade dos Serviços Digitais,iospd/IOSPD_IV05,iospd,IOSPD_IV05,total,Uso do tempo presente (IOSPD IV.5),indice_0_10,uf,100.0,2025
AM,2,Qualidade dos Serviços Digitais,iospd/IOSPD_IV06,iospd,IOSPD_IV06,total,Uso de caracteres especiais (IOSPD IV.6),indice_0_10,uf,100.0,2025
AM,2,Qualidade dos Serviços Digitais,iospd/IOSPD_IV07,iospd,IOSPD_IV07,total,Vocabulário de fácil entendimento (IOSPD IV.7),indice_0_10,uf,60.0,2025
AM,2,Qualidade dos Serviços Digitais,iospd/IOSPD_IV08,iospd,IOSPD_IV08,total,Aplicação da técnica de Linguagem Simples (IOSPD IV.8),indice_0_10,uf,0.0,2025
AM,2,Qualidade dos Serviços Digitais,iospd/IOSPD_IV09,iospd,IOSPD_IV09,total,Mecanismo de melhoria na apresentação (IOSPD IV.9),indice_0_10,uf,0.0,2025
AM,2,Qualidade dos Serviços Digitais,iospd/IOSPD_V01,iospd,IOSPD_V01,total,Aplicativo móvel para portal de serviços (IOSPD V.1),indice_0_10,uf,0.0,2025
AM,2,Qualidade dos Serviços Digitais,iospd/IOSPD_V03,iospd,IOSPD_V03,total,Pagamento por PIX/cartão digital (IOSPD V.3),indice_0_10,uf,0.0,2025
AM,2,Qualidade dos Serviços Digitais,iospd/IOSPD_V04,iospd,IOSPD_V04,total,Ambiente autenticado e personalizado de serviços (IOSPD V.4),indice_0_10,uf,0.0,2025
AM,2,Qualidade dos Serviços Digitais,iospd/IOSPD_V05,iospd,IOSPD_V05,total,Licenciamento de veículo com pagamento eletrônico (IOSPD V.5),indice_0_10,uf,0.0,2025
AM,2,Qualidade dos Serviços Digitais,iospd/IOSPD_V06,iospd,IOSPD_V06,total,Certidão Negativa Estadual online (IOSPD V.6),indice_0_10,uf,0.0,2025
AM,2,Qualidade dos Serviços Digitais,iospd/IOSPD_V08,iospd,IOSPD_V08,total,Transferência digital de veículos (IOSPD V.8),indice_0_10,uf,0.0,2025
AM,2,Qualidade dos Serviços Digitais,iospd/IOSPD_V09,iospd,IOSPD_V09,total,Acessibilidade da plataforma digital (IOSPD V.9),indice_0_10,uf,66.7,2025
AM,2,Qualidade dos Serviços Digitais,estadic/ESTADIC_ACESSIBILIDADE,estadic,ESTADIC_ACESSIBILIDADE,total,Acessibilidade da página e serviços eletrônicos,prop_0_100,governo_estadual,66.67,2024
AM,2,Qualidade dos Serviços Digitais,estadic/ESTADIC_ATEND_DISTANCIA,estadic,ESTADIC_ATEND_DISTANCIA,total,Formas de atendimento a distância ao cidadão,prop_0_100,governo_estadual,37.5,2024
AM,2,Qualidade dos Serviços Digitais,estadic/ESTADIC_ATIV_REDES,estadic,ESTADIC_ATIV_REDES,total,Atividades do governo nas redes sociais nos últimos 12 meses,prop_0_100,governo_estadual,50.0,2024
AM,2,Qualidade dos Serviços Digitais,estadic/ESTADIC_BILHETE_UNICO,estadic,ESTADIC_BILHETE_UNICO,total,Bilhete único para uso de transporte público,prop_0_100,governo_estadual,100.0,2024
AM,2,Qualidade dos Serviços Digitais,estadic/ESTADIC_FREQ_REDES,estadic,ESTADIC_FREQ_REDES,total,Frequência de atualização do conteúdo nas redes sociais,prop_0_100,governo_estadual,100.0,2024
AM,2,Qualidade dos Serviços Digitais,estadic/ESTADIC_MODELO_ACESS,estadic,ESTADIC_MODELO_ACESS,total,Modelo de acessibilidade adotado,prop_0_100,governo_estadual,75.0,2024
AM,2,Qualidade dos Serviços Digitais,estadic/ESTADIC_REDES_SOCIAIS,estadic,ESTADIC_REDES_SOCIAIS,total,Plataformas de rede social do governo estadual,prop_0_100,governo_estadual,66.67,2024
AM,2,Qualidade dos Serviços Digitais,estadic/ESTADIC_SERV_CELULAR,estadic,ESTADIC_SERV_CELULAR,total,Serviços disponibilizados por celular/smartphone,prop_0_100,governo_estadual,57.14,2024
AM,2,Qualidade dos Serviços Digitais,estadic/ESTADIC_SERV_INFORMATIVOS,estadic,ESTADIC_SERV_INFORMATIVOS,total,Serviços informativos disponibilizados na página da internet,prop_0_100,governo_estadual,87.5,2024
AM,2,Qualidade dos Serviços Digitais,estadic/ESTADIC_SERV_TRANSACIONAIS,estadic,ESTADIC_SERV_TRANSACIONAIS,total,Serviços transacionais disponibilizados na página da internet,prop_0_100,governo_estadual,76.92,2024
AM,3,Identificação Única,iospd/IOSPD_I09,iospd,IOSPD_I09,total,Assinatura eletrônica Gov.br (IOSPD I.9),indice_0_10,uf,0.0,2025
AM,3,Identificação Única,iospd/IOSPD_V07,iospd,IOSPD_V07,total,Emissão da CIN — Carteira de Identidade Nacional (IOSPD V.7),indice_0_10,uf,100.0,2025
AM,4,Segurança e LGPD,iospd/IOSPD_III07,iospd,IOSPD_III07,total,Consentimento LGPD no portal (IOSPD III.7),indice_0_10,uf,0.0,2025
AM,4,Segurança e LGPD,estadic/ESTADIC_LGPD_CANAL_TITULAR,estadic,ESTADIC_LGPD_CANAL_TITULAR,total,Canal internet para titulares de dados (LGPD),prop_0_100,governo_estadual,100.0,2024
AM,4,Segurança e LGPD,estadic/ESTADIC_LGPD_CAPACIT,estadic,ESTADIC_LGPD_CAPACIT,total,Cursos segurança da informação e proteção de dados para servidores,prop_0_100,governo_estadual,100.0,2024
AM,4,Segurança e LGPD,estadic/ESTADIC_LGPD_REGULAMENT,estadic,ESTADIC_LGPD_REGULAMENT,total,Regulamentação estadual específica sobre LGPD,prop_0_100,governo_estadual,0.0,2024
AM,4,Segurança e LGPD,estadic/ESTADIC_LGPD_RESP,estadic,ESTADIC_LGPD_RESP,total,Responsável LGPD designado,prop_0_100,governo_estadual,100.0,2024
AM,5,Dados e Interoperabilidade,iospd/IOSPD_I05,iospd,IOSPD_I05,total,Governança de dados (IOSPD I.5),indice_0_10,uf,0.0,2025
AM,5,Dados e Interoperabilidade,estadic/ESTADIC_FORMATO_DADOS,estadic,ESTADIC_FORMATO_DADOS,total,Formato de publicação dos dados da administração estadual,prop_0_100,governo_estadual,39.29,2024
AM,6,Infraestrutura,estadic/ESTADIC_INCLUSAO_PROGRAMA,estadic,ESTADIC_INCLUSAO_PROGRAMA,total,Desenvolve programa ou ação de inclusão digital,prop_0_100,governo_estadual,100.0,2024
AM,6,Infraestrutura,estadic/ESTADIC_WIFI_EXISTE,estadic,ESTADIC_WIFI_EXISTE,total,Disponibiliza acesso por conexão Wi-Fi pública,prop_0_100,governo_estadual,0.0,2024
AM,7,Inovação e Tecnologias Emergentes,iospd/IOSPD_III06,iospd,IOSPD_III06,total,Laboratório de Inovação em Governo (IOSPD III.6),indice_0_10,uf,0.0,2025
AM,7,Inovação e Tecnologias Emergentes,iospd/IOSPD_V02,iospd,IOSPD_V02,total,Uso de IA/ciência de dados em serviço público (IOSPD V.2),indice_0_10,uf,0.0,2025
AM,7,Inovação e Tecnologias Emergentes,estadic/ESTADIC_CAPACIT_EMPREEND,estadic,ESTADIC_CAPACIT_EMPREEND,total,Capacitação para empreendedorismo digital,prop_0_100,governo_estadual,100.0,2024
AM,7,Inovação e Tecnologias Emergentes,estadic/ESTADIC_ESPACO_INOVACAO,estadic,ESTADIC_ESPACO_INOVACAO,total,"Espaços de inovação, coworking ou espaços compartilhados",prop_0_100,governo_estadual,100.0,2024
AM,7,Inovação e Tecnologias Emergentes,estadic/ESTADIC_PREMIO_INOVACAO,estadic,ESTADIC_PREMIO_INOVACAO,total,Prêmio ou edital para empresas inovadoras e projetos criativos,prop_0_100,governo_estadual,100.0,2024
AM,8,Eficiência e Processos,iospd/IOSPD_III02,iospd,IOSPD_III02,total,Grupos de desburocratização regulamentados (IOSPD III.2),indice_0_10,uf,0.0,2025
AM,9,Transparência e Participação,iospd/IOSPD_I11,iospd,IOSPD_I11,total,Cartas de Serviços na Base Nacional (IOSPD I.11),indice_0_10,uf,0.0,2025
AM,9,Transparência e Participação,estadic/ESTADIC_CONSELHO_TRANSP,estadic,ESTADIC_CONSELHO_TRANSP,total,Conselho Estadual de Transparência ou similar,prop_0_100,governo_estadual,100.0,2024
AM,9,Transparência e Participação,estadic/ESTADIC_CTRL_INT_ONLINE,estadic,ESTADIC_CTRL_INT_ONLINE,total,Informações do controle interno publicadas na internet,prop_0_100,governo_estadual,75.0,2024
AM,9,Transparência e Participação,estadic/ESTADIC_LAI_CONTEUDO,estadic,ESTADIC_LAI_CONTEUDO,total,Conteúdo da legislação estadual de acesso à informação (LAI),prop_0_100,governo_estadual,100.0,2024
AM,9,Transparência e Participação,estadic/ESTADIC_LAI_MEIOS,estadic,ESTADIC_LAI_MEIOS,total,Meios de solicitação de acesso à informação pública,prop_0_100,governo_estadual,66.67,2024
AM,9,Transparência e Participação,estadic/ESTADIC_ORCAM_TEMPO_REAL,estadic,ESTADIC_ORCAM_TEMPO_REAL,total,Disponibiliza informações orçamentárias/financeiras em tempo real,prop_0_100,governo_estadual,100.0,2024
AM,9,Transparência e Participação,estadic/ESTADIC_PARTICIP_INTERNET,estadic,ESTADIC_PARTICIP_INTERNET,total,Formas de participação do cidadão pela internet,prop_0_100,governo_estadual,40.0,2024
AM,9,Transparência e Participação,estadic/ESTADIC_PORTAL_TRANSP,estadic,ESTADIC_PORTAL_TRANSP,total,Portal da transparência e portal de dados abertos,prop_0_100,governo_estadual,66.67,2024
AM,9,Transparência e Participação,estadic/ESTADIC_TRANSP_CONTEUDO,estadic,ESTADIC_TRANSP_CONTEUDO,total,Conteúdo da página internet / portal da transparência,prop_0_100,governo_estadual,81.82,2024
RR,1,Governança do Governo Digital,iospd/IOSPD_I10,iospd,IOSPD_I10,total,Estratégia de governo digital (IOSPD I.10),indice_0_10,uf,0.0,2025
RR,2,Qualidade dos Serviços Digitais,iospd/IOSPD_I01,iospd,IOSPD_I01,total,Portal único ou de serviços (IOSPD I.1),indice_0_10,uf,0.0,2025
RR,2,Qualidade dos Serviços Digitais,iospd/IOSPD_I03,iospd,IOSPD_I03,total,Agendamento digital unificado (IOSPD I.3),indice_0_10,uf,0.0,2025
RR,2,Qualidade dos Serviços Digitais,iospd/IOSPD_I04,iospd,IOSPD_I04,total,Avaliação de satisfação dos usuários (IOSPD I.4),indice_0_10,uf,0.0,2025
RR,2,Qualidade dos Serviços Digitais,iospd/IOSPD_I06,iospd,IOSPD_I06,total,Gestão de cadastro e perfil do cidadão (IOSPD I.6),indice_0_10,uf,0.0,2025
RR,2,Qualidade dos Serviços Digitais,iospd/IOSPD_I07,iospd,IOSPD_I07,total,Ouvidoria integrada ao portal (IOSPD I.7),indice_0_10,uf,0.0,2025
RR,2,Qualidade dos Serviços Digitais,iospd/IOSPD_I08,iospd,IOSPD_I08,total,Simplificação de serviços online (IOSPD I.8),indice_0_10,uf,0.0,2025
RR,2,Qualidade dos Serviços Digitais,iospd/IOSPD_I12,iospd,IOSPD_I12,total,Ferramenta digital integrada de atendimento (IOSPD I.12),indice_0_10,uf,0.0,2025
RR,2,Qualidade dos Serviços Digitais,iospd/IOSPD_II01,iospd,IOSPD_II01,total,Rematrícula online escolas estaduais (IOSPD II.1),indice_0_10,uf,0.0,2025
RR,2,Qualidade dos Serviços Digitais,iospd/IOSPD_II02,iospd,IOSPD_II02,total,Solicitação de medicamento de alto custo digital (IOSPD II.2),indice_0_10,uf,0.0,2025
RR,2,Qualidade dos Serviços Digitais,iospd/IOSPD_II03,iospd,IOSPD_II03,total,Tele-atendimento saúde por videoconferência (IOSPD II.3),indice_0_10,uf,0.0,2025
RR,2,Qualidade dos Serviços Digitais,iospd/IOSPD_II04,iospd,IOSPD_II04,total,Prova de vida online (IOSPD II.4),indice_0_10,uf,100.0,2025
RR,2,Qualidade dos Serviços Digitais,iospd/IOSPD_II05,iospd,IOSPD_II05,total,Recurso/defesa online infrações de trânsito (IOSPD II.5),indice_0_10,uf,0.0,2025
RR,2,Qualidade dos Serviços Digitais,iospd/IOSPD_II06,iospd,IOSPD_II06,total,Registro digital reclamação CDC (IOSPD II.6),indice_0_10,uf,0.0,2025
RR,2,Qualidade dos Serviços Digitais,iospd/IOSPD_II07,iospd,IOSPD_II07,total,Solicitação online 2ª via RG (IOSPD II.7),indice_0_10,uf,100.0,2025
RR,2,Qualidade dos Serviços Digitais,iospd/IOSPD_II08,iospd,IOSPD_II08,total,Boletim de ocorrência online violência doméstica (IOSPD II.8),indice_0_10,uf,100.0,2025
RR,2,Qualidade dos Serviços Digitais,iospd/IOSPD_II09,iospd,IOSPD_II09,total,Consulta online medicamentos disponíveis (IOSPD II.9),indice_0_10,uf,0.0,2025
RR,2,Qualidade dos Serviços Digitais,iospd/IOSPD_II10,iospd,IOSPD_II10,total,Emissão/envio de receita médica online (IOSPD II.10),indice_0_10,uf,0.0,2025
RR,2,Qualidade dos Serviços Digitais,iospd/IOSPD_II11,iospd,IOSPD_II11,total,Emissão online diplomas ensino médio (IOSPD II.11),indice_0_10,uf,0.0,2025
RR,2,Qualidade dos Serviços Digitais,iospd/IOSPD_II12,iospd,IOSPD_II12,total,Transferência online entre escolas estaduais (IOSPD II.12),indice_0_10,uf,0.0,2025
RR,2,Qualidade dos Serviços Digitais,iospd/IOSPD_III01a,iospd,IOSPD_III01a,total,Carta de Serviços normatizada (IOSPD III.1a),indice_0_10,uf,0.0,2025
RR,2,Qualidade dos Serviços Digitais,iospd/IOSPD_III01b,iospd,IOSPD_III01b,total,Ouvidorias Públicas normatizadas (IOSPD III.1b),indice_0_10,uf,100.0,2025
RR,2,Qualidade dos Serviços Digitais,iospd/IOSPD_III01c,iospd,IOSPD_III01c,total,Conselho de Usuários normatizado (IOSPD III.1c),indice_0_10,uf,0.0,2025
RR,2,Qualidade dos Serviços Digitais,iospd/IOSPD_III01d,iospd,IOSPD_III01d,total,Avaliação de Serviços Públicos normatizada (IOSPD III.1d),indice_0_10,uf,0.0,2025
RR,2,Qualidade dos Serviços Digitais,iospd/IOSPD_IV01,iospd,IOSPD_IV01,total,Tempos verbais 2ª/3ª pessoa (IOSPD IV.1),indice_0_10,uf,0.0,2025
RR,2,Qualidade dos Serviços Digitais,iospd/IOSPD_IV02,iospd,IOSPD_IV02,total,Frases curtas com ação única (IOSPD IV.2),indice_0_10,uf,0.0,2025
RR,2,Qualidade dos Serviços Digitais,iospd/IOSPD_IV03,iospd,IOSPD_IV03,total,Título objetivo e curto (IOSPD IV.3),indice_0_10,uf,0.0,2025
RR,2,Qualidade dos Serviços Digitais,iospd/IOSPD_IV04,iospd,IOSPD_IV04,total,Parágrafos curtos (IOSPD IV.4),indice_0_10,uf,0.0,2025
RR,2,Qualidade dos Serviços Digitais,iospd/IOSPD_IV05,iospd,IOSPD_IV05,total,Uso do tempo presente (IOSPD IV.5),indice_0_10,uf,0.0,2025
RR,2,Qualidade dos Serviços Digitais,iospd/IOSPD_IV06,iospd,IOSPD_IV06,total,Uso de caracteres especiais (IOSPD IV.6),indice_0_10,uf,0.0,2025
RR,2,Qualidade dos Serviços Digitais,iospd/IOSPD_IV07,iospd,IOSPD_IV07,total,Vocabulário de fácil entendimento (IOSPD IV.7),indice_0_10,uf,0.0,2025
RR,2,Qualidade dos Serviços Digitais,iospd/IOSPD_IV08,iospd,IOSPD_IV08,total,Aplicação da técnica de Linguagem Simples (IOSPD IV.8),indice_0_10,uf,0.0,2025
RR,2,Qualidade dos Serviços Digitais,iospd/IOSPD_IV09,iospd,IOSPD_IV09,total,Mecanismo de melhoria na apresentação (IOSPD IV.9),indice_0_10,uf,100.0,2025
RR,2,Qualidade dos Serviços Digitais,iospd/IOSPD_V01,iospd,IOSPD_V01,total,Aplicativo móvel para portal de serviços (IOSPD V.1),indice_0_10,uf,0.0,2025
RR,2,Qualidade dos Serviços Digitais,iospd/IOSPD_V03,iospd,IOSPD_V03,total,Pagamento por PIX/cartão digital (IOSPD V.3),indice_0_10,uf,66.7,2025
RR,2,Qualidade dos Serviços Digitais,iospd/IOSPD_V04,iospd,IOSPD_V04,total,Ambiente autenticado e personalizado de serviços (IOSPD V.4),indice_0_10,uf,0.0,2025
RR,2,Qualidade dos Serviços Digitais,iospd/IOSPD_V05,iospd,IOSPD_V05,total,Licenciamento de veículo com pagamento eletrônico (IOSPD V.5),indice_0_10,uf,100.0,2025
RR,2,Qualidade dos Serviços Digitais,iospd/IOSPD_V06,iospd,IOSPD_V06,total,Certidão Negativa Estadual online (IOSPD V.6),indice_0_10,uf,100.0,2025
RR,2,Qualidade dos Serviços Digitais,iospd/IOSPD_V08,iospd,IOSPD_V08,total,Transferência digital de veículos (IOSPD V.8),indice_0_10,uf,0.0,2025
RR,2,Qualidade dos Serviços Digitais,iospd/IOSPD_V09,iospd,IOSPD_V09,total,Acessibilidade da plataforma digital (IOSPD V.9),indice_0_10,uf,0.0,2025
RR,2,Qualidade dos Serviços Digitais,estadic/ESTADIC_ACESSIBILIDADE,estadic,ESTADIC_ACESSIBILIDADE,total,Acessibilidade da página e serviços eletrônicos,prop_0_100,governo_estadual,44.44,2024
RR,2,Qualidade dos Serviços Digitais,estadic/ESTADIC_ATEND_DISTANCIA,estadic,ESTADIC_ATEND_DISTANCIA,total,Formas de atendimento a distância ao cidadão,prop_0_100,governo_estadual,62.5,2024
RR,2,Qualidade dos Serviços Digitais,estadic/ESTADIC_ATIV_REDES,estadic,ESTADIC_ATIV_REDES,total,Atividades do governo nas redes sociais nos últimos 12 meses,prop_0_100,governo_estadual,50.0,2024
RR,2,Qualidade dos Serviços Digitais,estadic/ESTADIC_BILHETE_UNICO,estadic,ESTADIC_BILHETE_UNICO,total,Bilhete único para uso de transporte público,prop_0_100,governo_estadual,0.0,2024
RR,2,Qualidade dos Serviços Digitais,estadic/ESTADIC_FREQ_REDES,estadic,ESTADIC_FREQ_REDES,total,Frequência de atualização do conteúdo nas redes sociais,prop_0_100,governo_estadual,100.0,2024
RR,2,Qualidade dos Serviços Digitais,estadic/ESTADIC_MODELO_ACESS,estadic,ESTADIC_MODELO_ACESS,total,Modelo de acessibilidade adotado,prop_0_100,governo_estadual,50.0,2024
RR,2,Qualidade dos Serviços Digitais,estadic/ESTADIC_REDES_SOCIAIS,estadic,ESTADIC_REDES_SOCIAIS,total,Plataformas de rede social do governo estadual,prop_0_100,governo_estadual,66.67,2024
RR,2,Qualidade dos Serviços Digitais,estadic/ESTADIC_SERV_CELULAR,estadic,ESTADIC_SERV_CELULAR,total,Serviços disponibilizados por celular/smartphone,prop_0_100,governo_estadual,71.43,2024
RR,2,Qualidade dos Serviços Digitais,estadic/ESTADIC_SERV_INFORMATIVOS,estadic,ESTADIC_SERV_INFORMATIVOS,total,Serviços informativos disponibilizados na página da internet,prop_0_100,governo_estadual,87.5,2024
RR,2,Qualidade dos Serviços Digitais,estadic/ESTADIC_SERV_TRANSACIONAIS,estadic,ESTADIC_SERV_TRANSACIONAIS,total,Serviços transacionais disponibilizados na página da internet,prop_0_100,governo_estadual,53.85,2024
RR,3,Identificação Única,iospd/IOSPD_I09,iospd,IOSPD_I09,total,Assinatura eletrônica Gov.br (IOSPD I.9),indice_0_10,uf,33.3,2025
RR,3,Identificação Única,iospd/IOSPD_V07,iospd,IOSPD_V07,total,Emissão da CIN — Carteira de Identidade Nacional (IOSPD V.7),indice_0_10,uf,100.0,2025
RR,4,Segurança e LGPD,iospd/IOSPD_III07,iospd,IOSPD_III07,total,Consentimento LGPD no portal (IOSPD III.7),indice_0_10,uf,0.0,2025
RR,4,Segurança e LGPD,estadic/ESTADIC_LGPD_CANAL_TITULAR,estadic,ESTADIC_LGPD_CANAL_TITULAR,total,Canal internet para titulares de dados (LGPD),prop_0_100,governo_estadual,100.0,2024
RR,4,Segurança e LGPD,estadic/ESTADIC_LGPD_CAPACIT,estadic,ESTADIC_LGPD_CAPACIT,total,Cursos segurança da informação e proteção de dados para servidores,prop_0_100,governo_estadual,100.0,2024
RR,4,Segurança e LGPD,estadic/ESTADIC_LGPD_REGULAMENT,estadic,ESTADIC_LGPD_REGULAMENT,total,Regulamentação estadual específica sobre LGPD,prop_0_100,governo_estadual,0.0,2024
RR,4,Segurança e LGPD,estadic/ESTADIC_LGPD_RESP,estadic,ESTADIC_LGPD_RESP,total,Responsável LGPD designado,prop_0_100,governo_estadual,0.0,2024
RR,5,Dados e Interoperabilidade,iospd/IOSPD_I05,iospd,IOSPD_I05,total,Governança de dados (IOSPD I.5),indice_0_10,uf,0.0,2025
RR,5,Dados e Interoperabilidade,estadic/ESTADIC_FORMATO_DADOS,estadic,ESTADIC_FORMATO_DADOS,total,Formato de publicação dos dados da administração estadual,prop_0_100,governo_estadual,25.0,2024
RR,6,Infraestrutura,estadic/ESTADIC_INCLUSAO_PROGRAMA,estadic,ESTADIC_INCLUSAO_PROGRAMA,total,Desenvolve programa ou ação de inclusão digital,prop_0_100,governo_estadual,100.0,2024
RR,6,Infraestrutura,estadic/ESTADIC_WIFI_EXISTE,estadic,ESTADIC_WIFI_EXISTE,total,Disponibiliza acesso por conexão Wi-Fi pública,prop_0_100,governo_estadual,0.0,2024
RR,7,Inovação e Tecnologias Emergentes,iospd/IOSPD_III06,iospd,IOSPD_III06,total,Laboratório de Inovação em Governo (IOSPD III.6),indice_0_10,uf,0.0,2025
RR,7,Inovação e Tecnologias Emergentes,iospd/IOSPD_V02,iospd,IOSPD_V02,total,Uso de IA/ciência de dados em serviço público (IOSPD V.2),indice_0_10,uf,0.0,2025
RR,7,Inovação e Tecnologias Emergentes,estadic/ESTADIC_CAPACIT_EMPREEND,estadic,ESTADIC_CAPACIT_EMPREEND,total,Capacitação para empreendedorismo digital,prop_0_100,governo_estadual,100.0,2024
RR,7,Inovação e Tecnologias Emergentes,estadic/ESTADIC_ESPACO_INOVACAO,estadic,ESTADIC_ESPACO_INOVACAO,total,"Espaços de inovação, coworking ou espaços compartilhados",prop_0_100,governo_estadual,100.0,2024
RR,7,Inovação e Tecnologias Emergentes,estadic/ESTADIC_PREMIO_INOVACAO,estadic,ESTADIC_PREMIO_INOVACAO,total,Prêmio ou edital para empresas inovadoras e projetos criativos,prop_0_100,governo_estadual,100.0,2024
RR,8,Eficiência e Processos,iospd/IOSPD_III02,iospd,IOSPD_III02,total,Grupos de desburocratização regulamentados (IOSPD III.2),indice_0_10,uf,0.0,2025
RR,9,Transparência e Participação,iospd/IOSPD_I11,iospd,IOSPD_I11,total,Cartas de Serviços na Base Nacional (IOSPD I.11),indice_0_10,uf,0.0,2025
RR,9,Transparência e Participação,estadic/ESTADIC_CONSELHO_TRANSP,estadic,ESTADIC_CONSELHO_TRANSP,total,Conselho Estadual de Transparência ou similar,prop_0_100,governo_estadual,0.0,2024
RR,9,Transparência e Participação,estadic/ESTADIC_CTRL_INT_ONLINE,estadic,ESTADIC_CTRL_INT_ONLINE,total,Informações do controle interno publicadas na internet,prop_0_100,governo_estadual,62.5,2024
RR,9,Transparência e Participação,estadic/ESTADIC_LAI_CONTEUDO,estadic,ESTADIC_LAI_CONTEUDO,total,Conteúdo da legislação estadual de acesso à informação (LAI),prop_0_100,governo_estadual,100.0,2024
RR,9,Transparência e Participação,estadic/ESTADIC_LAI_MEIOS,estadic,ESTADIC_LAI_MEIOS,total,Meios de solicitação de acesso à informação pública,prop_0_100,governo_estadual,50.0,2024
RR,9,Transparência e Participação,estadic/ESTADIC_ORCAM_TEMPO_REAL,estadic,ESTADIC_ORCAM_TEMPO_REAL,total,Disponibiliza informações orçamentárias/financeiras em tempo real,prop_0_100,governo_estadual,100.0,2024
RR,9,Transparência e Participação,estadic/ESTADIC_PARTICIP_INTERNET,estadic,ESTADIC_PARTICIP_INTERNET,total,Formas de participação do cidadão pela internet,prop_0_100,governo_estadual,40.0,2024
RR,9,Transparência e Participação,estadic/ESTADIC_PORTAL_TRANSP,estadic,ESTADIC_PORTAL_TRANSP,total,Portal da transparência e portal de dados abertos,prop_0_100,governo_estadual,66.67,2024
RR,9,Transparência e Participação,estadic/ESTADIC_TRANSP_CONTEUDO,estadic,ESTADIC_TRANSP_CONTEUDO,total,Conteúdo da página internet / portal da transparência,prop_0_100,governo_estadual,72.73,2024
PA,1,Governança do Governo Digital,iospd/IOSPD_I10,iospd,IOSPD_I10,total,Estratégia de governo digital (IOSPD I.10),indice_0_10,uf,33.3,2025
PA,2,Qualidade dos Serviços Digitais,iospd/IOSPD_I01,iospd,IOSPD_I01,total,Portal único ou de serviços (IOSPD I.1),indice_0_10,uf,50.0,2025
PA,2,Qualidade dos Serviços Digitais,iospd/IOSPD_I03,iospd,IOSPD_I03,total,Agendamento digital unificado (IOSPD I.3),indice_0_10,uf,0.0,2025
PA,2,Qualidade dos Serviços Digitais,iospd/IOSPD_I04,iospd,IOSPD_I04,total,Avaliação de satisfação dos usuários (IOSPD I.4),indice_0_10,uf,100.0,2025
PA,2,Qualidade dos Serviços Digitais,iospd/IOSPD_I06,iospd,IOSPD_I06,total,Gestão de cadastro e perfil do cidadão (IOSPD I.6),indice_0_10,uf,100.0,2025
PA,2,Qualidade dos Serviços Digitais,iospd/IOSPD_I07,iospd,IOSPD_I07,total,Ouvidoria integrada ao portal (IOSPD I.7),indice_0_10,uf,0.0,2025
PA,2,Qualidade dos Serviços Digitais,iospd/IOSPD_I08,iospd,IOSPD_I08,total,Simplificação de serviços online (IOSPD I.8),indice_0_10,uf,0.0,2025
PA,2,Qualidade dos Serviços Digitais,iospd/IOSPD_I12,iospd,IOSPD_I12,total,Ferramenta digital integrada de atendimento (IOSPD I.12),indice_0_10,uf,0.0,2025
PA,2,Qualidade dos Serviços Digitais,iospd/IOSPD_II01,iospd,IOSPD_II01,total,Rematrícula online escolas estaduais (IOSPD II.1),indice_0_10,uf,0.0,2025
PA,2,Qualidade dos Serviços Digitais,iospd/IOSPD_II02,iospd,IOSPD_II02,total,Solicitação de medicamento de alto custo digital (IOSPD II.2),indice_0_10,uf,0.0,2025
PA,2,Qualidade dos Serviços Digitais,iospd/IOSPD_II03,iospd,IOSPD_II03,total,Tele-atendimento saúde por videoconferência (IOSPD II.3),indice_0_10,uf,0.0,2025
PA,2,Qualidade dos Serviços Digitais,iospd/IOSPD_II04,iospd,IOSPD_II04,total,Prova de vida online (IOSPD II.4),indice_0_10,uf,0.0,2025
PA,2,Qualidade dos Serviços Digitais,iospd/IOSPD_II05,iospd,IOSPD_II05,total,Recurso/defesa online infrações de trânsito (IOSPD II.5),indice_0_10,uf,100.0,2025
PA,2,Qualidade dos Serviços Digitais,iospd/IOSPD_II06,iospd,IOSPD_II06,total,Registro digital reclamação CDC (IOSPD II.6),indice_0_10,uf,0.0,2025
PA,2,Qualidade dos Serviços Digitais,iospd/IOSPD_II07,iospd,IOSPD_II07,total,Solicitação online 2ª via RG (IOSPD II.7),indice_0_10,uf,100.0,2025
PA,2,Qualidade dos Serviços Digitais,iospd/IOSPD_II08,iospd,IOSPD_II08,total,Boletim de ocorrência online violência doméstica (IOSPD II.8),indice_0_10,uf,100.0,2025
PA,2,Qualidade dos Serviços Digitais,iospd/IOSPD_II09,iospd,IOSPD_II09,total,Consulta online medicamentos disponíveis (IOSPD II.9),indice_0_10,uf,100.0,2025
PA,2,Qualidade dos Serviços Digitais,iospd/IOSPD_II10,iospd,IOSPD_II10,total,Emissão/envio de receita médica online (IOSPD II.10),indice_0_10,uf,0.0,2025
PA,2,Qualidade dos Serviços Digitais,iospd/IOSPD_II11,iospd,IOSPD_II11,total,Emissão online diplomas ensino médio (IOSPD II.11),indice_0_10,uf,0.0,2025
PA,2,Qualidade dos Serviços Digitais,iospd/IOSPD_II12,iospd,IOSPD_II12,total,Transferência online entre escolas estaduais (IOSPD II.12),indice_0_10,uf,100.0,2025
PA,2,Qualidade dos Serviços Digitais,iospd/IOSPD_III01a,iospd,IOSPD_III01a,total,Carta de Serviços normatizada (IOSPD III.1a),indice_0_10,uf,100.0,2025
PA,2,Qualidade dos Serviços Digitais,iospd/IOSPD_III01b,iospd,IOSPD_III01b,total,Ouvidorias Públicas normatizadas (IOSPD III.1b),indice_0_10,uf,100.0,2025
PA,2,Qualidade dos Serviços Digitais,iospd/IOSPD_III01c,iospd,IOSPD_III01c,total,Conselho de Usuários normatizado (IOSPD III.1c),indice_0_10,uf,0.0,2025
PA,2,Qualidade dos Serviços Digitais,iospd/IOSPD_III01d,iospd,IOSPD_III01d,total,Avaliação de Serviços Públicos normatizada (IOSPD III.1d),indice_0_10,uf,0.0,2025
PA,2,Qualidade dos Serviços Digitais,iospd/IOSPD_IV01,iospd,IOSPD_IV01,total,Tempos verbais 2ª/3ª pessoa (IOSPD IV.1),indice_0_10,uf,100.0,2025
PA,2,Qualidade dos Serviços Digitais,iospd/IOSPD_IV02,iospd,IOSPD_IV02,total,Frases curtas com ação única (IOSPD IV.2),indice_0_10,uf,40.0,2025
PA,2,Qualidade dos Serviços Digitais,iospd/IOSPD_IV03,iospd,IOSPD_IV03,total,Título objetivo e curto (IOSPD IV.3),indice_0_10,uf,40.0,2025
PA,2,Qualidade dos Serviços Digitais,iospd/IOSPD_IV04,iospd,IOSPD_IV04,total,Parágrafos curtos (IOSPD IV.4),indice_0_10,uf,60.0,2025
PA,2,Qualidade dos Serviços Digitais,iospd/IOSPD_IV05,iospd,IOSPD_IV05,total,Uso do tempo presente (IOSPD IV.5),indice_0_10,uf,100.0,2025
PA,2,Qualidade dos Serviços Digitais,iospd/IOSPD_IV06,iospd,IOSPD_IV06,total,Uso de caracteres especiais (IOSPD IV.6),indice_0_10,uf,100.0,2025
PA,2,Qualidade dos Serviços Digitais,iospd/IOSPD_IV07,iospd,IOSPD_IV07,total,Vocabulário de fácil entendimento (IOSPD IV.7),indice_0_10,uf,60.0,2025
PA,2,Qualidade dos Serviços Digitais,iospd/IOSPD_IV08,iospd,IOSPD_IV08,total,Aplicação da técnica de Linguagem Simples (IOSPD IV.8),indice_0_10,uf,0.0,2025
PA,2,Qualidade dos Serviços Digitais,iospd/IOSPD_IV09,iospd,IOSPD_IV09,total,Mecanismo de melhoria na apresentação (IOSPD IV.9),indice_0_10,uf,100.0,2025
PA,2,Qualidade dos Serviços Digitais,iospd/IOSPD_V01,iospd,IOSPD_V01,total,Aplicativo móvel para portal de serviços (IOSPD V.1),indice_0_10,uf,0.0,2025
PA,2,Qualidade dos Serviços Digitais,iospd/IOSPD_V03,iospd,IOSPD_V03,total,Pagamento por PIX/cartão digital (IOSPD V.3),indice_0_10,uf,0.0,2025
PA,2,Qualidade dos Serviços Digitais,iospd/IOSPD_V04,iospd,IOSPD_V04,total,Ambiente autenticado e personalizado de serviços (IOSPD V.4),indice_0_10,uf,0.0,2025
PA,2,Qualidade dos Serviços Digitais,iospd/IOSPD_V05,iospd,IOSPD_V05,total,Licenciamento de veículo com pagamento eletrônico (IOSPD V.5),indice_0_10,uf,100.0,2025
PA,2,Qualidade dos Serviços Digitais,iospd/IOSPD_V06,iospd,IOSPD_V06,total,Certidão Negativa Estadual online (IOSPD V.6),indice_0_10,uf,100.0,2025
PA,2,Qualidade dos Serviços Digitais,iospd/IOSPD_V08,iospd,IOSPD_V08,total,Transferência digital de veículos (IOSPD V.8),indice_0_10,uf,0.0,2025
PA,2,Qualidade dos Serviços Digitais,iospd/IOSPD_V09,iospd,IOSPD_V09,total,Acessibilidade da plataforma digital (IOSPD V.9),indice_0_10,uf,66.7,2025
PA,2,Qualidade dos Serviços Digitais,estadic/ESTADIC_ACESSIBILIDADE,estadic,ESTADIC_ACESSIBILIDADE,total,Acessibilidade da página e serviços eletrônicos,prop_0_100,governo_estadual,11.11,2024
PA,2,Qualidade dos Serviços Digitais,estadic/ESTADIC_ATEND_DISTANCIA,estadic,ESTADIC_ATEND_DISTANCIA,total,Formas de atendimento a distância ao cidadão,prop_0_100,governo_estadual,25.0,2024
PA,2,Qualidade dos Serviços Digitais,estadic/ESTADIC_ATIV_REDES,estadic,ESTADIC_ATIV_REDES,total,Atividades do governo nas redes sociais nos últimos 12 meses,prop_0_100,governo_estadual,50.0,2024
PA,2,Qualidade dos Serviços Digitais,estadic/ESTADIC_BILHETE_UNICO,estadic,ESTADIC_BILHETE_UNICO,total,Bilhete único para uso de transporte público,prop_0_100,governo_estadual,0.0,2024
PA,2,Qualidade dos Serviços Digitais,estadic/ESTADIC_FREQ_REDES,estadic,ESTADIC_FREQ_REDES,total,Frequência de atualização do conteúdo nas redes sociais,prop_0_100,governo_estadual,100.0,2024
PA,2,Qualidade dos Serviços Digitais,estadic/ESTADIC_MODELO_ACESS,estadic,ESTADIC_MODELO_ACESS,total,Modelo de acessibilidade adotado,prop_0_100,governo_estadual,100.0,2024
PA,2,Qualidade dos Serviços Digitais,estadic/ESTADIC_REDES_SOCIAIS,estadic,ESTADIC_REDES_SOCIAIS,total,Plataformas de rede social do governo estadual,prop_0_100,governo_estadual,44.44,2024
PA,2,Qualidade dos Serviços Digitais,estadic/ESTADIC_SERV_CELULAR,estadic,ESTADIC_SERV_CELULAR,total,Serviços disponibilizados por celular/smartphone,prop_0_100,governo_estadual,14.29,2024
PA,2,Qualidade dos Serviços Digitais,estadic/ESTADIC_SERV_INFORMATIVOS,estadic,ESTADIC_SERV_INFORMATIVOS,total,Serviços informativos disponibilizados na página da internet,prop_0_100,governo_estadual,75.0,2024
PA,2,Qualidade dos Serviços Digitais,estadic/ESTADIC_SERV_TRANSACIONAIS,estadic,ESTADIC_SERV_TRANSACIONAIS,total,Serviços transacionais disponibilizados na página da internet,prop_0_100,governo_estadual,84.62,2024
PA,3,Identificação Única,iospd/IOSPD_I09,iospd,IOSPD_I09,total,Assinatura eletrônica Gov.br (IOSPD I.9),indice_0_10,uf,100.0,2025
PA,3,Identificação Única,iospd/IOSPD_V07,iospd,IOSPD_V07,total,Emissão da CIN — Carteira de Identidade Nacional (IOSPD V.7),indice_0_10,uf,0.0,2025
PA,4,Segurança e LGPD,iospd/IOSPD_III07,iospd,IOSPD_III07,total,Consentimento LGPD no portal (IOSPD III.7),indice_0_10,uf,100.0,2025
PA,4,Segurança e LGPD,estadic/ESTADIC_LGPD_CANAL_TITULAR,estadic,ESTADIC_LGPD_CANAL_TITULAR,total,Canal internet para titulares de dados (LGPD),prop_0_100,governo_estadual,100.0,2024
PA,4,Segurança e LGPD,estadic/ESTADIC_LGPD_CAPACIT,estadic,ESTADIC_LGPD_CAPACIT,total,Cursos segurança da informação e proteção de dados para servidores,prop_0_100,governo_estadual,100.0,2024
PA,4,Segurança e LGPD,estadic/ESTADIC_LGPD_REGULAMENT,estadic,ESTADIC_LGPD_REGULAMENT,total,Regulamentação estadual específica sobre LGPD,prop_0_100,governo_estadual,100.0,2024
PA,4,Segurança e LGPD,estadic/ESTADIC_LGPD_RESP,estadic,ESTADIC_LGPD_RESP,total,Responsável LGPD designado,prop_0_100,governo_estadual,100.0,2024
PA,5,Dados e Interoperabilidade,iospd/IOSPD_I05,iospd,IOSPD_I05,total,Governança de dados (IOSPD I.5),indice_0_10,uf,0.0,2025
PA,5,Dados e Interoperabilidade,estadic/ESTADIC_FORMATO_DADOS,estadic,ESTADIC_FORMATO_DADOS,total,Formato de publicação dos dados da administração estadual,prop_0_100,governo_estadual,50.0,2024
PA,6,Infraestrutura,estadic/ESTADIC_INCLUSAO_PROGRAMA,estadic,ESTADIC_INCLUSAO_PROGRAMA,total,Desenvolve programa ou ação de inclusão digital,prop_0_100,governo_estadual,100.0,2024
PA,6,Infraestrutura,estadic/ESTADIC_WIFI_EXISTE,estadic,ESTADIC_WIFI_EXISTE,total,Disponibiliza acesso por conexão Wi-Fi pública,prop_0_100,governo_estadual,100.0,2024
PA,7,Inovação e Tecnologias Emergentes,iospd/IOSPD_III06,iospd,IOSPD_III06,total,Laboratório de Inovação em Governo (IOSPD III.6),indice_0_10,uf,0.0,2025
PA,7,Inovação e Tecnologias Emergentes,iospd/IOSPD_V02,iospd,IOSPD_V02,total,Uso de IA/ciência de dados em serviço público (IOSPD V.2),indice_0_10,uf,0.0,2025
PA,7,Inovação e Tecnologias Emergentes,estadic/ESTADIC_CAPACIT_EMPREEND,estadic,ESTADIC_CAPACIT_EMPREEND,total,Capacitação para empreendedorismo digital,prop_0_100,governo_estadual,100.0,2024
PA,7,Inovação e Tecnologias Emergentes,estadic/ESTADIC_ESPACO_INOVACAO,estadic,ESTADIC_ESPACO_INOVACAO,total,"Espaços de inovação, coworking ou espaços compartilhados",prop_0_100,governo_estadual,0.0,2024
PA,7,Inovação e Tecnologias Emergentes,estadic/ESTADIC_PREMIO_INOVACAO,estadic,ESTADIC_PREMIO_INOVACAO,total,Prêmio ou edital para empresas inovadoras e projetos criativos,prop_0_100,governo_estadual,0.0,2024
PA,8,Eficiência e Processos,iospd/IOSPD_III02,iospd,IOSPD_III02,total,Grupos de desburocratização regulamentados (IOSPD III.2),indice_0_10,uf,100.0,2025
PA,9,Transparência e Participação,iospd/IOSPD_I11,iospd,IOSPD_I11,total,Cartas de Serviços na Base Nacional (IOSPD I.11),indice_0_10,uf,0.0,2025
PA,9,Transparência e Participação,estadic/ESTADIC_CONSELHO_TRANSP,estadic,ESTADIC_CONSELHO_TRANSP,total,Conselho Estadual de Transparência ou similar,prop_0_100,governo_estadual,100.0,2024
PA,9,Transparência e Participação,estadic/ESTADIC_CTRL_INT_ONLINE,estadic,ESTADIC_CTRL_INT_ONLINE,total,Informações do controle interno publicadas na internet,prop_0_100,governo_estadual,50.0,2024
PA,9,Transparência e Participação,estadic/ESTADIC_LAI_CONTEUDO,estadic,ESTADIC_LAI_CONTEUDO,total,Conteúdo da legislação estadual de acesso à informação (LAI),prop_0_100,governo_estadual,62.5,2024
PA,9,Transparência e Participação,estadic/ESTADIC_LAI_MEIOS,estadic,ESTADIC_LAI_MEIOS,total,Meios de solicitação de acesso à informação pública,prop_0_100,governo_estadual,33.33,2024
PA,9,Transparência e Participação,estadic/ESTADIC_ORCAM_TEMPO_REAL,estadic,ESTADIC_ORCAM_TEMPO_REAL,total,Disponibiliza informações orçamentárias/financeiras em tempo real,prop_0_100,governo_estadual,100.0,2024
PA,9,Transparência e Participação,estadic/ESTADIC_PARTICIP_INTERNET,estadic,ESTADIC_PARTICIP_INTERNET,total,Formas de participação do cidadão pela internet,prop_0_100,governo_estadual,20.0,2024
PA,9,Transparência e Participação,estadic/ESTADIC_PORTAL_TRANSP,estadic,ESTADIC_PORTAL_TRANSP,total,Portal da transparência e portal de dados abertos,prop_0_100,governo_estadual,33.33,2024
PA,9,Transparência e Participação,estadic/ESTADIC_TRANSP_CONTEUDO,estadic,ESTADIC_TRANSP_CONTEUDO,total,Conteúdo da página internet / portal da transparência,prop_0_100,governo_estadual,63.64,2024
AP,1,Governança do Governo Digital,iospd/IOSPD_I10,iospd,IOSPD_I10,total,Estratégia de governo digital (IOSPD I.10),indice_0_10,uf,33.3,2025
AP,2,Qualidade dos Serviços Digitais,iospd/IOSPD_I01,iospd,IOSPD_I01,total,Portal único ou de serviços (IOSPD I.1),indice_0_10,uf,50.0,2025
AP,2,Qualidade dos Serviços Digitais,iospd/IOSPD_I03,iospd,IOSPD_I03,total,Agendamento digital unificado (IOSPD I.3),indice_0_10,uf,100.0,2025
AP,2,Qualidade dos Serviços Digitais,iospd/IOSPD_I04,iospd,IOSPD_I04,total,Avaliação de satisfação dos usuários (IOSPD I.4),indice_0_10,uf,100.0,2025
AP,2,Qualidade dos Serviços Digitais,iospd/IOSPD_I06,iospd,IOSPD_I06,total,Gestão de cadastro e perfil do cidadão (IOSPD I.6),indice_0_10,uf,100.0,2025
AP,2,Qualidade dos Serviços Digitais,iospd/IOSPD_I07,iospd,IOSPD_I07,total,Ouvidoria integrada ao portal (IOSPD I.7),indice_0_10,uf,100.0,2025
AP,2,Qualidade dos Serviços Digitais,iospd/IOSPD_I08,iospd,IOSPD_I08,total,Simplificação de serviços online (IOSPD I.8),indice_0_10,uf,0.0,2025
AP,2,Qualidade dos Serviços Digitais,iospd/IOSPD_I12,iospd,IOSPD_I12,total,Ferramenta digital integrada de atendimento (IOSPD I.12),indice_0_10,uf,75.0,2025
AP,2,Qualidade dos Serviços Digitais,iospd/IOSPD_II01,iospd,IOSPD_II01,total,Rematrícula online escolas estaduais (IOSPD II.1),indice_0_10,uf,0.0,2025
AP,2,Qualidade dos Serviços Digitais,iospd/IOSPD_II02,iospd,IOSPD_II02,total,Solicitação de medicamento de alto custo digital (IOSPD II.2),indice_0_10,uf,0.0,2025
AP,2,Qualidade dos Serviços Digitais,iospd/IOSPD_II03,iospd,IOSPD_II03,total,Tele-atendimento saúde por videoconferência (IOSPD II.3),indice_0_10,uf,0.0,2025
AP,2,Qualidade dos Serviços Digitais,iospd/IOSPD_II04,iospd,IOSPD_II04,total,Prova de vida online (IOSPD II.4),indice_0_10,uf,0.0,2025
AP,2,Qualidade dos Serviços Digitais,iospd/IOSPD_II05,iospd,IOSPD_II05,total,Recurso/defesa online infrações de trânsito (IOSPD II.5),indice_0_10,uf,0.0,2025
AP,2,Qualidade dos Serviços Digitais,iospd/IOSPD_II06,iospd,IOSPD_II06,total,Registro digital reclamação CDC (IOSPD II.6),indice_0_10,uf,100.0,2025
AP,2,Qualidade dos Serviços Digitais,iospd/IOSPD_II07,iospd,IOSPD_II07,total,Solicitação online 2ª via RG (IOSPD II.7),indice_0_10,uf,100.0,2025
AP,2,Qualidade dos Serviços Digitais,iospd/IOSPD_II08,iospd,IOSPD_II08,total,Boletim de ocorrência online violência doméstica (IOSPD II.8),indice_0_10,uf,0.0,2025
AP,2,Qualidade dos Serviços Digitais,iospd/IOSPD_II09,iospd,IOSPD_II09,total,Consulta online medicamentos disponíveis (IOSPD II.9),indice_0_10,uf,0.0,2025
AP,2,Qualidade dos Serviços Digitais,iospd/IOSPD_II10,iospd,IOSPD_II10,total,Emissão/envio de receita médica online (IOSPD II.10),indice_0_10,uf,0.0,2025
AP,2,Qualidade dos Serviços Digitais,iospd/IOSPD_II11,iospd,IOSPD_II11,total,Emissão online diplomas ensino médio (IOSPD II.11),indice_0_10,uf,0.0,2025
AP,2,Qualidade dos Serviços Digitais,iospd/IOSPD_II12,iospd,IOSPD_II12,total,Transferência online entre escolas estaduais (IOSPD II.12),indice_0_10,uf,0.0,2025
AP,2,Qualidade dos Serviços Digitais,iospd/IOSPD_III01a,iospd,IOSPD_III01a,total,Carta de Serviços normatizada (IOSPD III.1a),indice_0_10,uf,100.0,2025
AP,2,Qualidade dos Serviços Digitais,iospd/IOSPD_III01b,iospd,IOSPD_III01b,total,Ouvidorias Públicas normatizadas (IOSPD III.1b),indice_0_10,uf,100.0,2025
AP,2,Qualidade dos Serviços Digitais,iospd/IOSPD_III01c,iospd,IOSPD_III01c,total,Conselho de Usuários normatizado (IOSPD III.1c),indice_0_10,uf,100.0,2025
AP,2,Qualidade dos Serviços Digitais,iospd/IOSPD_III01d,iospd,IOSPD_III01d,total,Avaliação de Serviços Públicos normatizada (IOSPD III.1d),indice_0_10,uf,100.0,2025
AP,2,Qualidade dos Serviços Digitais,iospd/IOSPD_IV01,iospd,IOSPD_IV01,total,Tempos verbais 2ª/3ª pessoa (IOSPD IV.1),indice_0_10,uf,100.0,2025
AP,2,Qualidade dos Serviços Digitais,iospd/IOSPD_IV02,iospd,IOSPD_IV02,total,Frases curtas com ação única (IOSPD IV.2),indice_0_10,uf,100.0,2025
AP,2,Qualidade dos Serviços Digitais,iospd/IOSPD_IV03,iospd,IOSPD_IV03,total,Título objetivo e curto (IOSPD IV.3),indice_0_10,uf,100.0,2025
AP,2,Qualidade dos Serviços Digitais,iospd/IOSPD_IV04,iospd,IOSPD_IV04,total,Parágrafos curtos (IOSPD IV.4),indice_0_10,uf,100.0,2025
AP,2,Qualidade dos Serviços Digitais,iospd/IOSPD_IV05,iospd,IOSPD_IV05,total,Uso do tempo presente (IOSPD IV.5),indice_0_10,uf,100.0,2025
AP,2,Qualidade dos Serviços Digitais,iospd/IOSPD_IV06,iospd,IOSPD_IV06,total,Uso de caracteres especiais (IOSPD IV.6),indice_0_10,uf,20.0,2025
AP,2,Qualidade dos Serviços Digitais,iospd/IOSPD_IV07,iospd,IOSPD_IV07,total,Vocabulário de fácil entendimento (IOSPD IV.7),indice_0_10,uf,60.0,2025
AP,2,Qualidade dos Serviços Digitais,iospd/IOSPD_IV08,iospd,IOSPD_IV08,total,Aplicação da técnica de Linguagem Simples (IOSPD IV.8),indice_0_10,uf,0.0,2025
AP,2,Qualidade dos Serviços Digitais,iospd/IOSPD_IV09,iospd,IOSPD_IV09,total,Mecanismo de melhoria na apresentação (IOSPD IV.9),indice_0_10,uf,100.0,2025
AP,2,Qualidade dos Serviços Digitais,iospd/IOSPD_V01,iospd,IOSPD_V01,total,Aplicativo móvel para portal de serviços (IOSPD V.1),indice_0_10,uf,100.0,2025
AP,2,Qualidade dos Serviços Digitais,iospd/IOSPD_V03,iospd,IOSPD_V03,total,Pagamento por PIX/cartão digital (IOSPD V.3),indice_0_10,uf,66.7,2025
AP,2,Qualidade dos Serviços Digitais,iospd/IOSPD_V04,iospd,IOSPD_V04,total,Ambiente autenticado e personalizado de serviços (IOSPD V.4),indice_0_10,uf,100.0,2025
AP,2,Qualidade dos Serviços Digitais,iospd/IOSPD_V05,iospd,IOSPD_V05,total,Licenciamento de veículo com pagamento eletrônico (IOSPD V.5),indice_0_10,uf,0.0,2025
AP,2,Qualidade dos Serviços Digitais,iospd/IOSPD_V06,iospd,IOSPD_V06,total,Certidão Negativa Estadual online (IOSPD V.6),indice_0_10,uf,0.0,2025
AP,2,Qualidade dos Serviços Digitais,iospd/IOSPD_V08,iospd,IOSPD_V08,total,Transferência digital de veículos (IOSPD V.8),indice_0_10,uf,0.0,2025
AP,2,Qualidade dos Serviços Digitais,iospd/IOSPD_V09,iospd,IOSPD_V09,total,Acessibilidade da plataforma digital (IOSPD V.9),indice_0_10,uf,100.0,2025
AP,2,Qualidade dos Serviços Digitais,estadic/ESTADIC_ACESSIBILIDADE,estadic,ESTADIC_ACESSIBILIDADE,total,Acessibilidade da página e serviços eletrônicos,prop_0_100,governo_estadual,66.67,2024
AP,2,Qualidade dos Serviços Digitais,estadic/ESTADIC_ATEND_DISTANCIA,estadic,ESTADIC_ATEND_DISTANCIA,total,Formas de atendimento a distância ao cidadão,prop_0_100,governo_estadual,62.5,2024
AP,2,Qualidade dos Serviços Digitais,estadic/ESTADIC_ATIV_REDES,estadic,ESTADIC_ATIV_REDES,total,Atividades do governo nas redes sociais nos últimos 12 meses,prop_0_100,governo_estadual,66.67,2024
AP,2,Qualidade dos Serviços Digitais,estadic/ESTADIC_BILHETE_UNICO,estadic,ESTADIC_BILHETE_UNICO,total,Bilhete único para uso de transporte público,prop_0_100,governo_estadual,100.0,2024
AP,2,Qualidade dos Serviços Digitais,estadic/ESTADIC_FREQ_REDES,estadic,ESTADIC_FREQ_REDES,total,Frequência de atualização do conteúdo nas redes sociais,prop_0_100,governo_estadual,100.0,2024
AP,2,Qualidade dos Serviços Digitais,estadic/ESTADIC_MODELO_ACESS,estadic,ESTADIC_MODELO_ACESS,total,Modelo de acessibilidade adotado,prop_0_100,governo_estadual,100.0,2024
AP,2,Qualidade dos Serviços Digitais,estadic/ESTADIC_REDES_SOCIAIS,estadic,ESTADIC_REDES_SOCIAIS,total,Plataformas de rede social do governo estadual,prop_0_100,governo_estadual,66.67,2024
AP,2,Qualidade dos Serviços Digitais,estadic/ESTADIC_SERV_CELULAR,estadic,ESTADIC_SERV_CELULAR,total,Serviços disponibilizados por celular/smartphone,prop_0_100,governo_estadual,14.29,2024
AP,2,Qualidade dos Serviços Digitais,estadic/ESTADIC_SERV_INFORMATIVOS,estadic,ESTADIC_SERV_INFORMATIVOS,total,Serviços informativos disponibilizados na página da internet,prop_0_100,governo_estadual,87.5,2024
AP,2,Qualidade dos Serviços Digitais,estadic/ESTADIC_SERV_TRANSACIONAIS,estadic,ESTADIC_SERV_TRANSACIONAIS,total,Serviços transacionais disponibilizados na página da internet,prop_0_100,governo_estadual,92.31,2024
AP,3,Identificação Única,iospd/IOSPD_I09,iospd,IOSPD_I09,total,Assinatura eletrônica Gov.br (IOSPD I.9),indice_0_10,uf,100.0,2025
AP,3,Identificação Única,iospd/IOSPD_V07,iospd,IOSPD_V07,total,Emissão da CIN — Carteira de Identidade Nacional (IOSPD V.7),indice_0_10,uf,100.0,2025
AP,4,Segurança e LGPD,iospd/IOSPD_III07,iospd,IOSPD_III07,total,Consentimento LGPD no portal (IOSPD III.7),indice_0_10,uf,100.0,2025
AP,4,Segurança e LGPD,estadic/ESTADIC_LGPD_CANAL_TITULAR,estadic,ESTADIC_LGPD_CANAL_TITULAR,total,Canal internet para titulares de dados (LGPD),prop_0_100,governo_estadual,100.0,2024
AP,4,Segurança e LGPD,estadic/ESTADIC_LGPD_CAPACIT,estadic,ESTADIC_LGPD_CAPACIT,total,Cursos segurança da informação e proteção de dados para servidores,prop_0_100,governo_estadual,100.0,2024
AP,4,Segurança e LGPD,estadic/ESTADIC_LGPD_REGULAMENT,estadic,ESTADIC_LGPD_REGULAMENT,total,Regulamentação estadual específica sobre LGPD,prop_0_100,governo_estadual,0.0,2024
AP,4,Segurança e LGPD,estadic/ESTADIC_LGPD_RESP,estadic,ESTADIC_LGPD_RESP,total,Responsável LGPD designado,prop_0_100,governo_estadual,100.0,2024
AP,5,Dados e Interoperabilidade,iospd/IOSPD_I05,iospd,IOSPD_I05,total,Governança de dados (IOSPD I.5),indice_0_10,uf,0.0,2025
AP,5,Dados e Interoperabilidade,estadic/ESTADIC_FORMATO_DADOS,estadic,ESTADIC_FORMATO_DADOS,total,Formato de publicação dos dados da administração estadual,prop_0_100,governo_estadual,25.0,2024
AP,6,Infraestrutura,estadic/ESTADIC_INCLUSAO_PROGRAMA,estadic,ESTADIC_INCLUSAO_PROGRAMA,total,Desenvolve programa ou ação de inclusão digital,prop_0_100,governo_estadual,100.0,2024
AP,6,Infraestrutura,estadic/ESTADIC_WIFI_EXISTE,estadic,ESTADIC_WIFI_EXISTE,total,Disponibiliza acesso por conexão Wi-Fi pública,prop_0_100,governo_estadual,100.0,2024
AP,7,Inovação e Tecnologias Emergentes,iospd/IOSPD_III06,iospd,IOSPD_III06,total,Laboratório de Inovação em Governo (IOSPD III.6),indice_0_10,uf,0.0,2025
AP,7,Inovação e Tecnologias Emergentes,iospd/IOSPD_V02,iospd,IOSPD_V02,total,Uso de IA/ciência de dados em serviço público (IOSPD V.2),indice_0_10,uf,100.0,2025
AP,7,Inovação e Tecnologias Emergentes,estadic/ESTADIC_CAPACIT_EMPREEND,estadic,ESTADIC_CAPACIT_EMPREEND,total,Capacitação para empreendedorismo digital,prop_0_100,governo_estadual,100.0,2024
AP,7,Inovação e Tecnologias Emergentes,estadic/ESTADIC_ESPACO_INOVACAO,estadic,ESTADIC_ESPACO_INOVACAO,total,"Espaços de inovação, coworking ou espaços compartilhados",prop_0_100,governo_estadual,100.0,2024
AP,7,Inovação e Tecnologias Emergentes,estadic/ESTADIC_PREMIO_INOVACAO,estadic,ESTADIC_PREMIO_INOVACAO,total,Prêmio ou edital para empresas inovadoras e projetos criativos,prop_0_100,governo_estadual,100.0,2024
AP,8,Eficiência e Processos,iospd/IOSPD_III02,iospd,IOSPD_III02,total,Grupos de desburocratização regulamentados (IOSPD III.2),indice_0_10,uf,0.0,2025
AP,9,Transparência e Participação,iospd/IOSPD_I11,iospd,IOSPD_I11,total,Cartas de Serviços na Base Nacional (IOSPD I.11),indice_0_10,uf,100.0,2025
AP,9,Transparência e Participação,estadic/ESTADIC_CONSELHO_TRANSP,estadic,ESTADIC_CONSELHO_TRANSP,total,Conselho Estadual de Transparência ou similar,prop_0_100,governo_estadual,100.0,2024
AP,9,Transparência e Participação,estadic/ESTADIC_CTRL_INT_ONLINE,estadic,ESTADIC_CTRL_INT_ONLINE,total,Informações do controle interno publicadas na internet,prop_0_100,governo_estadual,62.5,2024
AP,9,Transparência e Participação,estadic/ESTADIC_LAI_CONTEUDO,estadic,ESTADIC_LAI_CONTEUDO,total,Conteúdo da legislação estadual de acesso à informação (LAI),prop_0_100,governo_estadual,100.0,2024
AP,9,Transparência e Participação,estadic/ESTADIC_LAI_MEIOS,estadic,ESTADIC_LAI_MEIOS,total,Meios de solicitação de acesso à informação pública,prop_0_100,governo_estadual,66.67,2024
AP,9,Transparência e Participação,estadic/ESTADIC_ORCAM_TEMPO_REAL,estadic,ESTADIC_ORCAM_TEMPO_REAL,total,Disponibiliza informações orçamentárias/financeiras em tempo real,prop_0_100,governo_estadual,100.0,2024
AP,9,Transparência e Participação,estadic/ESTADIC_PARTICIP_INTERNET,estadic,ESTADIC_PARTICIP_INTERNET,total,Formas de participação do cidadão pela internet,prop_0_100,governo_estadual,80.0,2024
AP,9,Transparência e Participação,estadic/ESTADIC_PORTAL_TRANSP,estadic,ESTADIC_PORTAL_TRANSP,total,Portal da transparência e portal de dados abertos,prop_0_100,governo_estadual,66.67,2024
AP,9,Transparência e Participação,estadic/ESTADIC_TRANSP_CONTEUDO,estadic,ESTADIC_TRANSP_CONTEUDO,total,Conteúdo da página internet / portal da transparência,prop_0_100,governo_estadual,72.73,2024
TO,1,Governança do Governo Digital,iospd/IOSPD_I10,iospd,IOSPD_I10,total,Estratégia de governo digital (IOSPD I.10),indice_0_10,uf,100.0,2025
TO,2,Qualidade dos Serviços Digitais,iospd/IOSPD_I01,iospd,IOSPD_I01,total,Portal único ou de serviços (IOSPD I.1),indice_0_10,uf,50.0,2025
TO,2,Qualidade dos Serviços Digitais,iospd/IOSPD_I03,iospd,IOSPD_I03,total,Agendamento digital unificado (IOSPD I.3),indice_0_10,uf,100.0,2025
TO,2,Qualidade dos Serviços Digitais,iospd/IOSPD_I04,iospd,IOSPD_I04,total,Avaliação de satisfação dos usuários (IOSPD I.4),indice_0_10,uf,100.0,2025
TO,2,Qualidade dos Serviços Digitais,iospd/IOSPD_I06,iospd,IOSPD_I06,total,Gestão de cadastro e perfil do cidadão (IOSPD I.6),indice_0_10,uf,100.0,2025
TO,2,Qualidade dos Serviços Digitais,iospd/IOSPD_I07,iospd,IOSPD_I07,total,Ouvidoria integrada ao portal (IOSPD I.7),indice_0_10,uf,100.0,2025
TO,2,Qualidade dos Serviços Digitais,iospd/IOSPD_I08,iospd,IOSPD_I08,total,Simplificação de serviços online (IOSPD I.8),indice_0_10,uf,100.0,2025
TO,2,Qualidade dos Serviços Digitais,iospd/IOSPD_I12,iospd,IOSPD_I12,total,Ferramenta digital integrada de atendimento (IOSPD I.12),indice_0_10,uf,100.0,2025
TO,2,Qualidade dos Serviços Digitais,iospd/IOSPD_II01,iospd,IOSPD_II01,total,Rematrícula online escolas estaduais (IOSPD II.1),indice_0_10,uf,0.0,2025
TO,2,Qualidade dos Serviços Digitais,iospd/IOSPD_II02,iospd,IOSPD_II02,total,Solicitação de medicamento de alto custo digital (IOSPD II.2),indice_0_10,uf,100.0,2025
TO,2,Qualidade dos Serviços Digitais,iospd/IOSPD_II03,iospd,IOSPD_II03,total,Tele-atendimento saúde por videoconferência (IOSPD II.3),indice_0_10,uf,0.0,2025
TO,2,Qualidade dos Serviços Digitais,iospd/IOSPD_II04,iospd,IOSPD_II04,total,Prova de vida online (IOSPD II.4),indice_0_10,uf,100.0,2025
TO,2,Qualidade dos Serviços Digitais,iospd/IOSPD_II05,iospd,IOSPD_II05,total,Recurso/defesa online infrações de trânsito (IOSPD II.5),indice_0_10,uf,100.0,2025
TO,2,Qualidade dos Serviços Digitais,iospd/IOSPD_II06,iospd,IOSPD_II06,total,Registro digital reclamação CDC (IOSPD II.6),indice_0_10,uf,100.0,2025
TO,2,Qualidade dos Serviços Digitais,iospd/IOSPD_II07,iospd,IOSPD_II07,total,Solicitação online 2ª via RG (IOSPD II.7),indice_0_10,uf,100.0,2025
TO,2,Qualidade dos Serviços Digitais,iospd/IOSPD_II08,iospd,IOSPD_II08,total,Boletim de ocorrência online violência doméstica (IOSPD II.8),indice_0_10,uf,100.0,2025
TO,2,Qualidade dos Serviços Digitais,iospd/IOSPD_II09,iospd,IOSPD_II09,total,Consulta online medicamentos disponíveis (IOSPD II.9),indice_0_10,uf,100.0,2025
TO,2,Qualidade dos Serviços Digitais,iospd/IOSPD_II10,iospd,IOSPD_II10,total,Emissão/envio de receita médica online (IOSPD II.10),indice_0_10,uf,0.0,2025
TO,2,Qualidade dos Serviços Digitais,iospd/IOSPD_II11,iospd,IOSPD_II11,total,Emissão online diplomas ensino médio (IOSPD II.11),indice_0_10,uf,100.0,2025
TO,2,Qualidade dos Serviços Digitais,iospd/IOSPD_II12,iospd,IOSPD_II12,total,Transferência online entre escolas estaduais (IOSPD II.12),indice_0_10,uf,100.0,2025
TO,2,Qualidade dos Serviços Digitais,iospd/IOSPD_III01a,iospd,IOSPD_III01a,total,Carta de Serviços normatizada (IOSPD III.1a),indice_0_10,uf,100.0,2025
TO,2,Qualidade dos Serviços Digitais,iospd/IOSPD_III01b,iospd,IOSPD_III01b,total,Ouvidorias Públicas normatizadas (IOSPD III.1b),indice_0_10,uf,100.0,2025
TO,2,Qualidade dos Serviços Digitais,iospd/IOSPD_III01c,iospd,IOSPD_III01c,total,Conselho de Usuários normatizado (IOSPD III.1c),indice_0_10,uf,100.0,2025
TO,2,Qualidade dos Serviços Digitais,iospd/IOSPD_III01d,iospd,IOSPD_III01d,total,Avaliação de Serviços Públicos normatizada (IOSPD III.1d),indice_0_10,uf,100.0,2025
TO,2,Qualidade dos Serviços Digitais,iospd/IOSPD_IV01,iospd,IOSPD_IV01,total,Tempos verbais 2ª/3ª pessoa (IOSPD IV.1),indice_0_10,uf,100.0,2025
TO,2,Qualidade dos Serviços Digitais,iospd/IOSPD_IV02,iospd,IOSPD_IV02,total,Frases curtas com ação única (IOSPD IV.2),indice_0_10,uf,100.0,2025
TO,2,Qualidade dos Serviços Digitais,iospd/IOSPD_IV03,iospd,IOSPD_IV03,total,Título objetivo e curto (IOSPD IV.3),indice_0_10,uf,100.0,2025
TO,2,Qualidade dos Serviços Digitais,iospd/IOSPD_IV04,iospd,IOSPD_IV04,total,Parágrafos curtos (IOSPD IV.4),indice_0_10,uf,100.0,2025
TO,2,Qualidade dos Serviços Digitais,iospd/IOSPD_IV05,iospd,IOSPD_IV05,total,Uso do tempo presente (IOSPD IV.5),indice_0_10,uf,100.0,2025
TO,2,Qualidade dos Serviços Digitais,iospd/IOSPD_IV06,iospd,IOSPD_IV06,total,Uso de caracteres especiais (IOSPD IV.6),indice_0_10,uf,100.0,2025
TO,2,Qualidade dos Serviços Digitais,iospd/IOSPD_IV07,iospd,IOSPD_IV07,total,Vocabulário de fácil entendimento (IOSPD IV.7),indice_0_10,uf,80.0,2025
TO,2,Qualidade dos Serviços Digitais,iospd/IOSPD_IV08,iospd,IOSPD_IV08,total,Aplicação da técnica de Linguagem Simples (IOSPD IV.8),indice_0_10,uf,100.0,2025
TO,2,Qualidade dos Serviços Digitais,iospd/IOSPD_IV09,iospd,IOSPD_IV09,total,Mecanismo de melhoria na apresentação (IOSPD IV.9),indice_0_10,uf,100.0,2025
TO,2,Qualidade dos Serviços Digitais,iospd/IOSPD_V01,iospd,IOSPD_V01,total,Aplicativo móvel para portal de serviços (IOSPD V.1),indice_0_10,uf,33.3,2025
TO,2,Qualidade dos Serviços Digitais,iospd/IOSPD_V03,iospd,IOSPD_V03,total,Pagamento por PIX/cartão digital (IOSPD V.3),indice_0_10,uf,100.0,2025
TO,2,Qualidade dos Serviços Digitais,iospd/IOSPD_V04,iospd,IOSPD_V04,total,Ambiente autenticado e personalizado de serviços (IOSPD V.4),indice_0_10,uf,100.0,2025
TO,2,Qualidade dos Serviços Digitais,iospd/IOSPD_V05,iospd,IOSPD_V05,total,Licenciamento de veículo com pagamento eletrônico (IOSPD V.5),indice_0_10,uf,100.0,2025
TO,2,Qualidade dos Serviços Digitais,iospd/IOSPD_V06,iospd,IOSPD_V06,total,Certidão Negativa Estadual online (IOSPD V.6),indice_0_10,uf,100.0,2025
TO,2,Qualidade dos Serviços Digitais,iospd/IOSPD_V08,iospd,IOSPD_V08,total,Transferência digital de veículos (IOSPD V.8),indice_0_10,uf,100.0,2025
TO,2,Qualidade dos Serviços Digitais,iospd/IOSPD_V09,iospd,IOSPD_V09,total,Acessibilidade da plataforma digital (IOSPD V.9),indice_0_10,uf,66.7,2025
TO,2,Qualidade dos Serviços Digitais,estadic/ESTADIC_ACESSIBILIDADE,estadic,ESTADIC_ACESSIBILIDADE,total,Acessibilidade da página e serviços eletrônicos,prop_0_100,governo_estadual,22.22,2024
TO,2,Qualidade dos Serviços Digitais,estadic/ESTADIC_ATEND_DISTANCIA,estadic,ESTADIC_ATEND_DISTANCIA,total,Formas de atendimento a distância ao cidadão,prop_0_100,governo_estadual,37.5,2024
TO,2,Qualidade dos Serviços Digitais,estadic/ESTADIC_ATIV_REDES,estadic,ESTADIC_ATIV_REDES,total,Atividades do governo nas redes sociais nos últimos 12 meses,prop_0_100,governo_estadual,33.33,2024
TO,2,Qualidade dos Serviços Digitais,estadic/ESTADIC_BILHETE_UNICO,estadic,ESTADIC_BILHETE_UNICO,total,Bilhete único para uso de transporte público,prop_0_100,governo_estadual,0.0,2024
TO,2,Qualidade dos Serviços Digitais,estadic/ESTADIC_FREQ_REDES,estadic,ESTADIC_FREQ_REDES,total,Frequência de atualização do conteúdo nas redes sociais,prop_0_100,governo_estadual,100.0,2024
TO,2,Qualidade dos Serviços Digitais,estadic/ESTADIC_MODELO_ACESS,estadic,ESTADIC_MODELO_ACESS,total,Modelo de acessibilidade adotado,prop_0_100,governo_estadual,100.0,2024
TO,2,Qualidade dos Serviços Digitais,estadic/ESTADIC_REDES_SOCIAIS,estadic,ESTADIC_REDES_SOCIAIS,total,Plataformas de rede social do governo estadual,prop_0_100,governo_estadual,44.44,2024
TO,2,Qualidade dos Serviços Digitais,estadic/ESTADIC_SERV_CELULAR,estadic,ESTADIC_SERV_CELULAR,total,Serviços disponibilizados por celular/smartphone,prop_0_100,governo_estadual,57.14,2024
TO,2,Qualidade dos Serviços Digitais,estadic/ESTADIC_SERV_INFORMATIVOS,estadic,ESTADIC_SERV_INFORMATIVOS,total,Serviços informativos disponibilizados na página da internet,prop_0_100,governo_estadual,87.5,2024
TO,2,Qualidade dos Serviços Digitais,estadic/ESTADIC_SERV_TRANSACIONAIS,estadic,ESTADIC_SERV_TRANSACIONAIS,total,Serviços transacionais disponibilizados na página da internet,prop_0_100,governo_estadual,84.62,2024
TO,3,Identificação Única,iospd/IOSPD_I09,iospd,IOSPD_I09,total,Assinatura eletrônica Gov.br (IOSPD I.9),indice_0_10,uf,100.0,2025
TO,3,Identificação Única,iospd/IOSPD_V07,iospd,IOSPD_V07,total,Emissão da CIN — Carteira de Identidade Nacional (IOSPD V.7),indice_0_10,uf,0.0,2025
TO,4,Segurança e LGPD,iospd/IOSPD_III07,iospd,IOSPD_III07,total,Consentimento LGPD no portal (IOSPD III.7),indice_0_10,uf,100.0,2025
TO,4,Segurança e LGPD,estadic/ESTADIC_LGPD_CANAL_TITULAR,estadic,ESTADIC_LGPD_CANAL_TITULAR,total,Canal internet para titulares de dados (LGPD),prop_0_100,governo_estadual,100.0,2024
TO,4,Segurança e LGPD,estadic/ESTADIC_LGPD_CAPACIT,estadic,ESTADIC_LGPD_CAPACIT,total,Cursos segurança da informação e proteção de dados para servidores,prop_0_100,governo_estadual,0.0,2024
TO,4,Segurança e LGPD,estadic/ESTADIC_LGPD_REGULAMENT,estadic,ESTADIC_LGPD_REGULAMENT,total,Regulamentação estadual específica sobre LGPD,prop_0_100,governo_estadual,100.0,2024
TO,4,Segurança e LGPD,estadic/ESTADIC_LGPD_RESP,estadic,ESTADIC_LGPD_RESP,total,Responsável LGPD designado,prop_0_100,governo_estadual,100.0,2024
TO,5,Dados e Interoperabilidade,iospd/IOSPD_I05,iospd,IOSPD_I05,total,Governança de dados (IOSPD I.5),indice_0_10,uf,0.0,2025
TO,5,Dados e Interoperabilidade,estadic/ESTADIC_FORMATO_DADOS,estadic,ESTADIC_FORMATO_DADOS,total,Formato de publicação dos dados da administração estadual,prop_0_100,governo_estadual,57.14,2024
TO,6,Infraestrutura,estadic/ESTADIC_INCLUSAO_PROGRAMA,estadic,ESTADIC_INCLUSAO_PROGRAMA,total,Desenvolve programa ou ação de inclusão digital,prop_0_100,governo_estadual,100.0,2024
TO,6,Infraestrutura,estadic/ESTADIC_WIFI_EXISTE,estadic,ESTADIC_WIFI_EXISTE,total,Disponibiliza acesso por conexão Wi-Fi pública,prop_0_100,governo_estadual,0.0,2024
TO,7,Inovação e Tecnologias Emergentes,iospd/IOSPD_III06,iospd,IOSPD_III06,total,Laboratório de Inovação em Governo (IOSPD III.6),indice_0_10,uf,100.0,2025
TO,7,Inovação e Tecnologias Emergentes,iospd/IOSPD_V02,iospd,IOSPD_V02,total,Uso de IA/ciência de dados em serviço público (IOSPD V.2),indice_0_10,uf,100.0,2025
TO,7,Inovação e Tecnologias Emergentes,estadic/ESTADIC_CAPACIT_EMPREEND,estadic,ESTADIC_CAPACIT_EMPREEND,total,Capacitação para empreendedorismo digital,prop_0_100,governo_estadual,0.0,2024
TO,7,Inovação e Tecnologias Emergentes,estadic/ESTADIC_ESPACO_INOVACAO,estadic,ESTADIC_ESPACO_INOVACAO,total,"Espaços de inovação, coworking ou espaços compartilhados",prop_0_100,governo_estadual,0.0,2024
TO,7,Inovação e Tecnologias Emergentes,estadic/ESTADIC_PREMIO_INOVACAO,estadic,ESTADIC_PREMIO_INOVACAO,total,Prêmio ou edital para empresas inovadoras e projetos criativos,prop_0_100,governo_estadual,0.0,2024
TO,8,Eficiência e Processos,iospd/IOSPD_III02,iospd,IOSPD_III02,total,Grupos de desburocratização regulamentados (IOSPD III.2),indice_0_10,uf,100.0,2025
TO,9,Transparência e Participação,iospd/IOSPD_I11,iospd,IOSPD_I11,total,Cartas de Serviços na Base Nacional (IOSPD I.11),indice_0_10,uf,100.0,2025
TO,9,Transparência e Participação,estadic/ESTADIC_CONSELHO_TRANSP,estadic,ESTADIC_CONSELHO_TRANSP,total,Conselho Estadual de Transparência ou similar,prop_0_100,governo_estadual,0.0,2024
TO,9,Transparência e Participação,estadic/ESTADIC_CTRL_INT_ONLINE,estadic,ESTADIC_CTRL_INT_ONLINE,total,Informações do controle interno publicadas na internet,prop_0_100,governo_estadual,75.0,2024
TO,9,Transparência e Participação,estadic/ESTADIC_LAI_CONTEUDO,estadic,ESTADIC_LAI_CONTEUDO,total,Conteúdo da legislação estadual de acesso à informação (LAI),prop_0_100,governo_estadual,75.0,2024
TO,9,Transparência e Participação,estadic/ESTADIC_LAI_MEIOS,estadic,ESTADIC_LAI_MEIOS,total,Meios de solicitação de acesso à informação pública,prop_0_100,governo_estadual,83.33,2024
TO,9,Transparência e Participação,estadic/ESTADIC_ORCAM_TEMPO_REAL,estadic,ESTADIC_ORCAM_TEMPO_REAL,total,Disponibiliza informações orçamentárias/financeiras em tempo real,prop_0_100,governo_estadual,0.0,2024
TO,9,Transparência e Participação,estadic/ESTADIC_PARTICIP_INTERNET,estadic,ESTADIC_PARTICIP_INTERNET,total,Formas de participação do cidadão pela internet,prop_0_100,governo_estadual,20.0,2024
TO,9,Transparência e Participação,estadic/ESTADIC_PORTAL_TRANSP,estadic,ESTADIC_PORTAL_TRANSP,total,Portal da transparência e portal de dados abertos,prop_0_100,governo_estadual,33.33,2024
TO,9,Transparência e Participação,estadic/ESTADIC_TRANSP_CONTEUDO,estadic,ESTADIC_TRANSP_CONTEUDO,total,Conteúdo da página internet / portal da transparência,prop_0_100,governo_estadual,36.36,2024
MA,1,Governança do Governo Digital,iospd/IOSPD_I10,iospd,IOSPD_I10,total,Estratégia de governo digital (IOSPD I.10),indice_0_10,uf,0.0,2025
MA,2,Qualidade dos Serviços Digitais,iospd/IOSPD_I01,iospd,IOSPD_I01,total,Portal único ou de serviços (IOSPD I.1),indice_0_10,uf,100.0,2025
MA,2,Qualidade dos Serviços Digitais,iospd/IOSPD_I03,iospd,IOSPD_I03,total,Agendamento digital unificado (IOSPD I.3),indice_0_10,uf,50.0,2025
MA,2,Qualidade dos Serviços Digitais,iospd/IOSPD_I04,iospd,IOSPD_I04,total,Avaliação de satisfação dos usuários (IOSPD I.4),indice_0_10,uf,100.0,2025
MA,2,Qualidade dos Serviços Digitais,iospd/IOSPD_I06,iospd,IOSPD_I06,total,Gestão de cadastro e perfil do cidadão (IOSPD I.6),indice_0_10,uf,0.0,2025
MA,2,Qualidade dos Serviços Digitais,iospd/IOSPD_I07,iospd,IOSPD_I07,total,Ouvidoria integrada ao portal (IOSPD I.7),indice_0_10,uf,0.0,2025
MA,2,Qualidade dos Serviços Digitais,iospd/IOSPD_I08,iospd,IOSPD_I08,total,Simplificação de serviços online (IOSPD I.8),indice_0_10,uf,0.0,2025
MA,2,Qualidade dos Serviços Digitais,iospd/IOSPD_I12,iospd,IOSPD_I12,total,Ferramenta digital integrada de atendimento (IOSPD I.12),indice_0_10,uf,50.0,2025
MA,2,Qualidade dos Serviços Digitais,iospd/IOSPD_II01,iospd,IOSPD_II01,total,Rematrícula online escolas estaduais (IOSPD II.1),indice_0_10,uf,0.0,2025
MA,2,Qualidade dos Serviços Digitais,iospd/IOSPD_II02,iospd,IOSPD_II02,total,Solicitação de medicamento de alto custo digital (IOSPD II.2),indice_0_10,uf,0.0,2025
MA,2,Qualidade dos Serviços Digitais,iospd/IOSPD_II03,iospd,IOSPD_II03,total,Tele-atendimento saúde por videoconferência (IOSPD II.3),indice_0_10,uf,0.0,2025
MA,2,Qualidade dos Serviços Digitais,iospd/IOSPD_II04,iospd,IOSPD_II04,total,Prova de vida online (IOSPD II.4),indice_0_10,uf,100.0,2025
MA,2,Qualidade dos Serviços Digitais,iospd/IOSPD_II05,iospd,IOSPD_II05,total,Recurso/defesa online infrações de trânsito (IOSPD II.5),indice_0_10,uf,0.0,2025
MA,2,Qualidade dos Serviços Digitais,iospd/IOSPD_II06,iospd,IOSPD_II06,total,Registro digital reclamação CDC (IOSPD II.6),indice_0_10,uf,100.0,2025
MA,2,Qualidade dos Serviços Digitais,iospd/IOSPD_II07,iospd,IOSPD_II07,total,Solicitação online 2ª via RG (IOSPD II.7),indice_0_10,uf,100.0,2025
MA,2,Qualidade dos Serviços Digitais,iospd/IOSPD_II08,iospd,IOSPD_II08,total,Boletim de ocorrência online violência doméstica (IOSPD II.8),indice_0_10,uf,0.0,2025
MA,2,Qualidade dos Serviços Digitais,iospd/IOSPD_II09,iospd,IOSPD_II09,total,Consulta online medicamentos disponíveis (IOSPD II.9),indice_0_10,uf,100.0,2025
MA,2,Qualidade dos Serviços Digitais,iospd/IOSPD_II10,iospd,IOSPD_II10,total,Emissão/envio de receita médica online (IOSPD II.10),indice_0_10,uf,0.0,2025
MA,2,Qualidade dos Serviços Digitais,iospd/IOSPD_II11,iospd,IOSPD_II11,total,Emissão online diplomas ensino médio (IOSPD II.11),indice_0_10,uf,0.0,2025
MA,2,Qualidade dos Serviços Digitais,iospd/IOSPD_II12,iospd,IOSPD_II12,total,Transferência online entre escolas estaduais (IOSPD II.12),indice_0_10,uf,0.0,2025
MA,2,Qualidade dos Serviços Digitais,iospd/IOSPD_III01a,iospd,IOSPD_III01a,total,Carta de Serviços normatizada (IOSPD III.1a),indice_0_10,uf,100.0,2025
MA,2,Qualidade dos Serviços Digitais,iospd/IOSPD_III01b,iospd,IOSPD_III01b,total,Ouvidorias Públicas normatizadas (IOSPD III.1b),indice_0_10,uf,100.0,2025
MA,2,Qualidade dos Serviços Digitais,iospd/IOSPD_III01c,iospd,IOSPD_III01c,total,Conselho de Usuários normatizado (IOSPD III.1c),indice_0_10,uf,0.0,2025
MA,2,Qualidade dos Serviços Digitais,iospd/IOSPD_III01d,iospd,IOSPD_III01d,total,Avaliação de Serviços Públicos normatizada (IOSPD III.1d),indice_0_10,uf,0.0,2025
MA,2,Qualidade dos Serviços Digitais,iospd/IOSPD_IV01,iospd,IOSPD_IV01,total,Tempos verbais 2ª/3ª pessoa (IOSPD IV.1),indice_0_10,uf,100.0,2025
MA,2,Qualidade dos Serviços Digitais,iospd/IOSPD_IV02,iospd,IOSPD_IV02,total,Frases curtas com ação única (IOSPD IV.2),indice_0_10,uf,40.0,2025
MA,2,Qualidade dos Serviços Digitais,iospd/IOSPD_IV03,iospd,IOSPD_IV03,total,Título objetivo e curto (IOSPD IV.3),indice_0_10,uf,40.0,2025
MA,2,Qualidade dos Serviços Digitais,iospd/IOSPD_IV04,iospd,IOSPD_IV04,total,Parágrafos curtos (IOSPD IV.4),indice_0_10,uf,100.0,2025
MA,2,Qualidade dos Serviços Digitais,iospd/IOSPD_IV05,iospd,IOSPD_IV05,total,Uso do tempo presente (IOSPD IV.5),indice_0_10,uf,100.0,2025
MA,2,Qualidade dos Serviços Digitais,iospd/IOSPD_IV06,iospd,IOSPD_IV06,total,Uso de caracteres especiais (IOSPD IV.6),indice_0_10,uf,100.0,2025
MA,2,Qualidade dos Serviços Digitais,iospd/IOSPD_IV07,iospd,IOSPD_IV07,total,Vocabulário de fácil entendimento (IOSPD IV.7),indice_0_10,uf,80.0,2025
MA,2,Qualidade dos Serviços Digitais,iospd/IOSPD_IV08,iospd,IOSPD_IV08,total,Aplicação da técnica de Linguagem Simples (IOSPD IV.8),indice_0_10,uf,0.0,2025
MA,2,Qualidade dos Serviços Digitais,iospd/IOSPD_IV09,iospd,IOSPD_IV09,total,Mecanismo de melhoria na apresentação (IOSPD IV.9),indice_0_10,uf,100.0,2025
MA,2,Qualidade dos Serviços Digitais,iospd/IOSPD_V01,iospd,IOSPD_V01,total,Aplicativo móvel para portal de serviços (IOSPD V.1),indice_0_10,uf,0.0,2025
MA,2,Qualidade dos Serviços Digitais,iospd/IOSPD_V03,iospd,IOSPD_V03,total,Pagamento por PIX/cartão digital (IOSPD V.3),indice_0_10,uf,66.7,2025
MA,2,Qualidade dos Serviços Digitais,iospd/IOSPD_V04,iospd,IOSPD_V04,total,Ambiente autenticado e personalizado de serviços (IOSPD V.4),indice_0_10,uf,0.0,2025
MA,2,Qualidade dos Serviços Digitais,iospd/IOSPD_V05,iospd,IOSPD_V05,total,Licenciamento de veículo com pagamento eletrônico (IOSPD V.5),indice_0_10,uf,100.0,2025
MA,2,Qualidade dos Serviços Digitais,iospd/IOSPD_V06,iospd,IOSPD_V06,total,Certidão Negativa Estadual online (IOSPD V.6),indice_0_10,uf,100.0,2025
MA,2,Qualidade dos Serviços Digitais,iospd/IOSPD_V08,iospd,IOSPD_V08,total,Transferência digital de veículos (IOSPD V.8),indice_0_10,uf,100.0,2025
MA,2,Qualidade dos Serviços Digitais,iospd/IOSPD_V09,iospd,IOSPD_V09,total,Acessibilidade da plataforma digital (IOSPD V.9),indice_0_10,uf,0.0,2025
MA,2,Qualidade dos Serviços Digitais,estadic/ESTADIC_ACESSIBILIDADE,estadic,ESTADIC_ACESSIBILIDADE,total,Acessibilidade da página e serviços eletrônicos,prop_0_100,governo_estadual,44.44,2024
MA,2,Qualidade dos Serviços Digitais,estadic/ESTADIC_ATEND_DISTANCIA,estadic,ESTADIC_ATEND_DISTANCIA,total,Formas de atendimento a distância ao cidadão,prop_0_100,governo_estadual,62.5,2024
MA,2,Qualidade dos Serviços Digitais,estadic/ESTADIC_ATIV_REDES,estadic,ESTADIC_ATIV_REDES,total,Atividades do governo nas redes sociais nos últimos 12 meses,prop_0_100,governo_estadual,66.67,2024
MA,2,Qualidade dos Serviços Digitais,estadic/ESTADIC_BILHETE_UNICO,estadic,ESTADIC_BILHETE_UNICO,total,Bilhete único para uso de transporte público,prop_0_100,governo_estadual,0.0,2024
MA,2,Qualidade dos Serviços Digitais,estadic/ESTADIC_FREQ_REDES,estadic,ESTADIC_FREQ_REDES,total,Frequência de atualização do conteúdo nas redes sociais,prop_0_100,governo_estadual,100.0,2024
MA,2,Qualidade dos Serviços Digitais,estadic/ESTADIC_MODELO_ACESS,estadic,ESTADIC_MODELO_ACESS,total,Modelo de acessibilidade adotado,prop_0_100,governo_estadual,50.0,2024
MA,2,Qualidade dos Serviços Digitais,estadic/ESTADIC_REDES_SOCIAIS,estadic,ESTADIC_REDES_SOCIAIS,total,Plataformas de rede social do governo estadual,prop_0_100,governo_estadual,77.78,2024
MA,2,Qualidade dos Serviços Digitais,estadic/ESTADIC_SERV_CELULAR,estadic,ESTADIC_SERV_CELULAR,total,Serviços disponibilizados por celular/smartphone,prop_0_100,governo_estadual,85.71,2024
MA,2,Qualidade dos Serviços Digitais,estadic/ESTADIC_SERV_INFORMATIVOS,estadic,ESTADIC_SERV_INFORMATIVOS,total,Serviços informativos disponibilizados na página da internet,prop_0_100,governo_estadual,87.5,2024
MA,2,Qualidade dos Serviços Digitais,estadic/ESTADIC_SERV_TRANSACIONAIS,estadic,ESTADIC_SERV_TRANSACIONAIS,total,Serviços transacionais disponibilizados na página da internet,prop_0_100,governo_estadual,92.31,2024
MA,3,Identificação Única,iospd/IOSPD_I09,iospd,IOSPD_I09,total,Assinatura eletrônica Gov.br (IOSPD I.9),indice_0_10,uf,0.0,2025
MA,3,Identificação Única,iospd/IOSPD_V07,iospd,IOSPD_V07,total,Emissão da CIN — Carteira de Identidade Nacional (IOSPD V.7),indice_0_10,uf,100.0,2025
MA,4,Segurança e LGPD,iospd/IOSPD_III07,iospd,IOSPD_III07,total,Consentimento LGPD no portal (IOSPD III.7),indice_0_10,uf,0.0,2025
MA,4,Segurança e LGPD,estadic/ESTADIC_LGPD_CANAL_TITULAR,estadic,ESTADIC_LGPD_CANAL_TITULAR,total,Canal internet para titulares de dados (LGPD),prop_0_100,governo_estadual,100.0,2024
MA,4,Segurança e LGPD,estadic/ESTADIC_LGPD_CAPACIT,estadic,ESTADIC_LGPD_CAPACIT,total,Cursos segurança da informação e proteção de dados para servidores,prop_0_100,governo_estadual,100.0,2024
MA,4,Segurança e LGPD,estadic/ESTADIC_LGPD_REGULAMENT,estadic,ESTADIC_LGPD_REGULAMENT,total,Regulamentação estadual específica sobre LGPD,prop_0_100,governo_estadual,0.0,2024
MA,4,Segurança e LGPD,estadic/ESTADIC_LGPD_RESP,estadic,ESTADIC_LGPD_RESP,total,Responsável LGPD designado,prop_0_100,governo_estadual,100.0,2024
MA,5,Dados e Interoperabilidade,iospd/IOSPD_I05,iospd,IOSPD_I05,total,Governança de dados (IOSPD I.5),indice_0_10,uf,0.0,2025
MA,5,Dados e Interoperabilidade,estadic/ESTADIC_FORMATO_DADOS,estadic,ESTADIC_FORMATO_DADOS,total,Formato de publicação dos dados da administração estadual,prop_0_100,governo_estadual,50.0,2024
MA,6,Infraestrutura,estadic/ESTADIC_INCLUSAO_PROGRAMA,estadic,ESTADIC_INCLUSAO_PROGRAMA,total,Desenvolve programa ou ação de inclusão digital,prop_0_100,governo_estadual,100.0,2024
MA,6,Infraestrutura,estadic/ESTADIC_WIFI_EXISTE,estadic,ESTADIC_WIFI_EXISTE,total,Disponibiliza acesso por conexão Wi-Fi pública,prop_0_100,governo_estadual,100.0,2024
MA,7,Inovação e Tecnologias Emergentes,iospd/IOSPD_III06,iospd,IOSPD_III06,total,Laboratório de Inovação em Governo (IOSPD III.6),indice_0_10,uf,100.0,2025
MA,7,Inovação e Tecnologias Emergentes,iospd/IOSPD_V02,iospd,IOSPD_V02,total,Uso de IA/ciência de dados em serviço público (IOSPD V.2),indice_0_10,uf,0.0,2025
MA,7,Inovação e Tecnologias Emergentes,estadic/ESTADIC_CAPACIT_EMPREEND,estadic,ESTADIC_CAPACIT_EMPREEND,total,Capacitação para empreendedorismo digital,prop_0_100,governo_estadual,100.0,2024
MA,7,Inovação e Tecnologias Emergentes,estadic/ESTADIC_ESPACO_INOVACAO,estadic,ESTADIC_ESPACO_INOVACAO,total,"Espaços de inovação, coworking ou espaços compartilhados",prop_0_100,governo_estadual,100.0,2024
MA,7,Inovação e Tecnologias Emergentes,estadic/ESTADIC_PREMIO_INOVACAO,estadic,ESTADIC_PREMIO_INOVACAO,total,Prêmio ou edital para empresas inovadoras e projetos criativos,prop_0_100,governo_estadual,100.0,2024
MA,8,Eficiência e Processos,iospd/IOSPD_III02,iospd,IOSPD_III02,total,Grupos de desburocratização regulamentados (IOSPD III.2),indice_0_10,uf,100.0,2025
MA,9,Transparência e Participação,iospd/IOSPD_I11,iospd,IOSPD_I11,total,Cartas de Serviços na Base Nacional (IOSPD I.11),indice_0_10,uf,0.0,2025
MA,9,Transparência e Participação,estadic/ESTADIC_CONSELHO_TRANSP,estadic,ESTADIC_CONSELHO_TRANSP,total,Conselho Estadual de Transparência ou similar,prop_0_100,governo_estadual,0.0,2024
MA,9,Transparência e Participação,estadic/ESTADIC_CTRL_INT_ONLINE,estadic,ESTADIC_CTRL_INT_ONLINE,total,Informações do controle interno publicadas na internet,prop_0_100,governo_estadual,75.0,2024
MA,9,Transparência e Participação,estadic/ESTADIC_LAI_CONTEUDO,estadic,ESTADIC_LAI_CONTEUDO,total,Conteúdo da legislação estadual de acesso à informação (LAI),prop_0_100,governo_estadual,87.5,2024
MA,9,Transparência e Participação,estadic/ESTADIC_LAI_MEIOS,estadic,ESTADIC_LAI_MEIOS,total,Meios de solicitação de acesso à informação pública,prop_0_100,governo_estadual,83.33,2024
MA,9,Transparência e Participação,estadic/ESTADIC_ORCAM_TEMPO_REAL,estadic,ESTADIC_ORCAM_TEMPO_REAL,total,Disponibiliza informações orçamentárias/financeiras em tempo real,prop_0_100,governo_estadual,100.0,2024
MA,9,Transparência e Participação,estadic/ESTADIC_PARTICIP_INTERNET,estadic,ESTADIC_PARTICIP_INTERNET,total,Formas de participação do cidadão pela internet,prop_0_100,governo_estadual,80.0,2024
MA,9,Transparência e Participação,estadic/ESTADIC_PORTAL_TRANSP,estadic,ESTADIC_PORTAL_TRANSP,total,Portal da transparência e portal de dados abertos,prop_0_100,governo_estadual,33.33,2024
MA,9,Transparência e Participação,estadic/ESTADIC_TRANSP_CONTEUDO,estadic,ESTADIC_TRANSP_CONTEUDO,total,Conteúdo da página internet / portal da transparência,prop_0_100,governo_estadual,81.82,2024
PI,1,Governança do Governo Digital,iospd/IOSPD_I10,iospd,IOSPD_I10,total,Estratégia de governo digital (IOSPD I.10),indice_0_10,uf,100.0,2025
PI,2,Qualidade dos Serviços Digitais,iospd/IOSPD_I01,iospd,IOSPD_I01,total,Portal único ou de serviços (IOSPD I.1),indice_0_10,uf,100.0,2025
PI,2,Qualidade dos Serviços Digitais,iospd/IOSPD_I03,iospd,IOSPD_I03,total,Agendamento digital unificado (IOSPD I.3),indice_0_10,uf,100.0,2025
PI,2,Qualidade dos Serviços Digitais,iospd/IOSPD_I04,iospd,IOSPD_I04,total,Avaliação de satisfação dos usuários (IOSPD I.4),indice_0_10,uf,100.0,2025
PI,2,Qualidade dos Serviços Digitais,iospd/IOSPD_I06,iospd,IOSPD_I06,total,Gestão de cadastro e perfil do cidadão (IOSPD I.6),indice_0_10,uf,100.0,2025
PI,2,Qualidade dos Serviços Digitais,iospd/IOSPD_I07,iospd,IOSPD_I07,total,Ouvidoria integrada ao portal (IOSPD I.7),indice_0_10,uf,100.0,2025
PI,2,Qualidade dos Serviços Digitais,iospd/IOSPD_I08,iospd,IOSPD_I08,total,Simplificação de serviços online (IOSPD I.8),indice_0_10,uf,100.0,2025
PI,2,Qualidade dos Serviços Digitais,iospd/IOSPD_I12,iospd,IOSPD_I12,total,Ferramenta digital integrada de atendimento (IOSPD I.12),indice_0_10,uf,100.0,2025
PI,2,Qualidade dos Serviços Digitais,iospd/IOSPD_II01,iospd,IOSPD_II01,total,Rematrícula online escolas estaduais (IOSPD II.1),indice_0_10,uf,100.0,2025
PI,2,Qualidade dos Serviços Digitais,iospd/IOSPD_II02,iospd,IOSPD_II02,total,Solicitação de medicamento de alto custo digital (IOSPD II.2),indice_0_10,uf,100.0,2025
PI,2,Qualidade dos Serviços Digitais,iospd/IOSPD_II03,iospd,IOSPD_II03,total,Tele-atendimento saúde por videoconferência (IOSPD II.3),indice_0_10,uf,100.0,2025
PI,2,Qualidade dos Serviços Digitais,iospd/IOSPD_II04,iospd,IOSPD_II04,total,Prova de vida online (IOSPD II.4),indice_0_10,uf,100.0,2025
PI,2,Qualidade dos Serviços Digitais,iospd/IOSPD_II05,iospd,IOSPD_II05,total,Recurso/defesa online infrações de trânsito (IOSPD II.5),indice_0_10,uf,100.0,2025
PI,2,Qualidade dos Serviços Digitais,iospd/IOSPD_II06,iospd,IOSPD_II06,total,Registro digital reclamação CDC (IOSPD II.6),indice_0_10,uf,100.0,2025
PI,2,Qualidade dos Serviços Digitais,iospd/IOSPD_II07,iospd,IOSPD_II07,total,Solicitação online 2ª via RG (IOSPD II.7),indice_0_10,uf,100.0,2025
PI,2,Qualidade dos Serviços Digitais,iospd/IOSPD_II08,iospd,IOSPD_II08,total,Boletim de ocorrência online violência doméstica (IOSPD II.8),indice_0_10,uf,100.0,2025
PI,2,Qualidade dos Serviços Digitais,iospd/IOSPD_II09,iospd,IOSPD_II09,total,Consulta online medicamentos disponíveis (IOSPD II.9),indice_0_10,uf,100.0,2025
PI,2,Qualidade dos Serviços Digitais,iospd/IOSPD_II10,iospd,IOSPD_II10,total,Emissão/envio de receita médica online (IOSPD II.10),indice_0_10,uf,100.0,2025
PI,2,Qualidade dos Serviços Digitais,iospd/IOSPD_II11,iospd,IOSPD_II11,total,Emissão online diplomas ensino médio (IOSPD II.11),indice_0_10,uf,100.0,2025
PI,2,Qualidade dos Serviços Digitais,iospd/IOSPD_II12,iospd,IOSPD_II12,total,Transferência online entre escolas estaduais (IOSPD II.12),indice_0_10,uf,100.0,2025
PI,2,Qualidade dos Serviços Digitais,iospd/IOSPD_III01a,iospd,IOSPD_III01a,total,Carta de Serviços normatizada (IOSPD III.1a),indice_0_10,uf,100.0,2025
PI,2,Qualidade dos Serviços Digitais,iospd/IOSPD_III01b,iospd,IOSPD_III01b,total,Ouvidorias Públicas normatizadas (IOSPD III.1b),indice_0_10,uf,100.0,2025
PI,2,Qualidade dos Serviços Digitais,iospd/IOSPD_III01c,iospd,IOSPD_III01c,total,Conselho de Usuários normatizado (IOSPD III.1c),indice_0_10,uf,100.0,2025
PI,2,Qualidade dos Serviços Digitais,iospd/IOSPD_III01d,iospd,IOSPD_III01d,total,Avaliação de Serviços Públicos normatizada (IOSPD III.1d),indice_0_10,uf,100.0,2025
PI,2,Qualidade dos Serviços Digitais,iospd/IOSPD_IV01,iospd,IOSPD_IV01,total,Tempos verbais 2ª/3ª pessoa (IOSPD IV.1),indice_0_10,uf,100.0,2025
PI,2,Qualidade dos Serviços Digitais,iospd/IOSPD_IV02,iospd,IOSPD_IV02,total,Frases curtas com ação única (IOSPD IV.2),indice_0_10,uf,100.0,2025
PI,2,Qualidade dos Serviços Digitais,iospd/IOSPD_IV03,iospd,IOSPD_IV03,total,Título objetivo e curto (IOSPD IV.3),indice_0_10,uf,100.0,2025
PI,2,Qualidade dos Serviços Digitais,iospd/IOSPD_IV04,iospd,IOSPD_IV04,total,Parágrafos curtos (IOSPD IV.4),indice_0_10,uf,100.0,2025
PI,2,Qualidade dos Serviços Digitais,iospd/IOSPD_IV05,iospd,IOSPD_IV05,total,Uso do tempo presente (IOSPD IV.5),indice_0_10,uf,100.0,2025
PI,2,Qualidade dos Serviços Digitais,iospd/IOSPD_IV06,iospd,IOSPD_IV06,total,Uso de caracteres especiais (IOSPD IV.6),indice_0_10,uf,100.0,2025
PI,2,Qualidade dos Serviços Digitais,iospd/IOSPD_IV07,iospd,IOSPD_IV07,total,Vocabulário de fácil entendimento (IOSPD IV.7),indice_0_10,uf,100.0,2025
PI,2,Qualidade dos Serviços Digitais,iospd/IOSPD_IV08,iospd,IOSPD_IV08,total,Aplicação da técnica de Linguagem Simples (IOSPD IV.8),indice_0_10,uf,100.0,2025
PI,2,Qualidade dos Serviços Digitais,iospd/IOSPD_IV09,iospd,IOSPD_IV09,total,Mecanismo de melhoria na apresentação (IOSPD IV.9),indice_0_10,uf,100.0,2025
PI,2,Qualidade dos Serviços Digitais,iospd/IOSPD_V01,iospd,IOSPD_V01,total,Aplicativo móvel para portal de serviços (IOSPD V.1),indice_0_10,uf,100.0,2025
PI,2,Qualidade dos Serviços Digitais,iospd/IOSPD_V03,iospd,IOSPD_V03,total,Pagamento por PIX/cartão digital (IOSPD V.3),indice_0_10,uf,100.0,2025
PI,2,Qualidade dos Serviços Digitais,iospd/IOSPD_V04,iospd,IOSPD_V04,total,Ambiente autenticado e personalizado de serviços (IOSPD V.4),indice_0_10,uf,100.0,2025
PI,2,Qualidade dos Serviços Digitais,iospd/IOSPD_V05,iospd,IOSPD_V05,total,Licenciamento de veículo com pagamento eletrônico (IOSPD V.5),indice_0_10,uf,100.0,2025
PI,2,Qualidade dos Serviços Digitais,iospd/IOSPD_V06,iospd,IOSPD_V06,total,Certidão Negativa Estadual online (IOSPD V.6),indice_0_10,uf,100.0,2025
PI,2,Qualidade dos Serviços Digitais,iospd/IOSPD_V08,iospd,IOSPD_V08,total,Transferência digital de veículos (IOSPD V.8),indice_0_10,uf,0.0,2025
PI,2,Qualidade dos Serviços Digitais,iospd/IOSPD_V09,iospd,IOSPD_V09,total,Acessibilidade da plataforma digital (IOSPD V.9),indice_0_10,uf,100.0,2025
PI,2,Qualidade dos Serviços Digitais,estadic/ESTADIC_ACESSIBILIDADE,estadic,ESTADIC_ACESSIBILIDADE,total,Acessibilidade da página e serviços eletrônicos,prop_0_100,governo_estadual,66.67,2024
PI,2,Qualidade dos Serviços Digitais,estadic/ESTADIC_ATEND_DISTANCIA,estadic,ESTADIC_ATEND_DISTANCIA,total,Formas de atendimento a distância ao cidadão,prop_0_100,governo_estadual,75.0,2024
PI,2,Qualidade dos Serviços Digitais,estadic/ESTADIC_ATIV_REDES,estadic,ESTADIC_ATIV_REDES,total,Atividades do governo nas redes sociais nos últimos 12 meses,prop_0_100,governo_estadual,66.67,2024
PI,2,Qualidade dos Serviços Digitais,estadic/ESTADIC_BILHETE_UNICO,estadic,ESTADIC_BILHETE_UNICO,total,Bilhete único para uso de transporte público,prop_0_100,governo_estadual,100.0,2024
PI,2,Qualidade dos Serviços Digitais,estadic/ESTADIC_FREQ_REDES,estadic,ESTADIC_FREQ_REDES,total,Frequência de atualização do conteúdo nas redes sociais,prop_0_100,governo_estadual,50.0,2024
PI,2,Qualidade dos Serviços Digitais,estadic/ESTADIC_MODELO_ACESS,estadic,ESTADIC_MODELO_ACESS,total,Modelo de acessibilidade adotado,prop_0_100,governo_estadual,100.0,2024
PI,2,Qualidade dos Serviços Digitais,estadic/ESTADIC_REDES_SOCIAIS,estadic,ESTADIC_REDES_SOCIAIS,total,Plataformas de rede social do governo estadual,prop_0_100,governo_estadual,88.89,2024
PI,2,Qualidade dos Serviços Digitais,estadic/ESTADIC_SERV_CELULAR,estadic,ESTADIC_SERV_CELULAR,total,Serviços disponibilizados por celular/smartphone,prop_0_100,governo_estadual,71.43,2024
PI,2,Qualidade dos Serviços Digitais,estadic/ESTADIC_SERV_INFORMATIVOS,estadic,ESTADIC_SERV_INFORMATIVOS,total,Serviços informativos disponibilizados na página da internet,prop_0_100,governo_estadual,87.5,2024
PI,2,Qualidade dos Serviços Digitais,estadic/ESTADIC_SERV_TRANSACIONAIS,estadic,ESTADIC_SERV_TRANSACIONAIS,total,Serviços transacionais disponibilizados na página da internet,prop_0_100,governo_estadual,92.31,2024
PI,3,Identificação Única,iospd/IOSPD_I09,iospd,IOSPD_I09,total,Assinatura eletrônica Gov.br (IOSPD I.9),indice_0_10,uf,100.0,2025
PI,3,Identificação Única,iospd/IOSPD_V07,iospd,IOSPD_V07,total,Emissão da CIN — Carteira de Identidade Nacional (IOSPD V.7),indice_0_10,uf,100.0,2025
PI,4,Segurança e LGPD,iospd/IOSPD_III07,iospd,IOSPD_III07,total,Consentimento LGPD no portal (IOSPD III.7),indice_0_10,uf,100.0,2025
PI,4,Segurança e LGPD,estadic/ESTADIC_LGPD_CANAL_TITULAR,estadic,ESTADIC_LGPD_CANAL_TITULAR,total,Canal internet para titulares de dados (LGPD),prop_0_100,governo_estadual,100.0,2024
PI,4,Segurança e LGPD,estadic/ESTADIC_LGPD_CAPACIT,estadic,ESTADIC_LGPD_CAPACIT,total,Cursos segurança da informação e proteção de dados para servidores,prop_0_100,governo_estadual,100.0,2024
PI,4,Segurança e LGPD,estadic/ESTADIC_LGPD_REGULAMENT,estadic,ESTADIC_LGPD_REGULAMENT,total,Regulamentação estadual específica sobre LGPD,prop_0_100,governo_estadual,100.0,2024
PI,4,Segurança e LGPD,estadic/ESTADIC_LGPD_RESP,estadic,ESTADIC_LGPD_RESP,total,Responsável LGPD designado,prop_0_100,governo_estadual,100.0,2024
PI,5,Dados e Interoperabilidade,iospd/IOSPD_I05,iospd,IOSPD_I05,total,Governança de dados (IOSPD I.5),indice_0_10,uf,100.0,2025
PI,5,Dados e Interoperabilidade,estadic/ESTADIC_FORMATO_DADOS,estadic,ESTADIC_FORMATO_DADOS,total,Formato de publicação dos dados da administração estadual,prop_0_100,governo_estadual,32.14,2024
PI,6,Infraestrutura,estadic/ESTADIC_INCLUSAO_PROGRAMA,estadic,ESTADIC_INCLUSAO_PROGRAMA,total,Desenvolve programa ou ação de inclusão digital,prop_0_100,governo_estadual,100.0,2024
PI,6,Infraestrutura,estadic/ESTADIC_WIFI_EXISTE,estadic,ESTADIC_WIFI_EXISTE,total,Disponibiliza acesso por conexão Wi-Fi pública,prop_0_100,governo_estadual,100.0,2024
PI,7,Inovação e Tecnologias Emergentes,iospd/IOSPD_III06,iospd,IOSPD_III06,total,Laboratório de Inovação em Governo (IOSPD III.6),indice_0_10,uf,100.0,2025
PI,7,Inovação e Tecnologias Emergentes,iospd/IOSPD_V02,iospd,IOSPD_V02,total,Uso de IA/ciência de dados em serviço público (IOSPD V.2),indice_0_10,uf,100.0,2025
PI,7,Inovação e Tecnologias Emergentes,estadic/ESTADIC_CAPACIT_EMPREEND,estadic,ESTADIC_CAPACIT_EMPREEND,total,Capacitação para empreendedorismo digital,prop_0_100,governo_estadual,100.0,2024
PI,7,Inovação e Tecnologias Emergentes,estadic/ESTADIC_ESPACO_INOVACAO,estadic,ESTADIC_ESPACO_INOVACAO,total,"Espaços de inovação, coworking ou espaços compartilhados",prop_0_100,governo_estadual,100.0,2024
PI,7,Inovação e Tecnologias Emergentes,estadic/ESTADIC_PREMIO_INOVACAO,estadic,ESTADIC_PREMIO_INOVACAO,total,Prêmio ou edital para empresas inovadoras e projetos criativos,prop_0_100,governo_estadual,100.0,2024
PI,8,Eficiência e Processos,iospd/IOSPD_III02,iospd,IOSPD_III02,total,Grupos de desburocratização regulamentados (IOSPD III.2),indice_0_10,uf,100.0,2025
PI,9,Transparência e Participação,iospd/IOSPD_I11,iospd,IOSPD_I11,total,Cartas de Serviços na Base Nacional (IOSPD I.11),indice_0_10,uf,100.0,2025
PI,9,Transparência e Participação,estadic/ESTADIC_CONSELHO_TRANSP,estadic,ESTADIC_CONSELHO_TRANSP,total,Conselho Estadual de Transparência ou similar,prop_0_100,governo_estadual,100.0,2024
PI,9,Transparência e Participação,estadic/ESTADIC_CTRL_INT_ONLINE,estadic,ESTADIC_CTRL_INT_ONLINE,total,Informações do controle interno publicadas na internet,prop_0_100,governo_estadual,100.0,2024
PI,9,Transparência e Participação,estadic/ESTADIC_LAI_CONTEUDO,estadic,ESTADIC_LAI_CONTEUDO,total,Conteúdo da legislação estadual de acesso à informação (LAI),prop_0_100,governo_estadual,87.5,2024
PI,9,Transparência e Participação,estadic/ESTADIC_LAI_MEIOS,estadic,ESTADIC_LAI_MEIOS,total,Meios de solicitação de acesso à informação pública,prop_0_100,governo_estadual,50.0,2024
PI,9,Transparência e Participação,estadic/ESTADIC_ORCAM_TEMPO_REAL,estadic,ESTADIC_ORCAM_TEMPO_REAL,total,Disponibiliza informações orçamentárias/financeiras em tempo real,prop_0_100,governo_estadual,100.0,2024
PI,9,Transparência e Participação,estadic/ESTADIC_PARTICIP_INTERNET,estadic,ESTADIC_PARTICIP_INTERNET,total,Formas de participação do cidadão pela internet,prop_0_100,governo_estadual,80.0,2024
PI,9,Transparência e Participação,estadic/ESTADIC_PORTAL_TRANSP,estadic,ESTADIC_PORTAL_TRANSP,total,Portal da transparência e portal de dados abertos,prop_0_100,governo_estadual,66.67,2024
PI,9,Transparência e Participação,estadic/ESTADIC_TRANSP_CONTEUDO,estadic,ESTADIC_TRANSP_CONTEUDO,total,Conteúdo da página internet / portal da transparência,prop_0_100,governo_estadual,81.82,2024
CE,1,Governança do Governo Digital,iospd/IOSPD_I10,iospd,IOSPD_I10,total,Estratégia de governo digital (IOSPD I.10),indice_0_10,uf,0.0,2025
CE,2,Qualidade dos Serviços Digitais,iospd/IOSPD_I01,iospd,IOSPD_I01,total,Portal único ou de serviços (IOSPD I.1),indice_0_10,uf,100.0,2025
CE,2,Qualidade dos Serviços Digitais,iospd/IOSPD_I03,iospd,IOSPD_I03,total,Agendamento digital unificado (IOSPD I.3),indice_0_10,uf,100.0,2025
CE,2,Qualidade dos Serviços Digitais,iospd/IOSPD_I04,iospd,IOSPD_I04,total,Avaliação de satisfação dos usuários (IOSPD I.4),indice_0_10,uf,100.0,2025
CE,2,Qualidade dos Serviços Digitais,iospd/IOSPD_I06,iospd,IOSPD_I06,total,Gestão de cadastro e perfil do cidadão (IOSPD I.6),indice_0_10,uf,100.0,2025
CE,2,Qualidade dos Serviços Digitais,iospd/IOSPD_I07,iospd,IOSPD_I07,total,Ouvidoria integrada ao portal (IOSPD I.7),indice_0_10,uf,100.0,2025
CE,2,Qualidade dos Serviços Digitais,iospd/IOSPD_I08,iospd,IOSPD_I08,total,Simplificação de serviços online (IOSPD I.8),indice_0_10,uf,100.0,2025
CE,2,Qualidade dos Serviços Digitais,iospd/IOSPD_I12,iospd,IOSPD_I12,total,Ferramenta digital integrada de atendimento (IOSPD I.12),indice_0_10,uf,100.0,2025
CE,2,Qualidade dos Serviços Digitais,iospd/IOSPD_II01,iospd,IOSPD_II01,total,Rematrícula online escolas estaduais (IOSPD II.1),indice_0_10,uf,100.0,2025
CE,2,Qualidade dos Serviços Digitais,iospd/IOSPD_II02,iospd,IOSPD_II02,total,Solicitação de medicamento de alto custo digital (IOSPD II.2),indice_0_10,uf,0.0,2025
CE,2,Qualidade dos Serviços Digitais,iospd/IOSPD_II03,iospd,IOSPD_II03,total,Tele-atendimento saúde por videoconferência (IOSPD II.3),indice_0_10,uf,100.0,2025
CE,2,Qualidade dos Serviços Digitais,iospd/IOSPD_II04,iospd,IOSPD_II04,total,Prova de vida online (IOSPD II.4),indice_0_10,uf,100.0,2025
CE,2,Qualidade dos Serviços Digitais,iospd/IOSPD_II05,iospd,IOSPD_II05,total,Recurso/defesa online infrações de trânsito (IOSPD II.5),indice_0_10,uf,100.0,2025
CE,2,Qualidade dos Serviços Digitais,iospd/IOSPD_II06,iospd,IOSPD_II06,total,Registro digital reclamação CDC (IOSPD II.6),indice_0_10,uf,100.0,2025
CE,2,Qualidade dos Serviços Digitais,iospd/IOSPD_II07,iospd,IOSPD_II07,total,Solicitação online 2ª via RG (IOSPD II.7),indice_0_10,uf,100.0,2025
CE,2,Qualidade dos Serviços Digitais,iospd/IOSPD_II08,iospd,IOSPD_II08,total,Boletim de ocorrência online violência doméstica (IOSPD II.8),indice_0_10,uf,100.0,2025
CE,2,Qualidade dos Serviços Digitais,iospd/IOSPD_II09,iospd,IOSPD_II09,total,Consulta online medicamentos disponíveis (IOSPD II.9),indice_0_10,uf,0.0,2025
CE,2,Qualidade dos Serviços Digitais,iospd/IOSPD_II10,iospd,IOSPD_II10,total,Emissão/envio de receita médica online (IOSPD II.10),indice_0_10,uf,0.0,2025
CE,2,Qualidade dos Serviços Digitais,iospd/IOSPD_II11,iospd,IOSPD_II11,total,Emissão online diplomas ensino médio (IOSPD II.11),indice_0_10,uf,0.0,2025
CE,2,Qualidade dos Serviços Digitais,iospd/IOSPD_II12,iospd,IOSPD_II12,total,Transferência online entre escolas estaduais (IOSPD II.12),indice_0_10,uf,0.0,2025
CE,2,Qualidade dos Serviços Digitais,iospd/IOSPD_III01a,iospd,IOSPD_III01a,total,Carta de Serviços normatizada (IOSPD III.1a),indice_0_10,uf,100.0,2025
CE,2,Qualidade dos Serviços Digitais,iospd/IOSPD_III01b,iospd,IOSPD_III01b,total,Ouvidorias Públicas normatizadas (IOSPD III.1b),indice_0_10,uf,100.0,2025
CE,2,Qualidade dos Serviços Digitais,iospd/IOSPD_III01c,iospd,IOSPD_III01c,total,Conselho de Usuários normatizado (IOSPD III.1c),indice_0_10,uf,0.0,2025
CE,2,Qualidade dos Serviços Digitais,iospd/IOSPD_III01d,iospd,IOSPD_III01d,total,Avaliação de Serviços Públicos normatizada (IOSPD III.1d),indice_0_10,uf,0.0,2025
CE,2,Qualidade dos Serviços Digitais,iospd/IOSPD_IV01,iospd,IOSPD_IV01,total,Tempos verbais 2ª/3ª pessoa (IOSPD IV.1),indice_0_10,uf,100.0,2025
CE,2,Qualidade dos Serviços Digitais,iospd/IOSPD_IV02,iospd,IOSPD_IV02,total,Frases curtas com ação única (IOSPD IV.2),indice_0_10,uf,100.0,2025
CE,2,Qualidade dos Serviços Digitais,iospd/IOSPD_IV03,iospd,IOSPD_IV03,total,Título objetivo e curto (IOSPD IV.3),indice_0_10,uf,100.0,2025
CE,2,Qualidade dos Serviços Digitais,iospd/IOSPD_IV04,iospd,IOSPD_IV04,total,Parágrafos curtos (IOSPD IV.4),indice_0_10,uf,100.0,2025
CE,2,Qualidade dos Serviços Digitais,iospd/IOSPD_IV05,iospd,IOSPD_IV05,total,Uso do tempo presente (IOSPD IV.5),indice_0_10,uf,100.0,2025
CE,2,Qualidade dos Serviços Digitais,iospd/IOSPD_IV06,iospd,IOSPD_IV06,total,Uso de caracteres especiais (IOSPD IV.6),indice_0_10,uf,100.0,2025
CE,2,Qualidade dos Serviços Digitais,iospd/IOSPD_IV07,iospd,IOSPD_IV07,total,Vocabulário de fácil entendimento (IOSPD IV.7),indice_0_10,uf,100.0,2025
CE,2,Qualidade dos Serviços Digitais,iospd/IOSPD_IV08,iospd,IOSPD_IV08,total,Aplicação da técnica de Linguagem Simples (IOSPD IV.8),indice_0_10,uf,0.0,2025
CE,2,Qualidade dos Serviços Digitais,iospd/IOSPD_IV09,iospd,IOSPD_IV09,total,Mecanismo de melhoria na apresentação (IOSPD IV.9),indice_0_10,uf,100.0,2025
CE,2,Qualidade dos Serviços Digitais,iospd/IOSPD_V01,iospd,IOSPD_V01,total,Aplicativo móvel para portal de serviços (IOSPD V.1),indice_0_10,uf,100.0,2025
CE,2,Qualidade dos Serviços Digitais,iospd/IOSPD_V03,iospd,IOSPD_V03,total,Pagamento por PIX/cartão digital (IOSPD V.3),indice_0_10,uf,66.7,2025
CE,2,Qualidade dos Serviços Digitais,iospd/IOSPD_V04,iospd,IOSPD_V04,total,Ambiente autenticado e personalizado de serviços (IOSPD V.4),indice_0_10,uf,100.0,2025
CE,2,Qualidade dos Serviços Digitais,iospd/IOSPD_V05,iospd,IOSPD_V05,total,Licenciamento de veículo com pagamento eletrônico (IOSPD V.5),indice_0_10,uf,100.0,2025
CE,2,Qualidade dos Serviços Digitais,iospd/IOSPD_V06,iospd,IOSPD_V06,total,Certidão Negativa Estadual online (IOSPD V.6),indice_0_10,uf,100.0,2025
CE,2,Qualidade dos Serviços Digitais,iospd/IOSPD_V08,iospd,IOSPD_V08,total,Transferência digital de veículos (IOSPD V.8),indice_0_10,uf,100.0,2025
CE,2,Qualidade dos Serviços Digitais,iospd/IOSPD_V09,iospd,IOSPD_V09,total,Acessibilidade da plataforma digital (IOSPD V.9),indice_0_10,uf,100.0,2025
CE,2,Qualidade dos Serviços Digitais,estadic/ESTADIC_ACESSIBILIDADE,estadic,ESTADIC_ACESSIBILIDADE,total,Acessibilidade da página e serviços eletrônicos,prop_0_100,governo_estadual,22.22,2024
CE,2,Qualidade dos Serviços Digitais,estadic/ESTADIC_ATEND_DISTANCIA,estadic,ESTADIC_ATEND_DISTANCIA,total,Formas de atendimento a distância ao cidadão,prop_0_100,governo_estadual,75.0,2024
CE,2,Qualidade dos Serviços Digitais,estadic/ESTADIC_ATIV_REDES,estadic,ESTADIC_ATIV_REDES,total,Atividades do governo nas redes sociais nos últimos 12 meses,prop_0_100,governo_estadual,50.0,2024
CE,2,Qualidade dos Serviços Digitais,estadic/ESTADIC_BILHETE_UNICO,estadic,ESTADIC_BILHETE_UNICO,total,Bilhete único para uso de transporte público,prop_0_100,governo_estadual,100.0,2024
CE,2,Qualidade dos Serviços Digitais,estadic/ESTADIC_FREQ_REDES,estadic,ESTADIC_FREQ_REDES,total,Frequência de atualização do conteúdo nas redes sociais,prop_0_100,governo_estadual,100.0,2024
CE,2,Qualidade dos Serviços Digitais,estadic/ESTADIC_MODELO_ACESS,estadic,ESTADIC_MODELO_ACESS,total,Modelo de acessibilidade adotado,prop_0_100,governo_estadual,50.0,2024
CE,2,Qualidade dos Serviços Digitais,estadic/ESTADIC_REDES_SOCIAIS,estadic,ESTADIC_REDES_SOCIAIS,total,Plataformas de rede social do governo estadual,prop_0_100,governo_estadual,55.56,2024
CE,2,Qualidade dos Serviços Digitais,estadic/ESTADIC_SERV_CELULAR,estadic,ESTADIC_SERV_CELULAR,total,Serviços disponibilizados por celular/smartphone,prop_0_100,governo_estadual,71.43,2024
CE,2,Qualidade dos Serviços Digitais,estadic/ESTADIC_SERV_INFORMATIVOS,estadic,ESTADIC_SERV_INFORMATIVOS,total,Serviços informativos disponibilizados na página da internet,prop_0_100,governo_estadual,87.5,2024
CE,2,Qualidade dos Serviços Digitais,estadic/ESTADIC_SERV_TRANSACIONAIS,estadic,ESTADIC_SERV_TRANSACIONAIS,total,Serviços transacionais disponibilizados na página da internet,prop_0_100,governo_estadual,76.92,2024
CE,3,Identificação Única,iospd/IOSPD_I09,iospd,IOSPD_I09,total,Assinatura eletrônica Gov.br (IOSPD I.9),indice_0_10,uf,100.0,2025
CE,3,Identificação Única,iospd/IOSPD_V07,iospd,IOSPD_V07,total,Emissão da CIN — Carteira de Identidade Nacional (IOSPD V.7),indice_0_10,uf,100.0,2025
CE,4,Segurança e LGPD,iospd/IOSPD_III07,iospd,IOSPD_III07,total,Consentimento LGPD no portal (IOSPD III.7),indice_0_10,uf,0.0,2025
CE,4,Segurança e LGPD,estadic/ESTADIC_LGPD_CANAL_TITULAR,estadic,ESTADIC_LGPD_CANAL_TITULAR,total,Canal internet para titulares de dados (LGPD),prop_0_100,governo_estadual,100.0,2024
CE,4,Segurança e LGPD,estadic/ESTADIC_LGPD_CAPACIT,estadic,ESTADIC_LGPD_CAPACIT,total,Cursos segurança da informação e proteção de dados para servidores,prop_0_100,governo_estadual,100.0,2024
CE,4,Segurança e LGPD,estadic/ESTADIC_LGPD_REGULAMENT,estadic,ESTADIC_LGPD_REGULAMENT,total,Regulamentação estadual específica sobre LGPD,prop_0_100,governo_estadual,100.0,2024
CE,4,Segurança e LGPD,estadic/ESTADIC_LGPD_RESP,estadic,ESTADIC_LGPD_RESP,total,Responsável LGPD designado,prop_0_100,governo_estadual,100.0,2024
CE,5,Dados e Interoperabilidade,iospd/IOSPD_I05,iospd,IOSPD_I05,total,Governança de dados (IOSPD I.5),indice_0_10,uf,100.0,2025
CE,5,Dados e Interoperabilidade,estadic/ESTADIC_FORMATO_DADOS,estadic,ESTADIC_FORMATO_DADOS,total,Formato de publicação dos dados da administração estadual,prop_0_100,governo_estadual,25.0,2024
CE,6,Infraestrutura,estadic/ESTADIC_INCLUSAO_PROGRAMA,estadic,ESTADIC_INCLUSAO_PROGRAMA,total,Desenvolve programa ou ação de inclusão digital,prop_0_100,governo_estadual,100.0,2024
CE,6,Infraestrutura,estadic/ESTADIC_WIFI_EXISTE,estadic,ESTADIC_WIFI_EXISTE,total,Disponibiliza acesso por conexão Wi-Fi pública,prop_0_100,governo_estadual,100.0,2024
CE,7,Inovação e Tecnologias Emergentes,iospd/IOSPD_III06,iospd,IOSPD_III06,total,Laboratório de Inovação em Governo (IOSPD III.6),indice_0_10,uf,100.0,2025
CE,7,Inovação e Tecnologias Emergentes,iospd/IOSPD_V02,iospd,IOSPD_V02,total,Uso de IA/ciência de dados em serviço público (IOSPD V.2),indice_0_10,uf,0.0,2025
CE,7,Inovação e Tecnologias Emergentes,estadic/ESTADIC_CAPACIT_EMPREEND,estadic,ESTADIC_CAPACIT_EMPREEND,total,Capacitação para empreendedorismo digital,prop_0_100,governo_estadual,100.0,2024
CE,7,Inovação e Tecnologias Emergentes,estadic/ESTADIC_ESPACO_INOVACAO,estadic,ESTADIC_ESPACO_INOVACAO,total,"Espaços de inovação, coworking ou espaços compartilhados",prop_0_100,governo_estadual,0.0,2024
CE,7,Inovação e Tecnologias Emergentes,estadic/ESTADIC_PREMIO_INOVACAO,estadic,ESTADIC_PREMIO_INOVACAO,total,Prêmio ou edital para empresas inovadoras e projetos criativos,prop_0_100,governo_estadual,0.0,2024
CE,8,Eficiência e Processos,iospd/IOSPD_III02,iospd,IOSPD_III02,total,Grupos de desburocratização regulamentados (IOSPD III.2),indice_0_10,uf,0.0,2025
CE,9,Transparência e Participação,iospd/IOSPD_I11,iospd,IOSPD_I11,total,Cartas de Serviços na Base Nacional (IOSPD I.11),indice_0_10,uf,100.0,2025
CE,9,Transparência e Participação,estadic/ESTADIC_CONSELHO_TRANSP,estadic,ESTADIC_CONSELHO_TRANSP,total,Conselho Estadual de Transparência ou similar,prop_0_100,governo_estadual,0.0,2024
CE,9,Transparência e Participação,estadic/ESTADIC_CTRL_INT_ONLINE,estadic,ESTADIC_CTRL_INT_ONLINE,total,Informações do controle interno publicadas na internet,prop_0_100,governo_estadual,62.5,2024
CE,9,Transparência e Participação,estadic/ESTADIC_LAI_CONTEUDO,estadic,ESTADIC_LAI_CONTEUDO,total,Conteúdo da legislação estadual de acesso à informação (LAI),prop_0_100,governo_estadual,100.0,2024
CE,9,Transparência e Participação,estadic/ESTADIC_LAI_MEIOS,estadic,ESTADIC_LAI_MEIOS,total,Meios de solicitação de acesso à informação pública,prop_0_100,governo_estadual,66.67,2024
CE,9,Transparência e Participação,estadic/ESTADIC_ORCAM_TEMPO_REAL,estadic,ESTADIC_ORCAM_TEMPO_REAL,total,Disponibiliza informações orçamentárias/financeiras em tempo real,prop_0_100,governo_estadual,100.0,2024
CE,9,Transparência e Participação,estadic/ESTADIC_PARTICIP_INTERNET,estadic,ESTADIC_PARTICIP_INTERNET,total,Formas de participação do cidadão pela internet,prop_0_100,governo_estadual,40.0,2024
CE,9,Transparência e Participação,estadic/ESTADIC_PORTAL_TRANSP,estadic,ESTADIC_PORTAL_TRANSP,total,Portal da transparência e portal de dados abertos,prop_0_100,governo_estadual,66.67,2024
CE,9,Transparência e Participação,estadic/ESTADIC_TRANSP_CONTEUDO,estadic,ESTADIC_TRANSP_CONTEUDO,total,Conteúdo da página internet / portal da transparência,prop_0_100,governo_estadual,36.36,2024
RN,1,Governança do Governo Digital,iospd/IOSPD_I10,iospd,IOSPD_I10,total,Estratégia de governo digital (IOSPD I.10),indice_0_10,uf,0.0,2025
RN,2,Qualidade dos Serviços Digitais,iospd/IOSPD_I01,iospd,IOSPD_I01,total,Portal único ou de serviços (IOSPD I.1),indice_0_10,uf,0.0,2025
RN,2,Qualidade dos Serviços Digitais,iospd/IOSPD_I03,iospd,IOSPD_I03,total,Agendamento digital unificado (IOSPD I.3),indice_0_10,uf,0.0,2025
RN,2,Qualidade dos Serviços Digitais,iospd/IOSPD_I04,iospd,IOSPD_I04,total,Avaliação de satisfação dos usuários (IOSPD I.4),indice_0_10,uf,0.0,2025
RN,2,Qualidade dos Serviços Digitais,iospd/IOSPD_I06,iospd,IOSPD_I06,total,Gestão de cadastro e perfil do cidadão (IOSPD I.6),indice_0_10,uf,0.0,2025
RN,2,Qualidade dos Serviços Digitais,iospd/IOSPD_I07,iospd,IOSPD_I07,total,Ouvidoria integrada ao portal (IOSPD I.7),indice_0_10,uf,0.0,2025
RN,2,Qualidade dos Serviços Digitais,iospd/IOSPD_I08,iospd,IOSPD_I08,total,Simplificação de serviços online (IOSPD I.8),indice_0_10,uf,0.0,2025
RN,2,Qualidade dos Serviços Digitais,iospd/IOSPD_I12,iospd,IOSPD_I12,total,Ferramenta digital integrada de atendimento (IOSPD I.12),indice_0_10,uf,0.0,2025
RN,2,Qualidade dos Serviços Digitais,iospd/IOSPD_II01,iospd,IOSPD_II01,total,Rematrícula online escolas estaduais (IOSPD II.1),indice_0_10,uf,0.0,2025
RN,2,Qualidade dos Serviços Digitais,iospd/IOSPD_II02,iospd,IOSPD_II02,total,Solicitação de medicamento de alto custo digital (IOSPD II.2),indice_0_10,uf,0.0,2025
RN,2,Qualidade dos Serviços Digitais,iospd/IOSPD_II03,iospd,IOSPD_II03,total,Tele-atendimento saúde por videoconferência (IOSPD II.3),indice_0_10,uf,0.0,2025
RN,2,Qualidade dos Serviços Digitais,iospd/IOSPD_II04,iospd,IOSPD_II04,total,Prova de vida online (IOSPD II.4),indice_0_10,uf,0.0,2025
RN,2,Qualidade dos Serviços Digitais,iospd/IOSPD_II05,iospd,IOSPD_II05,total,Recurso/defesa online infrações de trânsito (IOSPD II.5),indice_0_10,uf,0.0,2025
RN,2,Qualidade dos Serviços Digitais,iospd/IOSPD_II06,iospd,IOSPD_II06,total,Registro digital reclamação CDC (IOSPD II.6),indice_0_10,uf,0.0,2025
RN,2,Qualidade dos Serviços Digitais,iospd/IOSPD_II07,iospd,IOSPD_II07,total,Solicitação online 2ª via RG (IOSPD II.7),indice_0_10,uf,100.0,2025
RN,2,Qualidade dos Serviços Digitais,iospd/IOSPD_II08,iospd,IOSPD_II08,total,Boletim de ocorrência online violência doméstica (IOSPD II.8),indice_0_10,uf,100.0,2025
RN,2,Qualidade dos Serviços Digitais,iospd/IOSPD_II09,iospd,IOSPD_II09,total,Consulta online medicamentos disponíveis (IOSPD II.9),indice_0_10,uf,0.0,2025
RN,2,Qualidade dos Serviços Digitais,iospd/IOSPD_II10,iospd,IOSPD_II10,total,Emissão/envio de receita médica online (IOSPD II.10),indice_0_10,uf,0.0,2025
RN,2,Qualidade dos Serviços Digitais,iospd/IOSPD_II11,iospd,IOSPD_II11,total,Emissão online diplomas ensino médio (IOSPD II.11),indice_0_10,uf,0.0,2025
RN,2,Qualidade dos Serviços Digitais,iospd/IOSPD_II12,iospd,IOSPD_II12,total,Transferência online entre escolas estaduais (IOSPD II.12),indice_0_10,uf,0.0,2025
RN,2,Qualidade dos Serviços Digitais,iospd/IOSPD_III01a,iospd,IOSPD_III01a,total,Carta de Serviços normatizada (IOSPD III.1a),indice_0_10,uf,0.0,2025
RN,2,Qualidade dos Serviços Digitais,iospd/IOSPD_III01b,iospd,IOSPD_III01b,total,Ouvidorias Públicas normatizadas (IOSPD III.1b),indice_0_10,uf,0.0,2025
RN,2,Qualidade dos Serviços Digitais,iospd/IOSPD_III01c,iospd,IOSPD_III01c,total,Conselho de Usuários normatizado (IOSPD III.1c),indice_0_10,uf,0.0,2025
RN,2,Qualidade dos Serviços Digitais,iospd/IOSPD_III01d,iospd,IOSPD_III01d,total,Avaliação de Serviços Públicos normatizada (IOSPD III.1d),indice_0_10,uf,0.0,2025
RN,2,Qualidade dos Serviços Digitais,iospd/IOSPD_IV01,iospd,IOSPD_IV01,total,Tempos verbais 2ª/3ª pessoa (IOSPD IV.1),indice_0_10,uf,0.0,2025
RN,2,Qualidade dos Serviços Digitais,iospd/IOSPD_IV02,iospd,IOSPD_IV02,total,Frases curtas com ação única (IOSPD IV.2),indice_0_10,uf,0.0,2025
RN,2,Qualidade dos Serviços Digitais,iospd/IOSPD_IV03,iospd,IOSPD_IV03,total,Título objetivo e curto (IOSPD IV.3),indice_0_10,uf,0.0,2025
RN,2,Qualidade dos Serviços Digitais,iospd/IOSPD_IV04,iospd,IOSPD_IV04,total,Parágrafos curtos (IOSPD IV.4),indice_0_10,uf,0.0,2025
RN,2,Qualidade dos Serviços Digitais,iospd/IOSPD_IV05,iospd,IOSPD_IV05,total,Uso do tempo presente (IOSPD IV.5),indice_0_10,uf,0.0,2025
RN,2,Qualidade dos Serviços Digitais,iospd/IOSPD_IV06,iospd,IOSPD_IV06,total,Uso de caracteres especiais (IOSPD IV.6),indice_0_10,uf,0.0,2025
RN,2,Qualidade dos Serviços Digitais,iospd/IOSPD_IV07,iospd,IOSPD_IV07,total,Vocabulário de fácil entendimento (IOSPD IV.7),indice_0_10,uf,0.0,2025
RN,2,Qualidade dos Serviços Digitais,iospd/IOSPD_IV08,iospd,IOSPD_IV08,total,Aplicação da técnica de Linguagem Simples (IOSPD IV.8),indice_0_10,uf,0.0,2025
RN,2,Qualidade dos Serviços Digitais,iospd/IOSPD_IV09,iospd,IOSPD_IV09,total,Mecanismo de melhoria na apresentação (IOSPD IV.9),indice_0_10,uf,0.0,2025
RN,2,Qualidade dos Serviços Digitais,iospd/IOSPD_V01,iospd,IOSPD_V01,total,Aplicativo móvel para portal de serviços (IOSPD V.1),indice_0_10,uf,0.0,2025
RN,2,Qualidade dos Serviços Digitais,iospd/IOSPD_V03,iospd,IOSPD_V03,total,Pagamento por PIX/cartão digital (IOSPD V.3),indice_0_10,uf,0.0,2025
RN,2,Qualidade dos Serviços Digitais,iospd/IOSPD_V04,iospd,IOSPD_V04,total,Ambiente autenticado e personalizado de serviços (IOSPD V.4),indice_0_10,uf,0.0,2025
RN,2,Qualidade dos Serviços Digitais,iospd/IOSPD_V05,iospd,IOSPD_V05,total,Licenciamento de veículo com pagamento eletrônico (IOSPD V.5),indice_0_10,uf,100.0,2025
RN,2,Qualidade dos Serviços Digitais,iospd/IOSPD_V06,iospd,IOSPD_V06,total,Certidão Negativa Estadual online (IOSPD V.6),indice_0_10,uf,100.0,2025
RN,2,Qualidade dos Serviços Digitais,iospd/IOSPD_V08,iospd,IOSPD_V08,total,Transferência digital de veículos (IOSPD V.8),indice_0_10,uf,100.0,2025
RN,2,Qualidade dos Serviços Digitais,iospd/IOSPD_V09,iospd,IOSPD_V09,total,Acessibilidade da plataforma digital (IOSPD V.9),indice_0_10,uf,0.0,2025
RN,2,Qualidade dos Serviços Digitais,estadic/ESTADIC_ACESSIBILIDADE,estadic,ESTADIC_ACESSIBILIDADE,total,Acessibilidade da página e serviços eletrônicos,prop_0_100,governo_estadual,44.44,2024
RN,2,Qualidade dos Serviços Digitais,estadic/ESTADIC_ATEND_DISTANCIA,estadic,ESTADIC_ATEND_DISTANCIA,total,Formas de atendimento a distância ao cidadão,prop_0_100,governo_estadual,75.0,2024
RN,2,Qualidade dos Serviços Digitais,estadic/ESTADIC_ATIV_REDES,estadic,ESTADIC_ATIV_REDES,total,Atividades do governo nas redes sociais nos últimos 12 meses,prop_0_100,governo_estadual,66.67,2024
RN,2,Qualidade dos Serviços Digitais,estadic/ESTADIC_BILHETE_UNICO,estadic,ESTADIC_BILHETE_UNICO,total,Bilhete único para uso de transporte público,prop_0_100,governo_estadual,0.0,2024
RN,2,Qualidade dos Serviços Digitais,estadic/ESTADIC_FREQ_REDES,estadic,ESTADIC_FREQ_REDES,total,Frequência de atualização do conteúdo nas redes sociais,prop_0_100,governo_estadual,100.0,2024
RN,2,Qualidade dos Serviços Digitais,estadic/ESTADIC_MODELO_ACESS,estadic,ESTADIC_MODELO_ACESS,total,Modelo de acessibilidade adotado,prop_0_100,governo_estadual,100.0,2024
RN,2,Qualidade dos Serviços Digitais,estadic/ESTADIC_REDES_SOCIAIS,estadic,ESTADIC_REDES_SOCIAIS,total,Plataformas de rede social do governo estadual,prop_0_100,governo_estadual,77.78,2024
RN,2,Qualidade dos Serviços Digitais,estadic/ESTADIC_SERV_CELULAR,estadic,ESTADIC_SERV_CELULAR,total,Serviços disponibilizados por celular/smartphone,prop_0_100,governo_estadual,42.86,2024
RN,2,Qualidade dos Serviços Digitais,estadic/ESTADIC_SERV_INFORMATIVOS,estadic,ESTADIC_SERV_INFORMATIVOS,total,Serviços informativos disponibilizados na página da internet,prop_0_100,governo_estadual,87.5,2024
RN,2,Qualidade dos Serviços Digitais,estadic/ESTADIC_SERV_TRANSACIONAIS,estadic,ESTADIC_SERV_TRANSACIONAIS,total,Serviços transacionais disponibilizados na página da internet,prop_0_100,governo_estadual,92.31,2024
RN,3,Identificação Única,iospd/IOSPD_I09,iospd,IOSPD_I09,total,Assinatura eletrônica Gov.br (IOSPD I.9),indice_0_10,uf,33.3,2025
RN,3,Identificação Única,iospd/IOSPD_V07,iospd,IOSPD_V07,total,Emissão da CIN — Carteira de Identidade Nacional (IOSPD V.7),indice_0_10,uf,0.0,2025
RN,4,Segurança e LGPD,iospd/IOSPD_III07,iospd,IOSPD_III07,total,Consentimento LGPD no portal (IOSPD III.7),indice_0_10,uf,0.0,2025
RN,4,Segurança e LGPD,estadic/ESTADIC_LGPD_CANAL_TITULAR,estadic,ESTADIC_LGPD_CANAL_TITULAR,total,Canal internet para titulares de dados (LGPD),prop_0_100,governo_estadual,100.0,2024
RN,4,Segurança e LGPD,estadic/ESTADIC_LGPD_CAPACIT,estadic,ESTADIC_LGPD_CAPACIT,total,Cursos segurança da informação e proteção de dados para servidores,prop_0_100,governo_estadual,100.0,2024
RN,4,Segurança e LGPD,estadic/ESTADIC_LGPD_REGULAMENT,estadic,ESTADIC_LGPD_REGULAMENT,total,Regulamentação estadual específica sobre LGPD,prop_0_100,governo_estadual,100.0,2024
RN,4,Segurança e LGPD,estadic/ESTADIC_LGPD_RESP,estadic,ESTADIC_LGPD_RESP,total,Responsável LGPD designado,prop_0_100,governo_estadual,100.0,2024
RN,5,Dados e Interoperabilidade,iospd/IOSPD_I05,iospd,IOSPD_I05,total,Governança de dados (IOSPD I.5),indice_0_10,uf,0.0,2025
RN,5,Dados e Interoperabilidade,estadic/ESTADIC_FORMATO_DADOS,estadic,ESTADIC_FORMATO_DADOS,total,Formato de publicação dos dados da administração estadual,prop_0_100,governo_estadual,25.0,2024
RN,6,Infraestrutura,estadic/ESTADIC_INCLUSAO_PROGRAMA,estadic,ESTADIC_INCLUSAO_PROGRAMA,total,Desenvolve programa ou ação de inclusão digital,prop_0_100,governo_estadual,100.0,2024
RN,6,Infraestrutura,estadic/ESTADIC_WIFI_EXISTE,estadic,ESTADIC_WIFI_EXISTE,total,Disponibiliza acesso por conexão Wi-Fi pública,prop_0_100,governo_estadual,100.0,2024
RN,7,Inovação e Tecnologias Emergentes,iospd/IOSPD_III06,iospd,IOSPD_III06,total,Laboratório de Inovação em Governo (IOSPD III.6),indice_0_10,uf,100.0,2025
RN,7,Inovação e Tecnologias Emergentes,iospd/IOSPD_V02,iospd,IOSPD_V02,total,Uso de IA/ciência de dados em serviço público (IOSPD V.2),indice_0_10,uf,0.0,2025
RN,7,Inovação e Tecnologias Emergentes,estadic/ESTADIC_CAPACIT_EMPREEND,estadic,ESTADIC_CAPACIT_EMPREEND,total,Capacitação para empreendedorismo digital,prop_0_100,governo_estadual,0.0,2024
RN,7,Inovação e Tecnologias Emergentes,estadic/ESTADIC_ESPACO_INOVACAO,estadic,ESTADIC_ESPACO_INOVACAO,total,"Espaços de inovação, coworking ou espaços compartilhados",prop_0_100,governo_estadual,0.0,2024
RN,7,Inovação e Tecnologias Emergentes,estadic/ESTADIC_PREMIO_INOVACAO,estadic,ESTADIC_PREMIO_INOVACAO,total,Prêmio ou edital para empresas inovadoras e projetos criativos,prop_0_100,governo_estadual,100.0,2024
RN,8,Eficiência e Processos,iospd/IOSPD_III02,iospd,IOSPD_III02,total,Grupos de desburocratização regulamentados (IOSPD III.2),indice_0_10,uf,0.0,2025
RN,9,Transparência e Participação,iospd/IOSPD_I11,iospd,IOSPD_I11,total,Cartas de Serviços na Base Nacional (IOSPD I.11),indice_0_10,uf,0.0,2025
RN,9,Transparência e Participação,estadic/ESTADIC_CONSELHO_TRANSP,estadic,ESTADIC_CONSELHO_TRANSP,total,Conselho Estadual de Transparência ou similar,prop_0_100,governo_estadual,100.0,2024
RN,9,Transparência e Participação,estadic/ESTADIC_CTRL_INT_ONLINE,estadic,ESTADIC_CTRL_INT_ONLINE,total,Informações do controle interno publicadas na internet,prop_0_100,governo_estadual,75.0,2024
RN,9,Transparência e Participação,estadic/ESTADIC_LAI_CONTEUDO,estadic,ESTADIC_LAI_CONTEUDO,total,Conteúdo da legislação estadual de acesso à informação (LAI),prop_0_100,governo_estadual,50.0,2024
RN,9,Transparência e Participação,estadic/ESTADIC_LAI_MEIOS,estadic,ESTADIC_LAI_MEIOS,total,Meios de solicitação de acesso à informação pública,prop_0_100,governo_estadual,16.67,2024
RN,9,Transparência e Participação,estadic/ESTADIC_ORCAM_TEMPO_REAL,estadic,ESTADIC_ORCAM_TEMPO_REAL,total,Disponibiliza informações orçamentárias/financeiras em tempo real,prop_0_100,governo_estadual,100.0,2024
RN,9,Transparência e Participação,estadic/ESTADIC_PARTICIP_INTERNET,estadic,ESTADIC_PARTICIP_INTERNET,total,Formas de participação do cidadão pela internet,prop_0_100,governo_estadual,80.0,2024
RN,9,Transparência e Participação,estadic/ESTADIC_PORTAL_TRANSP,estadic,ESTADIC_PORTAL_TRANSP,total,Portal da transparência e portal de dados abertos,prop_0_100,governo_estadual,33.33,2024
RN,9,Transparência e Participação,estadic/ESTADIC_TRANSP_CONTEUDO,estadic,ESTADIC_TRANSP_CONTEUDO,total,Conteúdo da página internet / portal da transparência,prop_0_100,governo_estadual,72.73,2024
PB,1,Governança do Governo Digital,iospd/IOSPD_I10,iospd,IOSPD_I10,total,Estratégia de governo digital (IOSPD I.10),indice_0_10,uf,0.0,2025
PB,2,Qualidade dos Serviços Digitais,iospd/IOSPD_I01,iospd,IOSPD_I01,total,Portal único ou de serviços (IOSPD I.1),indice_0_10,uf,50.0,2025
PB,2,Qualidade dos Serviços Digitais,iospd/IOSPD_I03,iospd,IOSPD_I03,total,Agendamento digital unificado (IOSPD I.3),indice_0_10,uf,0.0,2025
PB,2,Qualidade dos Serviços Digitais,iospd/IOSPD_I04,iospd,IOSPD_I04,total,Avaliação de satisfação dos usuários (IOSPD I.4),indice_0_10,uf,0.0,2025
PB,2,Qualidade dos Serviços Digitais,iospd/IOSPD_I06,iospd,IOSPD_I06,total,Gestão de cadastro e perfil do cidadão (IOSPD I.6),indice_0_10,uf,0.0,2025
PB,2,Qualidade dos Serviços Digitais,iospd/IOSPD_I07,iospd,IOSPD_I07,total,Ouvidoria integrada ao portal (IOSPD I.7),indice_0_10,uf,0.0,2025
PB,2,Qualidade dos Serviços Digitais,iospd/IOSPD_I08,iospd,IOSPD_I08,total,Simplificação de serviços online (IOSPD I.8),indice_0_10,uf,0.0,2025
PB,2,Qualidade dos Serviços Digitais,iospd/IOSPD_I12,iospd,IOSPD_I12,total,Ferramenta digital integrada de atendimento (IOSPD I.12),indice_0_10,uf,0.0,2025
PB,2,Qualidade dos Serviços Digitais,iospd/IOSPD_II01,iospd,IOSPD_II01,total,Rematrícula online escolas estaduais (IOSPD II.1),indice_0_10,uf,0.0,2025
PB,2,Qualidade dos Serviços Digitais,iospd/IOSPD_II02,iospd,IOSPD_II02,total,Solicitação de medicamento de alto custo digital (IOSPD II.2),indice_0_10,uf,0.0,2025
PB,2,Qualidade dos Serviços Digitais,iospd/IOSPD_II03,iospd,IOSPD_II03,total,Tele-atendimento saúde por videoconferência (IOSPD II.3),indice_0_10,uf,0.0,2025
PB,2,Qualidade dos Serviços Digitais,iospd/IOSPD_II04,iospd,IOSPD_II04,total,Prova de vida online (IOSPD II.4),indice_0_10,uf,0.0,2025
PB,2,Qualidade dos Serviços Digitais,iospd/IOSPD_II05,iospd,IOSPD_II05,total,Recurso/defesa online infrações de trânsito (IOSPD II.5),indice_0_10,uf,100.0,2025
PB,2,Qualidade dos Serviços Digitais,iospd/IOSPD_II06,iospd,IOSPD_II06,total,Registro digital reclamação CDC (IOSPD II.6),indice_0_10,uf,0.0,2025
PB,2,Qualidade dos Serviços Digitais,iospd/IOSPD_II07,iospd,IOSPD_II07,total,Solicitação online 2ª via RG (IOSPD II.7),indice_0_10,uf,100.0,2025
PB,2,Qualidade dos Serviços Digitais,iospd/IOSPD_II08,iospd,IOSPD_II08,total,Boletim de ocorrência online violência doméstica (IOSPD II.8),indice_0_10,uf,100.0,2025
PB,2,Qualidade dos Serviços Digitais,iospd/IOSPD_II09,iospd,IOSPD_II09,total,Consulta online medicamentos disponíveis (IOSPD II.9),indice_0_10,uf,0.0,2025
PB,2,Qualidade dos Serviços Digitais,iospd/IOSPD_II10,iospd,IOSPD_II10,total,Emissão/envio de receita médica online (IOSPD II.10),indice_0_10,uf,0.0,2025
PB,2,Qualidade dos Serviços Digitais,iospd/IOSPD_II11,iospd,IOSPD_II11,total,Emissão online diplomas ensino médio (IOSPD II.11),indice_0_10,uf,0.0,2025
PB,2,Qualidade dos Serviços Digitais,iospd/IOSPD_II12,iospd,IOSPD_II12,total,Transferência online entre escolas estaduais (IOSPD II.12),indice_0_10,uf,0.0,2025
PB,2,Qualidade dos Serviços Digitais,iospd/IOSPD_III01a,iospd,IOSPD_III01a,total,Carta de Serviços normatizada (IOSPD III.1a),indice_0_10,uf,100.0,2025
PB,2,Qualidade dos Serviços Digitais,iospd/IOSPD_III01b,iospd,IOSPD_III01b,total,Ouvidorias Públicas normatizadas (IOSPD III.1b),indice_0_10,uf,100.0,2025
PB,2,Qualidade dos Serviços Digitais,iospd/IOSPD_III01c,iospd,IOSPD_III01c,total,Conselho de Usuários normatizado (IOSPD III.1c),indice_0_10,uf,100.0,2025
PB,2,Qualidade dos Serviços Digitais,iospd/IOSPD_III01d,iospd,IOSPD_III01d,total,Avaliação de Serviços Públicos normatizada (IOSPD III.1d),indice_0_10,uf,0.0,2025
PB,2,Qualidade dos Serviços Digitais,iospd/IOSPD_IV01,iospd,IOSPD_IV01,total,Tempos verbais 2ª/3ª pessoa (IOSPD IV.1),indice_0_10,uf,100.0,2025
PB,2,Qualidade dos Serviços Digitais,iospd/IOSPD_IV02,iospd,IOSPD_IV02,total,Frases curtas com ação única (IOSPD IV.2),indice_0_10,uf,60.0,2025
PB,2,Qualidade dos Serviços Digitais,iospd/IOSPD_IV03,iospd,IOSPD_IV03,total,Título objetivo e curto (IOSPD IV.3),indice_0_10,uf,100.0,2025
PB,2,Qualidade dos Serviços Digitais,iospd/IOSPD_IV04,iospd,IOSPD_IV04,total,Parágrafos curtos (IOSPD IV.4),indice_0_10,uf,100.0,2025
PB,2,Qualidade dos Serviços Digitais,iospd/IOSPD_IV05,iospd,IOSPD_IV05,total,Uso do tempo presente (IOSPD IV.5),indice_0_10,uf,100.0,2025
PB,2,Qualidade dos Serviços Digitais,iospd/IOSPD_IV06,iospd,IOSPD_IV06,total,Uso de caracteres especiais (IOSPD IV.6),indice_0_10,uf,100.0,2025
PB,2,Qualidade dos Serviços Digitais,iospd/IOSPD_IV07,iospd,IOSPD_IV07,total,Vocabulário de fácil entendimento (IOSPD IV.7),indice_0_10,uf,80.0,2025
PB,2,Qualidade dos Serviços Digitais,iospd/IOSPD_IV08,iospd,IOSPD_IV08,total,Aplicação da técnica de Linguagem Simples (IOSPD IV.8),indice_0_10,uf,100.0,2025
PB,2,Qualidade dos Serviços Digitais,iospd/IOSPD_IV09,iospd,IOSPD_IV09,total,Mecanismo de melhoria na apresentação (IOSPD IV.9),indice_0_10,uf,100.0,2025
PB,2,Qualidade dos Serviços Digitais,iospd/IOSPD_V01,iospd,IOSPD_V01,total,Aplicativo móvel para portal de serviços (IOSPD V.1),indice_0_10,uf,33.3,2025
PB,2,Qualidade dos Serviços Digitais,iospd/IOSPD_V03,iospd,IOSPD_V03,total,Pagamento por PIX/cartão digital (IOSPD V.3),indice_0_10,uf,100.0,2025
PB,2,Qualidade dos Serviços Digitais,iospd/IOSPD_V04,iospd,IOSPD_V04,total,Ambiente autenticado e personalizado de serviços (IOSPD V.4),indice_0_10,uf,0.0,2025
PB,2,Qualidade dos Serviços Digitais,iospd/IOSPD_V05,iospd,IOSPD_V05,total,Licenciamento de veículo com pagamento eletrônico (IOSPD V.5),indice_0_10,uf,100.0,2025
PB,2,Qualidade dos Serviços Digitais,iospd/IOSPD_V06,iospd,IOSPD_V06,total,Certidão Negativa Estadual online (IOSPD V.6),indice_0_10,uf,100.0,2025
PB,2,Qualidade dos Serviços Digitais,iospd/IOSPD_V08,iospd,IOSPD_V08,total,Transferência digital de veículos (IOSPD V.8),indice_0_10,uf,0.0,2025
PB,2,Qualidade dos Serviços Digitais,iospd/IOSPD_V09,iospd,IOSPD_V09,total,Acessibilidade da plataforma digital (IOSPD V.9),indice_0_10,uf,33.3,2025
PB,2,Qualidade dos Serviços Digitais,estadic/ESTADIC_ACESSIBILIDADE,estadic,ESTADIC_ACESSIBILIDADE,total,Acessibilidade da página e serviços eletrônicos,prop_0_100,governo_estadual,33.33,2024
PB,2,Qualidade dos Serviços Digitais,estadic/ESTADIC_ATEND_DISTANCIA,estadic,ESTADIC_ATEND_DISTANCIA,total,Formas de atendimento a distância ao cidadão,prop_0_100,governo_estadual,25.0,2024
PB,2,Qualidade dos Serviços Digitais,estadic/ESTADIC_ATIV_REDES,estadic,ESTADIC_ATIV_REDES,total,Atividades do governo nas redes sociais nos últimos 12 meses,prop_0_100,governo_estadual,50.0,2024
PB,2,Qualidade dos Serviços Digitais,estadic/ESTADIC_BILHETE_UNICO,estadic,ESTADIC_BILHETE_UNICO,total,Bilhete único para uso de transporte público,prop_0_100,governo_estadual,0.0,2024
PB,2,Qualidade dos Serviços Digitais,estadic/ESTADIC_FREQ_REDES,estadic,ESTADIC_FREQ_REDES,total,Frequência de atualização do conteúdo nas redes sociais,prop_0_100,governo_estadual,100.0,2024
PB,2,Qualidade dos Serviços Digitais,estadic/ESTADIC_MODELO_ACESS,estadic,ESTADIC_MODELO_ACESS,total,Modelo de acessibilidade adotado,prop_0_100,governo_estadual,0.0,2024
PB,2,Qualidade dos Serviços Digitais,estadic/ESTADIC_REDES_SOCIAIS,estadic,ESTADIC_REDES_SOCIAIS,total,Plataformas de rede social do governo estadual,prop_0_100,governo_estadual,66.67,2024
PB,2,Qualidade dos Serviços Digitais,estadic/ESTADIC_SERV_CELULAR,estadic,ESTADIC_SERV_CELULAR,total,Serviços disponibilizados por celular/smartphone,prop_0_100,governo_estadual,14.29,2024
PB,2,Qualidade dos Serviços Digitais,estadic/ESTADIC_SERV_INFORMATIVOS,estadic,ESTADIC_SERV_INFORMATIVOS,total,Serviços informativos disponibilizados na página da internet,prop_0_100,governo_estadual,87.5,2024
PB,2,Qualidade dos Serviços Digitais,estadic/ESTADIC_SERV_TRANSACIONAIS,estadic,ESTADIC_SERV_TRANSACIONAIS,total,Serviços transacionais disponibilizados na página da internet,prop_0_100,governo_estadual,69.23,2024
PB,3,Identificação Única,iospd/IOSPD_I09,iospd,IOSPD_I09,total,Assinatura eletrônica Gov.br (IOSPD I.9),indice_0_10,uf,33.3,2025
PB,3,Identificação Única,iospd/IOSPD_V07,iospd,IOSPD_V07,total,Emissão da CIN — Carteira de Identidade Nacional (IOSPD V.7),indice_0_10,uf,100.0,2025
PB,4,Segurança e LGPD,iospd/IOSPD_III07,iospd,IOSPD_III07,total,Consentimento LGPD no portal (IOSPD III.7),indice_0_10,uf,0.0,2025
PB,4,Segurança e LGPD,estadic/ESTADIC_LGPD_CANAL_TITULAR,estadic,ESTADIC_LGPD_CANAL_TITULAR,total,Canal internet para titulares de dados (LGPD),prop_0_100,governo_estadual,0.0,2024
PB,4,Segurança e LGPD,estadic/ESTADIC_LGPD_CAPACIT,estadic,ESTADIC_LGPD_CAPACIT,total,Cursos segurança da informação e proteção de dados para servidores,prop_0_100,governo_estadual,0.0,2024
PB,4,Segurança e LGPD,estadic/ESTADIC_LGPD_REGULAMENT,estadic,ESTADIC_LGPD_REGULAMENT,total,Regulamentação estadual específica sobre LGPD,prop_0_100,governo_estadual,100.0,2024
PB,4,Segurança e LGPD,estadic/ESTADIC_LGPD_RESP,estadic,ESTADIC_LGPD_RESP,total,Responsável LGPD designado,prop_0_100,governo_estadual,100.0,2024
PB,5,Dados e Interoperabilidade,iospd/IOSPD_I05,iospd,IOSPD_I05,total,Governança de dados (IOSPD I.5),indice_0_10,uf,0.0,2025
PB,5,Dados e Interoperabilidade,estadic/ESTADIC_FORMATO_DADOS,estadic,ESTADIC_FORMATO_DADOS,total,Formato de publicação dos dados da administração estadual,prop_0_100,governo_estadual,39.29,2024
PB,6,Infraestrutura,estadic/ESTADIC_INCLUSAO_PROGRAMA,estadic,ESTADIC_INCLUSAO_PROGRAMA,total,Desenvolve programa ou ação de inclusão digital,prop_0_100,governo_estadual,100.0,2024
PB,6,Infraestrutura,estadic/ESTADIC_WIFI_EXISTE,estadic,ESTADIC_WIFI_EXISTE,total,Disponibiliza acesso por conexão Wi-Fi pública,prop_0_100,governo_estadual,0.0,2024
PB,7,Inovação e Tecnologias Emergentes,iospd/IOSPD_III06,iospd,IOSPD_III06,total,Laboratório de Inovação em Governo (IOSPD III.6),indice_0_10,uf,0.0,2025
PB,7,Inovação e Tecnologias Emergentes,iospd/IOSPD_V02,iospd,IOSPD_V02,total,Uso de IA/ciência de dados em serviço público (IOSPD V.2),indice_0_10,uf,100.0,2025
PB,7,Inovação e Tecnologias Emergentes,estadic/ESTADIC_CAPACIT_EMPREEND,estadic,ESTADIC_CAPACIT_EMPREEND,total,Capacitação para empreendedorismo digital,prop_0_100,governo_estadual,100.0,2024
PB,7,Inovação e Tecnologias Emergentes,estadic/ESTADIC_ESPACO_INOVACAO,estadic,ESTADIC_ESPACO_INOVACAO,total,"Espaços de inovação, coworking ou espaços compartilhados",prop_0_100,governo_estadual,100.0,2024
PB,7,Inovação e Tecnologias Emergentes,estadic/ESTADIC_PREMIO_INOVACAO,estadic,ESTADIC_PREMIO_INOVACAO,total,Prêmio ou edital para empresas inovadoras e projetos criativos,prop_0_100,governo_estadual,100.0,2024
PB,8,Eficiência e Processos,iospd/IOSPD_III02,iospd,IOSPD_III02,total,Grupos de desburocratização regulamentados (IOSPD III.2),indice_0_10,uf,100.0,2025
PB,9,Transparência e Participação,iospd/IOSPD_I11,iospd,IOSPD_I11,total,Cartas de Serviços na Base Nacional (IOSPD I.11),indice_0_10,uf,100.0,2025
PB,9,Transparência e Participação,estadic/ESTADIC_CONSELHO_TRANSP,estadic,ESTADIC_CONSELHO_TRANSP,total,Conselho Estadual de Transparência ou similar,prop_0_100,governo_estadual,100.0,2024
PB,9,Transparência e Participação,estadic/ESTADIC_CTRL_INT_ONLINE,estadic,ESTADIC_CTRL_INT_ONLINE,total,Informações do controle interno publicadas na internet,prop_0_100,governo_estadual,25.0,2024
PB,9,Transparência e Participação,estadic/ESTADIC_LAI_CONTEUDO,estadic,ESTADIC_LAI_CONTEUDO,total,Conteúdo da legislação estadual de acesso à informação (LAI),prop_0_100,governo_estadual,87.5,2024
PB,9,Transparência e Participação,estadic/ESTADIC_LAI_MEIOS,estadic,ESTADIC_LAI_MEIOS,total,Meios de solicitação de acesso à informação pública,prop_0_100,governo_estadual,33.33,2024
PB,9,Transparência e Participação,estadic/ESTADIC_ORCAM_TEMPO_REAL,estadic,ESTADIC_ORCAM_TEMPO_REAL,total,Disponibiliza informações orçamentárias/financeiras em tempo real,prop_0_100,governo_estadual,100.0,2024
PB,9,Transparência e Participação,estadic/ESTADIC_PARTICIP_INTERNET,estadic,ESTADIC_PARTICIP_INTERNET,total,Formas de participação do cidadão pela internet,prop_0_100,governo_estadual,20.0,2024
PB,9,Transparência e Participação,estadic/ESTADIC_PORTAL_TRANSP,estadic,ESTADIC_PORTAL_TRANSP,total,Portal da transparência e portal de dados abertos,prop_0_100,governo_estadual,33.33,2024
PB,9,Transparência e Participação,estadic/ESTADIC_TRANSP_CONTEUDO,estadic,ESTADIC_TRANSP_CONTEUDO,total,Conteúdo da página internet / portal da transparência,prop_0_100,governo_estadual,63.64,2024
PE,1,Governança do Governo Digital,iospd/IOSPD_I10,iospd,IOSPD_I10,total,Estratégia de governo digital (IOSPD I.10),indice_0_10,uf,100.0,2025
PE,2,Qualidade dos Serviços Digitais,iospd/IOSPD_I01,iospd,IOSPD_I01,total,Portal único ou de serviços (IOSPD I.1),indice_0_10,uf,100.0,2025
PE,2,Qualidade dos Serviços Digitais,iospd/IOSPD_I03,iospd,IOSPD_I03,total,Agendamento digital unificado (IOSPD I.3),indice_0_10,uf,100.0,2025
PE,2,Qualidade dos Serviços Digitais,iospd/IOSPD_I04,iospd,IOSPD_I04,total,Avaliação de satisfação dos usuários (IOSPD I.4),indice_0_10,uf,100.0,2025
PE,2,Qualidade dos Serviços Digitais,iospd/IOSPD_I06,iospd,IOSPD_I06,total,Gestão de cadastro e perfil do cidadão (IOSPD I.6),indice_0_10,uf,100.0,2025
PE,2,Qualidade dos Serviços Digitais,iospd/IOSPD_I07,iospd,IOSPD_I07,total,Ouvidoria integrada ao portal (IOSPD I.7),indice_0_10,uf,100.0,2025
PE,2,Qualidade dos Serviços Digitais,iospd/IOSPD_I08,iospd,IOSPD_I08,total,Simplificação de serviços online (IOSPD I.8),indice_0_10,uf,0.0,2025
PE,2,Qualidade dos Serviços Digitais,iospd/IOSPD_I12,iospd,IOSPD_I12,total,Ferramenta digital integrada de atendimento (IOSPD I.12),indice_0_10,uf,100.0,2025
PE,2,Qualidade dos Serviços Digitais,iospd/IOSPD_II01,iospd,IOSPD_II01,total,Rematrícula online escolas estaduais (IOSPD II.1),indice_0_10,uf,0.0,2025
PE,2,Qualidade dos Serviços Digitais,iospd/IOSPD_II02,iospd,IOSPD_II02,total,Solicitação de medicamento de alto custo digital (IOSPD II.2),indice_0_10,uf,100.0,2025
PE,2,Qualidade dos Serviços Digitais,iospd/IOSPD_II03,iospd,IOSPD_II03,total,Tele-atendimento saúde por videoconferência (IOSPD II.3),indice_0_10,uf,100.0,2025
PE,2,Qualidade dos Serviços Digitais,iospd/IOSPD_II04,iospd,IOSPD_II04,total,Prova de vida online (IOSPD II.4),indice_0_10,uf,100.0,2025
PE,2,Qualidade dos Serviços Digitais,iospd/IOSPD_II05,iospd,IOSPD_II05,total,Recurso/defesa online infrações de trânsito (IOSPD II.5),indice_0_10,uf,100.0,2025
PE,2,Qualidade dos Serviços Digitais,iospd/IOSPD_II06,iospd,IOSPD_II06,total,Registro digital reclamação CDC (IOSPD II.6),indice_0_10,uf,100.0,2025
PE,2,Qualidade dos Serviços Digitais,iospd/IOSPD_II07,iospd,IOSPD_II07,total,Solicitação online 2ª via RG (IOSPD II.7),indice_0_10,uf,100.0,2025
PE,2,Qualidade dos Serviços Digitais,iospd/IOSPD_II08,iospd,IOSPD_II08,total,Boletim de ocorrência online violência doméstica (IOSPD II.8),indice_0_10,uf,100.0,2025
PE,2,Qualidade dos Serviços Digitais,iospd/IOSPD_II09,iospd,IOSPD_II09,total,Consulta online medicamentos disponíveis (IOSPD II.9),indice_0_10,uf,100.0,2025
PE,2,Qualidade dos Serviços Digitais,iospd/IOSPD_II10,iospd,IOSPD_II10,total,Emissão/envio de receita médica online (IOSPD II.10),indice_0_10,uf,0.0,2025
PE,2,Qualidade dos Serviços Digitais,iospd/IOSPD_II11,iospd,IOSPD_II11,total,Emissão online diplomas ensino médio (IOSPD II.11),indice_0_10,uf,100.0,2025
PE,2,Qualidade dos Serviços Digitais,iospd/IOSPD_II12,iospd,IOSPD_II12,total,Transferência online entre escolas estaduais (IOSPD II.12),indice_0_10,uf,100.0,2025
PE,2,Qualidade dos Serviços Digitais,iospd/IOSPD_III01a,iospd,IOSPD_III01a,total,Carta de Serviços normatizada (IOSPD III.1a),indice_0_10,uf,100.0,2025
PE,2,Qualidade dos Serviços Digitais,iospd/IOSPD_III01b,iospd,IOSPD_III01b,total,Ouvidorias Públicas normatizadas (IOSPD III.1b),indice_0_10,uf,100.0,2025
PE,2,Qualidade dos Serviços Digitais,iospd/IOSPD_III01c,iospd,IOSPD_III01c,total,Conselho de Usuários normatizado (IOSPD III.1c),indice_0_10,uf,100.0,2025
PE,2,Qualidade dos Serviços Digitais,iospd/IOSPD_III01d,iospd,IOSPD_III01d,total,Avaliação de Serviços Públicos normatizada (IOSPD III.1d),indice_0_10,uf,100.0,2025
PE,2,Qualidade dos Serviços Digitais,iospd/IOSPD_IV01,iospd,IOSPD_IV01,total,Tempos verbais 2ª/3ª pessoa (IOSPD IV.1),indice_0_10,uf,100.0,2025
PE,2,Qualidade dos Serviços Digitais,iospd/IOSPD_IV02,iospd,IOSPD_IV02,total,Frases curtas com ação única (IOSPD IV.2),indice_0_10,uf,80.0,2025
PE,2,Qualidade dos Serviços Digitais,iospd/IOSPD_IV03,iospd,IOSPD_IV03,total,Título objetivo e curto (IOSPD IV.3),indice_0_10,uf,80.0,2025
PE,2,Qualidade dos Serviços Digitais,iospd/IOSPD_IV04,iospd,IOSPD_IV04,total,Parágrafos curtos (IOSPD IV.4),indice_0_10,uf,100.0,2025
PE,2,Qualidade dos Serviços Digitais,iospd/IOSPD_IV05,iospd,IOSPD_IV05,total,Uso do tempo presente (IOSPD IV.5),indice_0_10,uf,100.0,2025
PE,2,Qualidade dos Serviços Digitais,iospd/IOSPD_IV06,iospd,IOSPD_IV06,total,Uso de caracteres especiais (IOSPD IV.6),indice_0_10,uf,100.0,2025
PE,2,Qualidade dos Serviços Digitais,iospd/IOSPD_IV07,iospd,IOSPD_IV07,total,Vocabulário de fácil entendimento (IOSPD IV.7),indice_0_10,uf,100.0,2025
PE,2,Qualidade dos Serviços Digitais,iospd/IOSPD_IV08,iospd,IOSPD_IV08,total,Aplicação da técnica de Linguagem Simples (IOSPD IV.8),indice_0_10,uf,100.0,2025
PE,2,Qualidade dos Serviços Digitais,iospd/IOSPD_IV09,iospd,IOSPD_IV09,total,Mecanismo de melhoria na apresentação (IOSPD IV.9),indice_0_10,uf,100.0,2025
PE,2,Qualidade dos Serviços Digitais,iospd/IOSPD_V01,iospd,IOSPD_V01,total,Aplicativo móvel para portal de serviços (IOSPD V.1),indice_0_10,uf,33.3,2025
PE,2,Qualidade dos Serviços Digitais,iospd/IOSPD_V03,iospd,IOSPD_V03,total,Pagamento por PIX/cartão digital (IOSPD V.3),indice_0_10,uf,100.0,2025
PE,2,Qualidade dos Serviços Digitais,iospd/IOSPD_V04,iospd,IOSPD_V04,total,Ambiente autenticado e personalizado de serviços (IOSPD V.4),indice_0_10,uf,0.0,2025
PE,2,Qualidade dos Serviços Digitais,iospd/IOSPD_V05,iospd,IOSPD_V05,total,Licenciamento de veículo com pagamento eletrônico (IOSPD V.5),indice_0_10,uf,100.0,2025
PE,2,Qualidade dos Serviços Digitais,iospd/IOSPD_V06,iospd,IOSPD_V06,total,Certidão Negativa Estadual online (IOSPD V.6),indice_0_10,uf,100.0,2025
PE,2,Qualidade dos Serviços Digitais,iospd/IOSPD_V08,iospd,IOSPD_V08,total,Transferência digital de veículos (IOSPD V.8),indice_0_10,uf,100.0,2025
PE,2,Qualidade dos Serviços Digitais,iospd/IOSPD_V09,iospd,IOSPD_V09,total,Acessibilidade da plataforma digital (IOSPD V.9),indice_0_10,uf,66.7,2025
PE,2,Qualidade dos Serviços Digitais,estadic/ESTADIC_ACESSIBILIDADE,estadic,ESTADIC_ACESSIBILIDADE,total,Acessibilidade da página e serviços eletrônicos,prop_0_100,governo_estadual,11.11,2024
PE,2,Qualidade dos Serviços Digitais,estadic/ESTADIC_ATEND_DISTANCIA,estadic,ESTADIC_ATEND_DISTANCIA,total,Formas de atendimento a distância ao cidadão,prop_0_100,governo_estadual,25.0,2024
PE,2,Qualidade dos Serviços Digitais,estadic/ESTADIC_ATIV_REDES,estadic,ESTADIC_ATIV_REDES,total,Atividades do governo nas redes sociais nos últimos 12 meses,prop_0_100,governo_estadual,50.0,2024
PE,2,Qualidade dos Serviços Digitais,estadic/ESTADIC_BILHETE_UNICO,estadic,ESTADIC_BILHETE_UNICO,total,Bilhete único para uso de transporte público,prop_0_100,governo_estadual,0.0,2024
PE,2,Qualidade dos Serviços Digitais,estadic/ESTADIC_FREQ_REDES,estadic,ESTADIC_FREQ_REDES,total,Frequência de atualização do conteúdo nas redes sociais,prop_0_100,governo_estadual,0.0,2024
PE,2,Qualidade dos Serviços Digitais,estadic/ESTADIC_MODELO_ACESS,estadic,ESTADIC_MODELO_ACESS,total,Modelo de acessibilidade adotado,prop_0_100,governo_estadual,75.0,2024
PE,2,Qualidade dos Serviços Digitais,estadic/ESTADIC_REDES_SOCIAIS,estadic,ESTADIC_REDES_SOCIAIS,total,Plataformas de rede social do governo estadual,prop_0_100,governo_estadual,55.56,2024
PE,2,Qualidade dos Serviços Digitais,estadic/ESTADIC_SERV_CELULAR,estadic,ESTADIC_SERV_CELULAR,total,Serviços disponibilizados por celular/smartphone,prop_0_100,governo_estadual,14.29,2024
PE,2,Qualidade dos Serviços Digitais,estadic/ESTADIC_SERV_INFORMATIVOS,estadic,ESTADIC_SERV_INFORMATIVOS,total,Serviços informativos disponibilizados na página da internet,prop_0_100,governo_estadual,25.0,2024
PE,2,Qualidade dos Serviços Digitais,estadic/ESTADIC_SERV_TRANSACIONAIS,estadic,ESTADIC_SERV_TRANSACIONAIS,total,Serviços transacionais disponibilizados na página da internet,prop_0_100,governo_estadual,30.77,2024
PE,3,Identificação Única,iospd/IOSPD_I09,iospd,IOSPD_I09,total,Assinatura eletrônica Gov.br (IOSPD I.9),indice_0_10,uf,100.0,2025
PE,3,Identificação Única,iospd/IOSPD_V07,iospd,IOSPD_V07,total,Emissão da CIN — Carteira de Identidade Nacional (IOSPD V.7),indice_0_10,uf,100.0,2025
PE,4,Segurança e LGPD,iospd/IOSPD_III07,iospd,IOSPD_III07,total,Consentimento LGPD no portal (IOSPD III.7),indice_0_10,uf,0.0,2025
PE,4,Segurança e LGPD,estadic/ESTADIC_LGPD_CANAL_TITULAR,estadic,ESTADIC_LGPD_CANAL_TITULAR,total,Canal internet para titulares de dados (LGPD),prop_0_100,governo_estadual,100.0,2024
PE,4,Segurança e LGPD,estadic/ESTADIC_LGPD_CAPACIT,estadic,ESTADIC_LGPD_CAPACIT,total,Cursos segurança da informação e proteção de dados para servidores,prop_0_100,governo_estadual,0.0,2024
PE,4,Segurança e LGPD,estadic/ESTADIC_LGPD_REGULAMENT,estadic,ESTADIC_LGPD_REGULAMENT,total,Regulamentação estadual específica sobre LGPD,prop_0_100,governo_estadual,100.0,2024
PE,4,Segurança e LGPD,estadic/ESTADIC_LGPD_RESP,estadic,ESTADIC_LGPD_RESP,total,Responsável LGPD designado,prop_0_100,governo_estadual,100.0,2024
PE,5,Dados e Interoperabilidade,iospd/IOSPD_I05,iospd,IOSPD_I05,total,Governança de dados (IOSPD I.5),indice_0_10,uf,100.0,2025
PE,5,Dados e Interoperabilidade,estadic/ESTADIC_FORMATO_DADOS,estadic,ESTADIC_FORMATO_DADOS,total,Formato de publicação dos dados da administração estadual,prop_0_100,governo_estadual,39.29,2024
PE,6,Infraestrutura,estadic/ESTADIC_INCLUSAO_PROGRAMA,estadic,ESTADIC_INCLUSAO_PROGRAMA,total,Desenvolve programa ou ação de inclusão digital,prop_0_100,governo_estadual,100.0,2024
PE,6,Infraestrutura,estadic/ESTADIC_WIFI_EXISTE,estadic,ESTADIC_WIFI_EXISTE,total,Disponibiliza acesso por conexão Wi-Fi pública,prop_0_100,governo_estadual,0.0,2024
PE,7,Inovação e Tecnologias Emergentes,iospd/IOSPD_III06,iospd,IOSPD_III06,total,Laboratório de Inovação em Governo (IOSPD III.6),indice_0_10,uf,100.0,2025
PE,7,Inovação e Tecnologias Emergentes,iospd/IOSPD_V02,iospd,IOSPD_V02,total,Uso de IA/ciência de dados em serviço público (IOSPD V.2),indice_0_10,uf,100.0,2025
PE,7,Inovação e Tecnologias Emergentes,estadic/ESTADIC_CAPACIT_EMPREEND,estadic,ESTADIC_CAPACIT_EMPREEND,total,Capacitação para empreendedorismo digital,prop_0_100,governo_estadual,100.0,2024
PE,7,Inovação e Tecnologias Emergentes,estadic/ESTADIC_ESPACO_INOVACAO,estadic,ESTADIC_ESPACO_INOVACAO,total,"Espaços de inovação, coworking ou espaços compartilhados",prop_0_100,governo_estadual,100.0,2024
PE,7,Inovação e Tecnologias Emergentes,estadic/ESTADIC_PREMIO_INOVACAO,estadic,ESTADIC_PREMIO_INOVACAO,total,Prêmio ou edital para empresas inovadoras e projetos criativos,prop_0_100,governo_estadual,100.0,2024
PE,8,Eficiência e Processos,iospd/IOSPD_III02,iospd,IOSPD_III02,total,Grupos de desburocratização regulamentados (IOSPD III.2),indice_0_10,uf,100.0,2025
PE,9,Transparência e Participação,iospd/IOSPD_I11,iospd,IOSPD_I11,total,Cartas de Serviços na Base Nacional (IOSPD I.11),indice_0_10,uf,100.0,2025
PE,9,Transparência e Participação,estadic/ESTADIC_CONSELHO_TRANSP,estadic,ESTADIC_CONSELHO_TRANSP,total,Conselho Estadual de Transparência ou similar,prop_0_100,governo_estadual,0.0,2024
PE,9,Transparência e Participação,estadic/ESTADIC_CTRL_INT_ONLINE,estadic,ESTADIC_CTRL_INT_ONLINE,total,Informações do controle interno publicadas na internet,prop_0_100,governo_estadual,75.0,2024
PE,9,Transparência e Participação,estadic/ESTADIC_LAI_CONTEUDO,estadic,ESTADIC_LAI_CONTEUDO,total,Conteúdo da legislação estadual de acesso à informação (LAI),prop_0_100,governo_estadual,100.0,2024
PE,9,Transparência e Participação,estadic/ESTADIC_LAI_MEIOS,estadic,ESTADIC_LAI_MEIOS,total,Meios de solicitação de acesso à informação pública,prop_0_100,governo_estadual,83.33,2024
PE,9,Transparência e Participação,estadic/ESTADIC_ORCAM_TEMPO_REAL,estadic,ESTADIC_ORCAM_TEMPO_REAL,total,Disponibiliza informações orçamentárias/financeiras em tempo real,prop_0_100,governo_estadual,100.0,2024
PE,9,Transparência e Participação,estadic/ESTADIC_PARTICIP_INTERNET,estadic,ESTADIC_PARTICIP_INTERNET,total,Formas de participação do cidadão pela internet,prop_0_100,governo_estadual,40.0,2024
PE,9,Transparência e Participação,estadic/ESTADIC_PORTAL_TRANSP,estadic,ESTADIC_PORTAL_TRANSP,total,Portal da transparência e portal de dados abertos,prop_0_100,governo_estadual,66.67,2024
PE,9,Transparência e Participação,estadic/ESTADIC_TRANSP_CONTEUDO,estadic,ESTADIC_TRANSP_CONTEUDO,total,Conteúdo da página internet / portal da transparência,prop_0_100,governo_estadual,81.82,2024
AL,1,Governança do Governo Digital,iospd/IOSPD_I10,iospd,IOSPD_I10,total,Estratégia de governo digital (IOSPD I.10),indice_0_10,uf,0.0,2025
AL,2,Qualidade dos Serviços Digitais,iospd/IOSPD_I01,iospd,IOSPD_I01,total,Portal único ou de serviços (IOSPD I.1),indice_0_10,uf,50.0,2025
AL,2,Qualidade dos Serviços Digitais,iospd/IOSPD_I03,iospd,IOSPD_I03,total,Agendamento digital unificado (IOSPD I.3),indice_0_10,uf,100.0,2025
AL,2,Qualidade dos Serviços Digitais,iospd/IOSPD_I04,iospd,IOSPD_I04,total,Avaliação de satisfação dos usuários (IOSPD I.4),indice_0_10,uf,100.0,2025
AL,2,Qualidade dos Serviços Digitais,iospd/IOSPD_I06,iospd,IOSPD_I06,total,Gestão de cadastro e perfil do cidadão (IOSPD I.6),indice_0_10,uf,0.0,2025
AL,2,Qualidade dos Serviços Digitais,iospd/IOSPD_I07,iospd,IOSPD_I07,total,Ouvidoria integrada ao portal (IOSPD I.7),indice_0_10,uf,0.0,2025
AL,2,Qualidade dos Serviços Digitais,iospd/IOSPD_I08,iospd,IOSPD_I08,total,Simplificação de serviços online (IOSPD I.8),indice_0_10,uf,0.0,2025
AL,2,Qualidade dos Serviços Digitais,iospd/IOSPD_I12,iospd,IOSPD_I12,total,Ferramenta digital integrada de atendimento (IOSPD I.12),indice_0_10,uf,0.0,2025
AL,2,Qualidade dos Serviços Digitais,iospd/IOSPD_II01,iospd,IOSPD_II01,total,Rematrícula online escolas estaduais (IOSPD II.1),indice_0_10,uf,0.0,2025
AL,2,Qualidade dos Serviços Digitais,iospd/IOSPD_II02,iospd,IOSPD_II02,total,Solicitação de medicamento de alto custo digital (IOSPD II.2),indice_0_10,uf,0.0,2025
AL,2,Qualidade dos Serviços Digitais,iospd/IOSPD_II03,iospd,IOSPD_II03,total,Tele-atendimento saúde por videoconferência (IOSPD II.3),indice_0_10,uf,0.0,2025
AL,2,Qualidade dos Serviços Digitais,iospd/IOSPD_II04,iospd,IOSPD_II04,total,Prova de vida online (IOSPD II.4),indice_0_10,uf,0.0,2025
AL,2,Qualidade dos Serviços Digitais,iospd/IOSPD_II05,iospd,IOSPD_II05,total,Recurso/defesa online infrações de trânsito (IOSPD II.5),indice_0_10,uf,0.0,2025
AL,2,Qualidade dos Serviços Digitais,iospd/IOSPD_II06,iospd,IOSPD_II06,total,Registro digital reclamação CDC (IOSPD II.6),indice_0_10,uf,0.0,2025
AL,2,Qualidade dos Serviços Digitais,iospd/IOSPD_II07,iospd,IOSPD_II07,total,Solicitação online 2ª via RG (IOSPD II.7),indice_0_10,uf,100.0,2025
AL,2,Qualidade dos Serviços Digitais,iospd/IOSPD_II08,iospd,IOSPD_II08,total,Boletim de ocorrência online violência doméstica (IOSPD II.8),indice_0_10,uf,0.0,2025
AL,2,Qualidade dos Serviços Digitais,iospd/IOSPD_II09,iospd,IOSPD_II09,total,Consulta online medicamentos disponíveis (IOSPD II.9),indice_0_10,uf,0.0,2025
AL,2,Qualidade dos Serviços Digitais,iospd/IOSPD_II10,iospd,IOSPD_II10,total,Emissão/envio de receita médica online (IOSPD II.10),indice_0_10,uf,0.0,2025
AL,2,Qualidade dos Serviços Digitais,iospd/IOSPD_II11,iospd,IOSPD_II11,total,Emissão online diplomas ensino médio (IOSPD II.11),indice_0_10,uf,100.0,2025
AL,2,Qualidade dos Serviços Digitais,iospd/IOSPD_II12,iospd,IOSPD_II12,total,Transferência online entre escolas estaduais (IOSPD II.12),indice_0_10,uf,100.0,2025
AL,2,Qualidade dos Serviços Digitais,iospd/IOSPD_III01a,iospd,IOSPD_III01a,total,Carta de Serviços normatizada (IOSPD III.1a),indice_0_10,uf,100.0,2025
AL,2,Qualidade dos Serviços Digitais,iospd/IOSPD_III01b,iospd,IOSPD_III01b,total,Ouvidorias Públicas normatizadas (IOSPD III.1b),indice_0_10,uf,100.0,2025
AL,2,Qualidade dos Serviços Digitais,iospd/IOSPD_III01c,iospd,IOSPD_III01c,total,Conselho de Usuários normatizado (IOSPD III.1c),indice_0_10,uf,100.0,2025
AL,2,Qualidade dos Serviços Digitais,iospd/IOSPD_III01d,iospd,IOSPD_III01d,total,Avaliação de Serviços Públicos normatizada (IOSPD III.1d),indice_0_10,uf,100.0,2025
AL,2,Qualidade dos Serviços Digitais,iospd/IOSPD_IV01,iospd,IOSPD_IV01,total,Tempos verbais 2ª/3ª pessoa (IOSPD IV.1),indice_0_10,uf,0.0,2025
AL,2,Qualidade dos Serviços Digitais,iospd/IOSPD_IV02,iospd,IOSPD_IV02,total,Frases curtas com ação única (IOSPD IV.2),indice_0_10,uf,0.0,2025
AL,2,Qualidade dos Serviços Digitais,iospd/IOSPD_IV03,iospd,IOSPD_IV03,total,Título objetivo e curto (IOSPD IV.3),indice_0_10,uf,0.0,2025
AL,2,Qualidade dos Serviços Digitais,iospd/IOSPD_IV04,iospd,IOSPD_IV04,total,Parágrafos curtos (IOSPD IV.4),indice_0_10,uf,0.0,2025
AL,2,Qualidade dos Serviços Digitais,iospd/IOSPD_IV05,iospd,IOSPD_IV05,total,Uso do tempo presente (IOSPD IV.5),indice_0_10,uf,0.0,2025
AL,2,Qualidade dos Serviços Digitais,iospd/IOSPD_IV06,iospd,IOSPD_IV06,total,Uso de caracteres especiais (IOSPD IV.6),indice_0_10,uf,0.0,2025
AL,2,Qualidade dos Serviços Digitais,iospd/IOSPD_IV07,iospd,IOSPD_IV07,total,Vocabulário de fácil entendimento (IOSPD IV.7),indice_0_10,uf,0.0,2025
AL,2,Qualidade dos Serviços Digitais,iospd/IOSPD_IV08,iospd,IOSPD_IV08,total,Aplicação da técnica de Linguagem Simples (IOSPD IV.8),indice_0_10,uf,0.0,2025
AL,2,Qualidade dos Serviços Digitais,iospd/IOSPD_IV09,iospd,IOSPD_IV09,total,Mecanismo de melhoria na apresentação (IOSPD IV.9),indice_0_10,uf,0.0,2025
AL,2,Qualidade dos Serviços Digitais,iospd/IOSPD_V01,iospd,IOSPD_V01,total,Aplicativo móvel para portal de serviços (IOSPD V.1),indice_0_10,uf,0.0,2025
AL,2,Qualidade dos Serviços Digitais,iospd/IOSPD_V03,iospd,IOSPD_V03,total,Pagamento por PIX/cartão digital (IOSPD V.3),indice_0_10,uf,0.0,2025
AL,2,Qualidade dos Serviços Digitais,iospd/IOSPD_V04,iospd,IOSPD_V04,total,Ambiente autenticado e personalizado de serviços (IOSPD V.4),indice_0_10,uf,0.0,2025
AL,2,Qualidade dos Serviços Digitais,iospd/IOSPD_V05,iospd,IOSPD_V05,total,Licenciamento de veículo com pagamento eletrônico (IOSPD V.5),indice_0_10,uf,0.0,2025
AL,2,Qualidade dos Serviços Digitais,iospd/IOSPD_V06,iospd,IOSPD_V06,total,Certidão Negativa Estadual online (IOSPD V.6),indice_0_10,uf,100.0,2025
AL,2,Qualidade dos Serviços Digitais,iospd/IOSPD_V08,iospd,IOSPD_V08,total,Transferência digital de veículos (IOSPD V.8),indice_0_10,uf,0.0,2025
AL,2,Qualidade dos Serviços Digitais,iospd/IOSPD_V09,iospd,IOSPD_V09,total,Acessibilidade da plataforma digital (IOSPD V.9),indice_0_10,uf,0.0,2025
AL,2,Qualidade dos Serviços Digitais,estadic/ESTADIC_ACESSIBILIDADE,estadic,ESTADIC_ACESSIBILIDADE,total,Acessibilidade da página e serviços eletrônicos,prop_0_100,governo_estadual,66.67,2024
AL,2,Qualidade dos Serviços Digitais,estadic/ESTADIC_ATEND_DISTANCIA,estadic,ESTADIC_ATEND_DISTANCIA,total,Formas de atendimento a distância ao cidadão,prop_0_100,governo_estadual,37.5,2024
AL,2,Qualidade dos Serviços Digitais,estadic/ESTADIC_ATIV_REDES,estadic,ESTADIC_ATIV_REDES,total,Atividades do governo nas redes sociais nos últimos 12 meses,prop_0_100,governo_estadual,66.67,2024
AL,2,Qualidade dos Serviços Digitais,estadic/ESTADIC_BILHETE_UNICO,estadic,ESTADIC_BILHETE_UNICO,total,Bilhete único para uso de transporte público,prop_0_100,governo_estadual,0.0,2024
AL,2,Qualidade dos Serviços Digitais,estadic/ESTADIC_FREQ_REDES,estadic,ESTADIC_FREQ_REDES,total,Frequência de atualização do conteúdo nas redes sociais,prop_0_100,governo_estadual,100.0,2024
AL,2,Qualidade dos Serviços Digitais,estadic/ESTADIC_MODELO_ACESS,estadic,ESTADIC_MODELO_ACESS,total,Modelo de acessibilidade adotado,prop_0_100,governo_estadual,50.0,2024
AL,2,Qualidade dos Serviços Digitais,estadic/ESTADIC_REDES_SOCIAIS,estadic,ESTADIC_REDES_SOCIAIS,total,Plataformas de rede social do governo estadual,prop_0_100,governo_estadual,66.67,2024
AL,2,Qualidade dos Serviços Digitais,estadic/ESTADIC_SERV_CELULAR,estadic,ESTADIC_SERV_CELULAR,total,Serviços disponibilizados por celular/smartphone,prop_0_100,governo_estadual,42.86,2024
AL,2,Qualidade dos Serviços Digitais,estadic/ESTADIC_SERV_INFORMATIVOS,estadic,ESTADIC_SERV_INFORMATIVOS,total,Serviços informativos disponibilizados na página da internet,prop_0_100,governo_estadual,87.5,2024
AL,2,Qualidade dos Serviços Digitais,estadic/ESTADIC_SERV_TRANSACIONAIS,estadic,ESTADIC_SERV_TRANSACIONAIS,total,Serviços transacionais disponibilizados na página da internet,prop_0_100,governo_estadual,76.92,2024
AL,3,Identificação Única,iospd/IOSPD_I09,iospd,IOSPD_I09,total,Assinatura eletrônica Gov.br (IOSPD I.9),indice_0_10,uf,0.0,2025
AL,3,Identificação Única,iospd/IOSPD_V07,iospd,IOSPD_V07,total,Emissão da CIN — Carteira de Identidade Nacional (IOSPD V.7),indice_0_10,uf,0.0,2025
AL,4,Segurança e LGPD,iospd/IOSPD_III07,iospd,IOSPD_III07,total,Consentimento LGPD no portal (IOSPD III.7),indice_0_10,uf,0.0,2025
AL,4,Segurança e LGPD,estadic/ESTADIC_LGPD_CANAL_TITULAR,estadic,ESTADIC_LGPD_CANAL_TITULAR,total,Canal internet para titulares de dados (LGPD),prop_0_100,governo_estadual,100.0,2024
AL,4,Segurança e LGPD,estadic/ESTADIC_LGPD_CAPACIT,estadic,ESTADIC_LGPD_CAPACIT,total,Cursos segurança da informação e proteção de dados para servidores,prop_0_100,governo_estadual,100.0,2024
AL,4,Segurança e LGPD,estadic/ESTADIC_LGPD_REGULAMENT,estadic,ESTADIC_LGPD_REGULAMENT,total,Regulamentação estadual específica sobre LGPD,prop_0_100,governo_estadual,100.0,2024
AL,4,Segurança e LGPD,estadic/ESTADIC_LGPD_RESP,estadic,ESTADIC_LGPD_RESP,total,Responsável LGPD designado,prop_0_100,governo_estadual,100.0,2024
AL,5,Dados e Interoperabilidade,iospd/IOSPD_I05,iospd,IOSPD_I05,total,Governança de dados (IOSPD I.5),indice_0_10,uf,100.0,2025
AL,5,Dados e Interoperabilidade,estadic/ESTADIC_FORMATO_DADOS,estadic,ESTADIC_FORMATO_DADOS,total,Formato de publicação dos dados da administração estadual,prop_0_100,governo_estadual,25.0,2024
AL,6,Infraestrutura,estadic/ESTADIC_INCLUSAO_PROGRAMA,estadic,ESTADIC_INCLUSAO_PROGRAMA,total,Desenvolve programa ou ação de inclusão digital,prop_0_100,governo_estadual,100.0,2024
AL,6,Infraestrutura,estadic/ESTADIC_WIFI_EXISTE,estadic,ESTADIC_WIFI_EXISTE,total,Disponibiliza acesso por conexão Wi-Fi pública,prop_0_100,governo_estadual,0.0,2024
AL,7,Inovação e Tecnologias Emergentes,iospd/IOSPD_III06,iospd,IOSPD_III06,total,Laboratório de Inovação em Governo (IOSPD III.6),indice_0_10,uf,100.0,2025
AL,7,Inovação e Tecnologias Emergentes,iospd/IOSPD_V02,iospd,IOSPD_V02,total,Uso de IA/ciência de dados em serviço público (IOSPD V.2),indice_0_10,uf,0.0,2025
AL,7,Inovação e Tecnologias Emergentes,estadic/ESTADIC_CAPACIT_EMPREEND,estadic,ESTADIC_CAPACIT_EMPREEND,total,Capacitação para empreendedorismo digital,prop_0_100,governo_estadual,100.0,2024
AL,7,Inovação e Tecnologias Emergentes,estadic/ESTADIC_ESPACO_INOVACAO,estadic,ESTADIC_ESPACO_INOVACAO,total,"Espaços de inovação, coworking ou espaços compartilhados",prop_0_100,governo_estadual,100.0,2024
AL,7,Inovação e Tecnologias Emergentes,estadic/ESTADIC_PREMIO_INOVACAO,estadic,ESTADIC_PREMIO_INOVACAO,total,Prêmio ou edital para empresas inovadoras e projetos criativos,prop_0_100,governo_estadual,100.0,2024
AL,8,Eficiência e Processos,iospd/IOSPD_III02,iospd,IOSPD_III02,total,Grupos de desburocratização regulamentados (IOSPD III.2),indice_0_10,uf,0.0,2025
AL,9,Transparência e Participação,iospd/IOSPD_I11,iospd,IOSPD_I11,total,Cartas de Serviços na Base Nacional (IOSPD I.11),indice_0_10,uf,0.0,2025
AL,9,Transparência e Participação,estadic/ESTADIC_CONSELHO_TRANSP,estadic,ESTADIC_CONSELHO_TRANSP,total,Conselho Estadual de Transparência ou similar,prop_0_100,governo_estadual,0.0,2024
AL,9,Transparência e Participação,estadic/ESTADIC_CTRL_INT_ONLINE,estadic,ESTADIC_CTRL_INT_ONLINE,total,Informações do controle interno publicadas na internet,prop_0_100,governo_estadual,50.0,2024
AL,9,Transparência e Participação,estadic/ESTADIC_LAI_CONTEUDO,estadic,ESTADIC_LAI_CONTEUDO,total,Conteúdo da legislação estadual de acesso à informação (LAI),prop_0_100,governo_estadual,100.0,2024
AL,9,Transparência e Participação,estadic/ESTADIC_LAI_MEIOS,estadic,ESTADIC_LAI_MEIOS,total,Meios de solicitação de acesso à informação pública,prop_0_100,governo_estadual,66.67,2024
AL,9,Transparência e Participação,estadic/ESTADIC_ORCAM_TEMPO_REAL,estadic,ESTADIC_ORCAM_TEMPO_REAL,total,Disponibiliza informações orçamentárias/financeiras em tempo real,prop_0_100,governo_estadual,100.0,2024
AL,9,Transparência e Participação,estadic/ESTADIC_PARTICIP_INTERNET,estadic,ESTADIC_PARTICIP_INTERNET,total,Formas de participação do cidadão pela internet,prop_0_100,governo_estadual,60.0,2024
AL,9,Transparência e Participação,estadic/ESTADIC_PORTAL_TRANSP,estadic,ESTADIC_PORTAL_TRANSP,total,Portal da transparência e portal de dados abertos,prop_0_100,governo_estadual,66.67,2024
AL,9,Transparência e Participação,estadic/ESTADIC_TRANSP_CONTEUDO,estadic,ESTADIC_TRANSP_CONTEUDO,total,Conteúdo da página internet / portal da transparência,prop_0_100,governo_estadual,72.73,2024
SE,1,Governança do Governo Digital,iospd/IOSPD_I10,iospd,IOSPD_I10,total,Estratégia de governo digital (IOSPD I.10),indice_0_10,uf,33.3,2025
SE,2,Qualidade dos Serviços Digitais,iospd/IOSPD_I01,iospd,IOSPD_I01,total,Portal único ou de serviços (IOSPD I.1),indice_0_10,uf,0.0,2025
SE,2,Qualidade dos Serviços Digitais,iospd/IOSPD_I03,iospd,IOSPD_I03,total,Agendamento digital unificado (IOSPD I.3),indice_0_10,uf,50.0,2025
SE,2,Qualidade dos Serviços Digitais,iospd/IOSPD_I04,iospd,IOSPD_I04,total,Avaliação de satisfação dos usuários (IOSPD I.4),indice_0_10,uf,0.0,2025
SE,2,Qualidade dos Serviços Digitais,iospd/IOSPD_I06,iospd,IOSPD_I06,total,Gestão de cadastro e perfil do cidadão (IOSPD I.6),indice_0_10,uf,0.0,2025
SE,2,Qualidade dos Serviços Digitais,iospd/IOSPD_I07,iospd,IOSPD_I07,total,Ouvidoria integrada ao portal (IOSPD I.7),indice_0_10,uf,0.0,2025
SE,2,Qualidade dos Serviços Digitais,iospd/IOSPD_I08,iospd,IOSPD_I08,total,Simplificação de serviços online (IOSPD I.8),indice_0_10,uf,0.0,2025
SE,2,Qualidade dos Serviços Digitais,iospd/IOSPD_I12,iospd,IOSPD_I12,total,Ferramenta digital integrada de atendimento (IOSPD I.12),indice_0_10,uf,0.0,2025
SE,2,Qualidade dos Serviços Digitais,iospd/IOSPD_II01,iospd,IOSPD_II01,total,Rematrícula online escolas estaduais (IOSPD II.1),indice_0_10,uf,0.0,2025
SE,2,Qualidade dos Serviços Digitais,iospd/IOSPD_II02,iospd,IOSPD_II02,total,Solicitação de medicamento de alto custo digital (IOSPD II.2),indice_0_10,uf,0.0,2025
SE,2,Qualidade dos Serviços Digitais,iospd/IOSPD_II03,iospd,IOSPD_II03,total,Tele-atendimento saúde por videoconferência (IOSPD II.3),indice_0_10,uf,100.0,2025
SE,2,Qualidade dos Serviços Digitais,iospd/IOSPD_II04,iospd,IOSPD_II04,total,Prova de vida online (IOSPD II.4),indice_0_10,uf,100.0,2025
SE,2,Qualidade dos Serviços Digitais,iospd/IOSPD_II05,iospd,IOSPD_II05,total,Recurso/defesa online infrações de trânsito (IOSPD II.5),indice_0_10,uf,0.0,2025
SE,2,Qualidade dos Serviços Digitais,iospd/IOSPD_II06,iospd,IOSPD_II06,total,Registro digital reclamação CDC (IOSPD II.6),indice_0_10,uf,100.0,2025
SE,2,Qualidade dos Serviços Digitais,iospd/IOSPD_II07,iospd,IOSPD_II07,total,Solicitação online 2ª via RG (IOSPD II.7),indice_0_10,uf,100.0,2025
SE,2,Qualidade dos Serviços Digitais,iospd/IOSPD_II08,iospd,IOSPD_II08,total,Boletim de ocorrência online violência doméstica (IOSPD II.8),indice_0_10,uf,100.0,2025
SE,2,Qualidade dos Serviços Digitais,iospd/IOSPD_II09,iospd,IOSPD_II09,total,Consulta online medicamentos disponíveis (IOSPD II.9),indice_0_10,uf,0.0,2025
SE,2,Qualidade dos Serviços Digitais,iospd/IOSPD_II10,iospd,IOSPD_II10,total,Emissão/envio de receita médica online (IOSPD II.10),indice_0_10,uf,0.0,2025
SE,2,Qualidade dos Serviços Digitais,iospd/IOSPD_II11,iospd,IOSPD_II11,total,Emissão online diplomas ensino médio (IOSPD II.11),indice_0_10,uf,0.0,2025
SE,2,Qualidade dos Serviços Digitais,iospd/IOSPD_II12,iospd,IOSPD_II12,total,Transferência online entre escolas estaduais (IOSPD II.12),indice_0_10,uf,100.0,2025
SE,2,Qualidade dos Serviços Digitais,iospd/IOSPD_III01a,iospd,IOSPD_III01a,total,Carta de Serviços normatizada (IOSPD III.1a),indice_0_10,uf,100.0,2025
SE,2,Qualidade dos Serviços Digitais,iospd/IOSPD_III01b,iospd,IOSPD_III01b,total,Ouvidorias Públicas normatizadas (IOSPD III.1b),indice_0_10,uf,100.0,2025
SE,2,Qualidade dos Serviços Digitais,iospd/IOSPD_III01c,iospd,IOSPD_III01c,total,Conselho de Usuários normatizado (IOSPD III.1c),indice_0_10,uf,100.0,2025
SE,2,Qualidade dos Serviços Digitais,iospd/IOSPD_III01d,iospd,IOSPD_III01d,total,Avaliação de Serviços Públicos normatizada (IOSPD III.1d),indice_0_10,uf,100.0,2025
SE,2,Qualidade dos Serviços Digitais,iospd/IOSPD_IV01,iospd,IOSPD_IV01,total,Tempos verbais 2ª/3ª pessoa (IOSPD IV.1),indice_0_10,uf,80.0,2025
SE,2,Qualidade dos Serviços Digitais,iospd/IOSPD_IV02,iospd,IOSPD_IV02,total,Frases curtas com ação única (IOSPD IV.2),indice_0_10,uf,40.0,2025
SE,2,Qualidade dos Serviços Digitais,iospd/IOSPD_IV03,iospd,IOSPD_IV03,total,Título objetivo e curto (IOSPD IV.3),indice_0_10,uf,0.0,2025
SE,2,Qualidade dos Serviços Digitais,iospd/IOSPD_IV04,iospd,IOSPD_IV04,total,Parágrafos curtos (IOSPD IV.4),indice_0_10,uf,80.0,2025
SE,2,Qualidade dos Serviços Digitais,iospd/IOSPD_IV05,iospd,IOSPD_IV05,total,Uso do tempo presente (IOSPD IV.5),indice_0_10,uf,100.0,2025
SE,2,Qualidade dos Serviços Digitais,iospd/IOSPD_IV06,iospd,IOSPD_IV06,total,Uso de caracteres especiais (IOSPD IV.6),indice_0_10,uf,80.0,2025
SE,2,Qualidade dos Serviços Digitais,iospd/IOSPD_IV07,iospd,IOSPD_IV07,total,Vocabulário de fácil entendimento (IOSPD IV.7),indice_0_10,uf,60.0,2025
SE,2,Qualidade dos Serviços Digitais,iospd/IOSPD_IV08,iospd,IOSPD_IV08,total,Aplicação da técnica de Linguagem Simples (IOSPD IV.8),indice_0_10,uf,0.0,2025
SE,2,Qualidade dos Serviços Digitais,iospd/IOSPD_IV09,iospd,IOSPD_IV09,total,Mecanismo de melhoria na apresentação (IOSPD IV.9),indice_0_10,uf,0.0,2025
SE,2,Qualidade dos Serviços Digitais,iospd/IOSPD_V01,iospd,IOSPD_V01,total,Aplicativo móvel para portal de serviços (IOSPD V.1),indice_0_10,uf,0.0,2025
SE,2,Qualidade dos Serviços Digitais,iospd/IOSPD_V03,iospd,IOSPD_V03,total,Pagamento por PIX/cartão digital (IOSPD V.3),indice_0_10,uf,33.3,2025
SE,2,Qualidade dos Serviços Digitais,iospd/IOSPD_V04,iospd,IOSPD_V04,total,Ambiente autenticado e personalizado de serviços (IOSPD V.4),indice_0_10,uf,0.0,2025
SE,2,Qualidade dos Serviços Digitais,iospd/IOSPD_V05,iospd,IOSPD_V05,total,Licenciamento de veículo com pagamento eletrônico (IOSPD V.5),indice_0_10,uf,100.0,2025
SE,2,Qualidade dos Serviços Digitais,iospd/IOSPD_V06,iospd,IOSPD_V06,total,Certidão Negativa Estadual online (IOSPD V.6),indice_0_10,uf,100.0,2025
SE,2,Qualidade dos Serviços Digitais,iospd/IOSPD_V08,iospd,IOSPD_V08,total,Transferência digital de veículos (IOSPD V.8),indice_0_10,uf,0.0,2025
SE,2,Qualidade dos Serviços Digitais,iospd/IOSPD_V09,iospd,IOSPD_V09,total,Acessibilidade da plataforma digital (IOSPD V.9),indice_0_10,uf,66.7,2025
SE,2,Qualidade dos Serviços Digitais,estadic/ESTADIC_ACESSIBILIDADE,estadic,ESTADIC_ACESSIBILIDADE,total,Acessibilidade da página e serviços eletrônicos,prop_0_100,governo_estadual,11.11,2024
SE,2,Qualidade dos Serviços Digitais,estadic/ESTADIC_ATEND_DISTANCIA,estadic,ESTADIC_ATEND_DISTANCIA,total,Formas de atendimento a distância ao cidadão,prop_0_100,governo_estadual,50.0,2024
SE,2,Qualidade dos Serviços Digitais,estadic/ESTADIC_ATIV_REDES,estadic,ESTADIC_ATIV_REDES,total,Atividades do governo nas redes sociais nos últimos 12 meses,prop_0_100,governo_estadual,66.67,2024
SE,2,Qualidade dos Serviços Digitais,estadic/ESTADIC_BILHETE_UNICO,estadic,ESTADIC_BILHETE_UNICO,total,Bilhete único para uso de transporte público,prop_0_100,governo_estadual,0.0,2024
SE,2,Qualidade dos Serviços Digitais,estadic/ESTADIC_FREQ_REDES,estadic,ESTADIC_FREQ_REDES,total,Frequência de atualização do conteúdo nas redes sociais,prop_0_100,governo_estadual,100.0,2024
SE,2,Qualidade dos Serviços Digitais,estadic/ESTADIC_MODELO_ACESS,estadic,ESTADIC_MODELO_ACESS,total,Modelo de acessibilidade adotado,prop_0_100,governo_estadual,50.0,2024
SE,2,Qualidade dos Serviços Digitais,estadic/ESTADIC_REDES_SOCIAIS,estadic,ESTADIC_REDES_SOCIAIS,total,Plataformas de rede social do governo estadual,prop_0_100,governo_estadual,55.56,2024
SE,2,Qualidade dos Serviços Digitais,estadic/ESTADIC_SERV_CELULAR,estadic,ESTADIC_SERV_CELULAR,total,Serviços disponibilizados por celular/smartphone,prop_0_100,governo_estadual,28.57,2024
SE,2,Qualidade dos Serviços Digitais,estadic/ESTADIC_SERV_INFORMATIVOS,estadic,ESTADIC_SERV_INFORMATIVOS,total,Serviços informativos disponibilizados na página da internet,prop_0_100,governo_estadual,87.5,2024
SE,2,Qualidade dos Serviços Digitais,estadic/ESTADIC_SERV_TRANSACIONAIS,estadic,ESTADIC_SERV_TRANSACIONAIS,total,Serviços transacionais disponibilizados na página da internet,prop_0_100,governo_estadual,84.62,2024
SE,3,Identificação Única,iospd/IOSPD_I09,iospd,IOSPD_I09,total,Assinatura eletrônica Gov.br (IOSPD I.9),indice_0_10,uf,0.0,2025
SE,3,Identificação Única,iospd/IOSPD_V07,iospd,IOSPD_V07,total,Emissão da CIN — Carteira de Identidade Nacional (IOSPD V.7),indice_0_10,uf,100.0,2025
SE,4,Segurança e LGPD,iospd/IOSPD_III07,iospd,IOSPD_III07,total,Consentimento LGPD no portal (IOSPD III.7),indice_0_10,uf,0.0,2025
SE,4,Segurança e LGPD,estadic/ESTADIC_LGPD_CANAL_TITULAR,estadic,ESTADIC_LGPD_CANAL_TITULAR,total,Canal internet para titulares de dados (LGPD),prop_0_100,governo_estadual,0.0,2024
SE,4,Segurança e LGPD,estadic/ESTADIC_LGPD_CAPACIT,estadic,ESTADIC_LGPD_CAPACIT,total,Cursos segurança da informação e proteção de dados para servidores,prop_0_100,governo_estadual,0.0,2024
SE,4,Segurança e LGPD,estadic/ESTADIC_LGPD_REGULAMENT,estadic,ESTADIC_LGPD_REGULAMENT,total,Regulamentação estadual específica sobre LGPD,prop_0_100,governo_estadual,100.0,2024
SE,4,Segurança e LGPD,estadic/ESTADIC_LGPD_RESP,estadic,ESTADIC_LGPD_RESP,total,Responsável LGPD designado,prop_0_100,governo_estadual,100.0,2024
SE,5,Dados e Interoperabilidade,iospd/IOSPD_I05,iospd,IOSPD_I05,total,Governança de dados (IOSPD I.5),indice_0_10,uf,0.0,2025
SE,5,Dados e Interoperabilidade,estadic/ESTADIC_FORMATO_DADOS,estadic,ESTADIC_FORMATO_DADOS,total,Formato de publicação dos dados da administração estadual,prop_0_100,governo_estadual,35.71,2024
SE,6,Infraestrutura,estadic/ESTADIC_INCLUSAO_PROGRAMA,estadic,ESTADIC_INCLUSAO_PROGRAMA,total,Desenvolve programa ou ação de inclusão digital,prop_0_100,governo_estadual,100.0,2024
SE,6,Infraestrutura,estadic/ESTADIC_WIFI_EXISTE,estadic,ESTADIC_WIFI_EXISTE,total,Disponibiliza acesso por conexão Wi-Fi pública,prop_0_100,governo_estadual,0.0,2024
SE,7,Inovação e Tecnologias Emergentes,iospd/IOSPD_III06,iospd,IOSPD_III06,total,Laboratório de Inovação em Governo (IOSPD III.6),indice_0_10,uf,0.0,2025
SE,7,Inovação e Tecnologias Emergentes,iospd/IOSPD_V02,iospd,IOSPD_V02,total,Uso de IA/ciência de dados em serviço público (IOSPD V.2),indice_0_10,uf,0.0,2025
SE,7,Inovação e Tecnologias Emergentes,estadic/ESTADIC_CAPACIT_EMPREEND,estadic,ESTADIC_CAPACIT_EMPREEND,total,Capacitação para empreendedorismo digital,prop_0_100,governo_estadual,100.0,2024
SE,7,Inovação e Tecnologias Emergentes,estadic/ESTADIC_ESPACO_INOVACAO,estadic,ESTADIC_ESPACO_INOVACAO,total,"Espaços de inovação, coworking ou espaços compartilhados",prop_0_100,governo_estadual,100.0,2024
SE,7,Inovação e Tecnologias Emergentes,estadic/ESTADIC_PREMIO_INOVACAO,estadic,ESTADIC_PREMIO_INOVACAO,total,Prêmio ou edital para empresas inovadoras e projetos criativos,prop_0_100,governo_estadual,100.0,2024
SE,8,Eficiência e Processos,iospd/IOSPD_III02,iospd,IOSPD_III02,total,Grupos de desburocratização regulamentados (IOSPD III.2),indice_0_10,uf,100.0,2025
SE,9,Transparência e Participação,iospd/IOSPD_I11,iospd,IOSPD_I11,total,Cartas de Serviços na Base Nacional (IOSPD I.11),indice_0_10,uf,0.0,2025
SE,9,Transparência e Participação,estadic/ESTADIC_CONSELHO_TRANSP,estadic,ESTADIC_CONSELHO_TRANSP,total,Conselho Estadual de Transparência ou similar,prop_0_100,governo_estadual,0.0,2024
SE,9,Transparência e Participação,estadic/ESTADIC_CTRL_INT_ONLINE,estadic,ESTADIC_CTRL_INT_ONLINE,total,Informações do controle interno publicadas na internet,prop_0_100,governo_estadual,75.0,2024
SE,9,Transparência e Participação,estadic/ESTADIC_LAI_CONTEUDO,estadic,ESTADIC_LAI_CONTEUDO,total,Conteúdo da legislação estadual de acesso à informação (LAI),prop_0_100,governo_estadual,100.0,2024
SE,9,Transparência e Participação,estadic/ESTADIC_LAI_MEIOS,estadic,ESTADIC_LAI_MEIOS,total,Meios de solicitação de acesso à informação pública,prop_0_100,governo_estadual,33.33,2024
SE,9,Transparência e Participação,estadic/ESTADIC_ORCAM_TEMPO_REAL,estadic,ESTADIC_ORCAM_TEMPO_REAL,total,Disponibiliza informações orçamentárias/financeiras em tempo real,prop_0_100,governo_estadual,100.0,2024
SE,9,Transparência e Participação,estadic/ESTADIC_PARTICIP_INTERNET,estadic,ESTADIC_PARTICIP_INTERNET,total,Formas de participação do cidadão pela internet,prop_0_100,governo_estadual,80.0,2024
SE,9,Transparência e Participação,estadic/ESTADIC_PORTAL_TRANSP,estadic,ESTADIC_PORTAL_TRANSP,total,Portal da transparência e portal de dados abertos,prop_0_100,governo_estadual,66.67,2024
SE,9,Transparência e Participação,estadic/ESTADIC_TRANSP_CONTEUDO,estadic,ESTADIC_TRANSP_CONTEUDO,total,Conteúdo da página internet / portal da transparência,prop_0_100,governo_estadual,72.73,2024
BA,1,Governança do Governo Digital,iospd/IOSPD_I10,iospd,IOSPD_I10,total,Estratégia de governo digital (IOSPD I.10),indice_0_10,uf,33.3,2025
BA,2,Qualidade dos Serviços Digitais,iospd/IOSPD_I01,iospd,IOSPD_I01,total,Portal único ou de serviços (IOSPD I.1),indice_0_10,uf,100.0,2025
BA,2,Qualidade dos Serviços Digitais,iospd/IOSPD_I03,iospd,IOSPD_I03,total,Agendamento digital unificado (IOSPD I.3),indice_0_10,uf,100.0,2025
BA,2,Qualidade dos Serviços Digitais,iospd/IOSPD_I04,iospd,IOSPD_I04,total,Avaliação de satisfação dos usuários (IOSPD I.4),indice_0_10,uf,100.0,2025
BA,2,Qualidade dos Serviços Digitais,iospd/IOSPD_I06,iospd,IOSPD_I06,total,Gestão de cadastro e perfil do cidadão (IOSPD I.6),indice_0_10,uf,100.0,2025
BA,2,Qualidade dos Serviços Digitais,iospd/IOSPD_I07,iospd,IOSPD_I07,total,Ouvidoria integrada ao portal (IOSPD I.7),indice_0_10,uf,100.0,2025
BA,2,Qualidade dos Serviços Digitais,iospd/IOSPD_I08,iospd,IOSPD_I08,total,Simplificação de serviços online (IOSPD I.8),indice_0_10,uf,0.0,2025
BA,2,Qualidade dos Serviços Digitais,iospd/IOSPD_I12,iospd,IOSPD_I12,total,Ferramenta digital integrada de atendimento (IOSPD I.12),indice_0_10,uf,100.0,2025
BA,2,Qualidade dos Serviços Digitais,iospd/IOSPD_II01,iospd,IOSPD_II01,total,Rematrícula online escolas estaduais (IOSPD II.1),indice_0_10,uf,0.0,2025
BA,2,Qualidade dos Serviços Digitais,iospd/IOSPD_II02,iospd,IOSPD_II02,total,Solicitação de medicamento de alto custo digital (IOSPD II.2),indice_0_10,uf,0.0,2025
BA,2,Qualidade dos Serviços Digitais,iospd/IOSPD_II03,iospd,IOSPD_II03,total,Tele-atendimento saúde por videoconferência (IOSPD II.3),indice_0_10,uf,0.0,2025
BA,2,Qualidade dos Serviços Digitais,iospd/IOSPD_II04,iospd,IOSPD_II04,total,Prova de vida online (IOSPD II.4),indice_0_10,uf,100.0,2025
BA,2,Qualidade dos Serviços Digitais,iospd/IOSPD_II05,iospd,IOSPD_II05,total,Recurso/defesa online infrações de trânsito (IOSPD II.5),indice_0_10,uf,0.0,2025
BA,2,Qualidade dos Serviços Digitais,iospd/IOSPD_II06,iospd,IOSPD_II06,total,Registro digital reclamação CDC (IOSPD II.6),indice_0_10,uf,0.0,2025
BA,2,Qualidade dos Serviços Digitais,iospd/IOSPD_II07,iospd,IOSPD_II07,total,Solicitação online 2ª via RG (IOSPD II.7),indice_0_10,uf,100.0,2025
BA,2,Qualidade dos Serviços Digitais,iospd/IOSPD_II08,iospd,IOSPD_II08,total,Boletim de ocorrência online violência doméstica (IOSPD II.8),indice_0_10,uf,0.0,2025
BA,2,Qualidade dos Serviços Digitais,iospd/IOSPD_II09,iospd,IOSPD_II09,total,Consulta online medicamentos disponíveis (IOSPD II.9),indice_0_10,uf,0.0,2025
BA,2,Qualidade dos Serviços Digitais,iospd/IOSPD_II10,iospd,IOSPD_II10,total,Emissão/envio de receita médica online (IOSPD II.10),indice_0_10,uf,0.0,2025
BA,2,Qualidade dos Serviços Digitais,iospd/IOSPD_II11,iospd,IOSPD_II11,total,Emissão online diplomas ensino médio (IOSPD II.11),indice_0_10,uf,0.0,2025
BA,2,Qualidade dos Serviços Digitais,iospd/IOSPD_II12,iospd,IOSPD_II12,total,Transferência online entre escolas estaduais (IOSPD II.12),indice_0_10,uf,100.0,2025
BA,2,Qualidade dos Serviços Digitais,iospd/IOSPD_III01a,iospd,IOSPD_III01a,total,Carta de Serviços normatizada (IOSPD III.1a),indice_0_10,uf,0.0,2025
BA,2,Qualidade dos Serviços Digitais,iospd/IOSPD_III01b,iospd,IOSPD_III01b,total,Ouvidorias Públicas normatizadas (IOSPD III.1b),indice_0_10,uf,0.0,2025
BA,2,Qualidade dos Serviços Digitais,iospd/IOSPD_III01c,iospd,IOSPD_III01c,total,Conselho de Usuários normatizado (IOSPD III.1c),indice_0_10,uf,0.0,2025
BA,2,Qualidade dos Serviços Digitais,iospd/IOSPD_III01d,iospd,IOSPD_III01d,total,Avaliação de Serviços Públicos normatizada (IOSPD III.1d),indice_0_10,uf,0.0,2025
BA,2,Qualidade dos Serviços Digitais,iospd/IOSPD_IV01,iospd,IOSPD_IV01,total,Tempos verbais 2ª/3ª pessoa (IOSPD IV.1),indice_0_10,uf,80.0,2025
BA,2,Qualidade dos Serviços Digitais,iospd/IOSPD_IV02,iospd,IOSPD_IV02,total,Frases curtas com ação única (IOSPD IV.2),indice_0_10,uf,20.0,2025
BA,2,Qualidade dos Serviços Digitais,iospd/IOSPD_IV03,iospd,IOSPD_IV03,total,Título objetivo e curto (IOSPD IV.3),indice_0_10,uf,100.0,2025
BA,2,Qualidade dos Serviços Digitais,iospd/IOSPD_IV04,iospd,IOSPD_IV04,total,Parágrafos curtos (IOSPD IV.4),indice_0_10,uf,100.0,2025
BA,2,Qualidade dos Serviços Digitais,iospd/IOSPD_IV05,iospd,IOSPD_IV05,total,Uso do tempo presente (IOSPD IV.5),indice_0_10,uf,100.0,2025
BA,2,Qualidade dos Serviços Digitais,iospd/IOSPD_IV06,iospd,IOSPD_IV06,total,Uso de caracteres especiais (IOSPD IV.6),indice_0_10,uf,100.0,2025
BA,2,Qualidade dos Serviços Digitais,iospd/IOSPD_IV07,iospd,IOSPD_IV07,total,Vocabulário de fácil entendimento (IOSPD IV.7),indice_0_10,uf,60.0,2025
BA,2,Qualidade dos Serviços Digitais,iospd/IOSPD_IV08,iospd,IOSPD_IV08,total,Aplicação da técnica de Linguagem Simples (IOSPD IV.8),indice_0_10,uf,0.0,2025
BA,2,Qualidade dos Serviços Digitais,iospd/IOSPD_IV09,iospd,IOSPD_IV09,total,Mecanismo de melhoria na apresentação (IOSPD IV.9),indice_0_10,uf,100.0,2025
BA,2,Qualidade dos Serviços Digitais,iospd/IOSPD_V01,iospd,IOSPD_V01,total,Aplicativo móvel para portal de serviços (IOSPD V.1),indice_0_10,uf,100.0,2025
BA,2,Qualidade dos Serviços Digitais,iospd/IOSPD_V03,iospd,IOSPD_V03,total,Pagamento por PIX/cartão digital (IOSPD V.3),indice_0_10,uf,66.7,2025
BA,2,Qualidade dos Serviços Digitais,iospd/IOSPD_V04,iospd,IOSPD_V04,total,Ambiente autenticado e personalizado de serviços (IOSPD V.4),indice_0_10,uf,100.0,2025
BA,2,Qualidade dos Serviços Digitais,iospd/IOSPD_V05,iospd,IOSPD_V05,total,Licenciamento de veículo com pagamento eletrônico (IOSPD V.5),indice_0_10,uf,100.0,2025
BA,2,Qualidade dos Serviços Digitais,iospd/IOSPD_V06,iospd,IOSPD_V06,total,Certidão Negativa Estadual online (IOSPD V.6),indice_0_10,uf,0.0,2025
BA,2,Qualidade dos Serviços Digitais,iospd/IOSPD_V08,iospd,IOSPD_V08,total,Transferência digital de veículos (IOSPD V.8),indice_0_10,uf,0.0,2025
BA,2,Qualidade dos Serviços Digitais,iospd/IOSPD_V09,iospd,IOSPD_V09,total,Acessibilidade da plataforma digital (IOSPD V.9),indice_0_10,uf,0.0,2025
BA,2,Qualidade dos Serviços Digitais,estadic/ESTADIC_ACESSIBILIDADE,estadic,ESTADIC_ACESSIBILIDADE,total,Acessibilidade da página e serviços eletrônicos,prop_0_100,governo_estadual,66.67,2024
BA,2,Qualidade dos Serviços Digitais,estadic/ESTADIC_ATEND_DISTANCIA,estadic,ESTADIC_ATEND_DISTANCIA,total,Formas de atendimento a distância ao cidadão,prop_0_100,governo_estadual,62.5,2024
BA,2,Qualidade dos Serviços Digitais,estadic/ESTADIC_ATIV_REDES,estadic,ESTADIC_ATIV_REDES,total,Atividades do governo nas redes sociais nos últimos 12 meses,prop_0_100,governo_estadual,50.0,2024
BA,2,Qualidade dos Serviços Digitais,estadic/ESTADIC_BILHETE_UNICO,estadic,ESTADIC_BILHETE_UNICO,total,Bilhete único para uso de transporte público,prop_0_100,governo_estadual,100.0,2024
BA,2,Qualidade dos Serviços Digitais,estadic/ESTADIC_FREQ_REDES,estadic,ESTADIC_FREQ_REDES,total,Frequência de atualização do conteúdo nas redes sociais,prop_0_100,governo_estadual,100.0,2024
BA,2,Qualidade dos Serviços Digitais,estadic/ESTADIC_MODELO_ACESS,estadic,ESTADIC_MODELO_ACESS,total,Modelo de acessibilidade adotado,prop_0_100,governo_estadual,75.0,2024
BA,2,Qualidade dos Serviços Digitais,estadic/ESTADIC_REDES_SOCIAIS,estadic,ESTADIC_REDES_SOCIAIS,total,Plataformas de rede social do governo estadual,prop_0_100,governo_estadual,66.67,2024
BA,2,Qualidade dos Serviços Digitais,estadic/ESTADIC_SERV_CELULAR,estadic,ESTADIC_SERV_CELULAR,total,Serviços disponibilizados por celular/smartphone,prop_0_100,governo_estadual,42.86,2024
BA,2,Qualidade dos Serviços Digitais,estadic/ESTADIC_SERV_INFORMATIVOS,estadic,ESTADIC_SERV_INFORMATIVOS,total,Serviços informativos disponibilizados na página da internet,prop_0_100,governo_estadual,25.0,2024
BA,2,Qualidade dos Serviços Digitais,estadic/ESTADIC_SERV_TRANSACIONAIS,estadic,ESTADIC_SERV_TRANSACIONAIS,total,Serviços transacionais disponibilizados na página da internet,prop_0_100,governo_estadual,76.92,2024
BA,3,Identificação Única,iospd/IOSPD_I09,iospd,IOSPD_I09,total,Assinatura eletrônica Gov.br (IOSPD I.9),indice_0_10,uf,0.0,2025
BA,3,Identificação Única,iospd/IOSPD_V07,iospd,IOSPD_V07,total,Emissão da CIN — Carteira de Identidade Nacional (IOSPD V.7),indice_0_10,uf,0.0,2025
BA,4,Segurança e LGPD,iospd/IOSPD_III07,iospd,IOSPD_III07,total,Consentimento LGPD no portal (IOSPD III.7),indice_0_10,uf,0.0,2025
BA,4,Segurança e LGPD,estadic/ESTADIC_LGPD_CANAL_TITULAR,estadic,ESTADIC_LGPD_CANAL_TITULAR,total,Canal internet para titulares de dados (LGPD),prop_0_100,governo_estadual,100.0,2024
BA,4,Segurança e LGPD,estadic/ESTADIC_LGPD_CAPACIT,estadic,ESTADIC_LGPD_CAPACIT,total,Cursos segurança da informação e proteção de dados para servidores,prop_0_100,governo_estadual,0.0,2024
BA,4,Segurança e LGPD,estadic/ESTADIC_LGPD_REGULAMENT,estadic,ESTADIC_LGPD_REGULAMENT,total,Regulamentação estadual específica sobre LGPD,prop_0_100,governo_estadual,0.0,2024
BA,4,Segurança e LGPD,estadic/ESTADIC_LGPD_RESP,estadic,ESTADIC_LGPD_RESP,total,Responsável LGPD designado,prop_0_100,governo_estadual,0.0,2024
BA,5,Dados e Interoperabilidade,iospd/IOSPD_I05,iospd,IOSPD_I05,total,Governança de dados (IOSPD I.5),indice_0_10,uf,0.0,2025
BA,5,Dados e Interoperabilidade,estadic/ESTADIC_FORMATO_DADOS,estadic,ESTADIC_FORMATO_DADOS,total,Formato de publicação dos dados da administração estadual,prop_0_100,governo_estadual,25.0,2024
BA,6,Infraestrutura,estadic/ESTADIC_INCLUSAO_PROGRAMA,estadic,ESTADIC_INCLUSAO_PROGRAMA,total,Desenvolve programa ou ação de inclusão digital,prop_0_100,governo_estadual,100.0,2024
BA,6,Infraestrutura,estadic/ESTADIC_WIFI_EXISTE,estadic,ESTADIC_WIFI_EXISTE,total,Disponibiliza acesso por conexão Wi-Fi pública,prop_0_100,governo_estadual,100.0,2024
BA,7,Inovação e Tecnologias Emergentes,iospd/IOSPD_III06,iospd,IOSPD_III06,total,Laboratório de Inovação em Governo (IOSPD III.6),indice_0_10,uf,0.0,2025
BA,7,Inovação e Tecnologias Emergentes,iospd/IOSPD_V02,iospd,IOSPD_V02,total,Uso de IA/ciência de dados em serviço público (IOSPD V.2),indice_0_10,uf,100.0,2025
BA,7,Inovação e Tecnologias Emergentes,estadic/ESTADIC_CAPACIT_EMPREEND,estadic,ESTADIC_CAPACIT_EMPREEND,total,Capacitação para empreendedorismo digital,prop_0_100,governo_estadual,100.0,2024
BA,7,Inovação e Tecnologias Emergentes,estadic/ESTADIC_ESPACO_INOVACAO,estadic,ESTADIC_ESPACO_INOVACAO,total,"Espaços de inovação, coworking ou espaços compartilhados",prop_0_100,governo_estadual,100.0,2024
BA,7,Inovação e Tecnologias Emergentes,estadic/ESTADIC_PREMIO_INOVACAO,estadic,ESTADIC_PREMIO_INOVACAO,total,Prêmio ou edital para empresas inovadoras e projetos criativos,prop_0_100,governo_estadual,100.0,2024
BA,8,Eficiência e Processos,iospd/IOSPD_III02,iospd,IOSPD_III02,total,Grupos de desburocratização regulamentados (IOSPD III.2),indice_0_10,uf,100.0,2025
BA,9,Transparência e Participação,iospd/IOSPD_I11,iospd,IOSPD_I11,total,Cartas de Serviços na Base Nacional (IOSPD I.11),indice_0_10,uf,0.0,2025
BA,9,Transparência e Participação,estadic/ESTADIC_CONSELHO_TRANSP,estadic,ESTADIC_CONSELHO_TRANSP,total,Conselho Estadual de Transparência ou similar,prop_0_100,governo_estadual,0.0,2024
BA,9,Transparência e Participação,estadic/ESTADIC_CTRL_INT_ONLINE,estadic,ESTADIC_CTRL_INT_ONLINE,total,Informações do controle interno publicadas na internet,prop_0_100,governo_estadual,25.0,2024
BA,9,Transparência e Participação,estadic/ESTADIC_LAI_CONTEUDO,estadic,ESTADIC_LAI_CONTEUDO,total,Conteúdo da legislação estadual de acesso à informação (LAI),prop_0_100,governo_estadual,100.0,2024
BA,9,Transparência e Participação,estadic/ESTADIC_LAI_MEIOS,estadic,ESTADIC_LAI_MEIOS,total,Meios de solicitação de acesso à informação pública,prop_0_100,governo_estadual,83.33,2024
BA,9,Transparência e Participação,estadic/ESTADIC_ORCAM_TEMPO_REAL,estadic,ESTADIC_ORCAM_TEMPO_REAL,total,Disponibiliza informações orçamentárias/financeiras em tempo real,prop_0_100,governo_estadual,100.0,2024
BA,9,Transparência e Participação,estadic/ESTADIC_PARTICIP_INTERNET,estadic,ESTADIC_PARTICIP_INTERNET,total,Formas de participação do cidadão pela internet,prop_0_100,governo_estadual,20.0,2024
BA,9,Transparência e Participação,estadic/ESTADIC_PORTAL_TRANSP,estadic,ESTADIC_PORTAL_TRANSP,total,Portal da transparência e portal de dados abertos,prop_0_100,governo_estadual,66.67,2024
BA,9,Transparência e Participação,estadic/ESTADIC_TRANSP_CONTEUDO,estadic,ESTADIC_TRANSP_CONTEUDO,total,Conteúdo da página internet / portal da transparência,prop_0_100,governo_estadual,81.82,2024
MG,1,Governança do Governo Digital,iospd/IOSPD_I10,iospd,IOSPD_I10,total,Estratégia de governo digital (IOSPD I.10),indice_0_10,uf,100.0,2025
MG,2,Qualidade dos Serviços Digitais,iospd/IOSPD_I01,iospd,IOSPD_I01,total,Portal único ou de serviços (IOSPD I.1),indice_0_10,uf,100.0,2025
MG,2,Qualidade dos Serviços Digitais,iospd/IOSPD_I03,iospd,IOSPD_I03,total,Agendamento digital unificado (IOSPD I.3),indice_0_10,uf,100.0,2025
MG,2,Qualidade dos Serviços Digitais,iospd/IOSPD_I04,iospd,IOSPD_I04,total,Avaliação de satisfação dos usuários (IOSPD I.4),indice_0_10,uf,100.0,2025
MG,2,Qualidade dos Serviços Digitais,iospd/IOSPD_I06,iospd,IOSPD_I06,total,Gestão de cadastro e perfil do cidadão (IOSPD I.6),indice_0_10,uf,100.0,2025
MG,2,Qualidade dos Serviços Digitais,iospd/IOSPD_I07,iospd,IOSPD_I07,total,Ouvidoria integrada ao portal (IOSPD I.7),indice_0_10,uf,100.0,2025
MG,2,Qualidade dos Serviços Digitais,iospd/IOSPD_I08,iospd,IOSPD_I08,total,Simplificação de serviços online (IOSPD I.8),indice_0_10,uf,100.0,2025
MG,2,Qualidade dos Serviços Digitais,iospd/IOSPD_I12,iospd,IOSPD_I12,total,Ferramenta digital integrada de atendimento (IOSPD I.12),indice_0_10,uf,100.0,2025
MG,2,Qualidade dos Serviços Digitais,iospd/IOSPD_II01,iospd,IOSPD_II01,total,Rematrícula online escolas estaduais (IOSPD II.1),indice_0_10,uf,100.0,2025
MG,2,Qualidade dos Serviços Digitais,iospd/IOSPD_II02,iospd,IOSPD_II02,total,Solicitação de medicamento de alto custo digital (IOSPD II.2),indice_0_10,uf,0.0,2025
MG,2,Qualidade dos Serviços Digitais,iospd/IOSPD_II03,iospd,IOSPD_II03,total,Tele-atendimento saúde por videoconferência (IOSPD II.3),indice_0_10,uf,100.0,2025
MG,2,Qualidade dos Serviços Digitais,iospd/IOSPD_II04,iospd,IOSPD_II04,total,Prova de vida online (IOSPD II.4),indice_0_10,uf,100.0,2025
MG,2,Qualidade dos Serviços Digitais,iospd/IOSPD_II05,iospd,IOSPD_II05,total,Recurso/defesa online infrações de trânsito (IOSPD II.5),indice_0_10,uf,100.0,2025
MG,2,Qualidade dos Serviços Digitais,iospd/IOSPD_II06,iospd,IOSPD_II06,total,Registro digital reclamação CDC (IOSPD II.6),indice_0_10,uf,100.0,2025
MG,2,Qualidade dos Serviços Digitais,iospd/IOSPD_II07,iospd,IOSPD_II07,total,Solicitação online 2ª via RG (IOSPD II.7),indice_0_10,uf,100.0,2025
MG,2,Qualidade dos Serviços Digitais,iospd/IOSPD_II08,iospd,IOSPD_II08,total,Boletim de ocorrência online violência doméstica (IOSPD II.8),indice_0_10,uf,100.0,2025
MG,2,Qualidade dos Serviços Digitais,iospd/IOSPD_II09,iospd,IOSPD_II09,total,Consulta online medicamentos disponíveis (IOSPD II.9),indice_0_10,uf,100.0,2025
MG,2,Qualidade dos Serviços Digitais,iospd/IOSPD_II10,iospd,IOSPD_II10,total,Emissão/envio de receita médica online (IOSPD II.10),indice_0_10,uf,100.0,2025
MG,2,Qualidade dos Serviços Digitais,iospd/IOSPD_II11,iospd,IOSPD_II11,total,Emissão online diplomas ensino médio (IOSPD II.11),indice_0_10,uf,0.0,2025
MG,2,Qualidade dos Serviços Digitais,iospd/IOSPD_II12,iospd,IOSPD_II12,total,Transferência online entre escolas estaduais (IOSPD II.12),indice_0_10,uf,0.0,2025
MG,2,Qualidade dos Serviços Digitais,iospd/IOSPD_III01a,iospd,IOSPD_III01a,total,Carta de Serviços normatizada (IOSPD III.1a),indice_0_10,uf,100.0,2025
MG,2,Qualidade dos Serviços Digitais,iospd/IOSPD_III01b,iospd,IOSPD_III01b,total,Ouvidorias Públicas normatizadas (IOSPD III.1b),indice_0_10,uf,100.0,2025
MG,2,Qualidade dos Serviços Digitais,iospd/IOSPD_III01c,iospd,IOSPD_III01c,total,Conselho de Usuários normatizado (IOSPD III.1c),indice_0_10,uf,100.0,2025
MG,2,Qualidade dos Serviços Digitais,iospd/IOSPD_III01d,iospd,IOSPD_III01d,total,Avaliação de Serviços Públicos normatizada (IOSPD III.1d),indice_0_10,uf,100.0,2025
MG,2,Qualidade dos Serviços Digitais,iospd/IOSPD_IV01,iospd,IOSPD_IV01,total,Tempos verbais 2ª/3ª pessoa (IOSPD IV.1),indice_0_10,uf,100.0,2025
MG,2,Qualidade dos Serviços Digitais,iospd/IOSPD_IV02,iospd,IOSPD_IV02,total,Frases curtas com ação única (IOSPD IV.2),indice_0_10,uf,60.0,2025
MG,2,Qualidade dos Serviços Digitais,iospd/IOSPD_IV03,iospd,IOSPD_IV03,total,Título objetivo e curto (IOSPD IV.3),indice_0_10,uf,80.0,2025
MG,2,Qualidade dos Serviços Digitais,iospd/IOSPD_IV04,iospd,IOSPD_IV04,total,Parágrafos curtos (IOSPD IV.4),indice_0_10,uf,100.0,2025
MG,2,Qualidade dos Serviços Digitais,iospd/IOSPD_IV05,iospd,IOSPD_IV05,total,Uso do tempo presente (IOSPD IV.5),indice_0_10,uf,100.0,2025
MG,2,Qualidade dos Serviços Digitais,iospd/IOSPD_IV06,iospd,IOSPD_IV06,total,Uso de caracteres especiais (IOSPD IV.6),indice_0_10,uf,100.0,2025
MG,2,Qualidade dos Serviços Digitais,iospd/IOSPD_IV07,iospd,IOSPD_IV07,total,Vocabulário de fácil entendimento (IOSPD IV.7),indice_0_10,uf,80.0,2025
MG,2,Qualidade dos Serviços Digitais,iospd/IOSPD_IV08,iospd,IOSPD_IV08,total,Aplicação da técnica de Linguagem Simples (IOSPD IV.8),indice_0_10,uf,100.0,2025
MG,2,Qualidade dos Serviços Digitais,iospd/IOSPD_IV09,iospd,IOSPD_IV09,total,Mecanismo de melhoria na apresentação (IOSPD IV.9),indice_0_10,uf,100.0,2025
MG,2,Qualidade dos Serviços Digitais,iospd/IOSPD_V01,iospd,IOSPD_V01,total,Aplicativo móvel para portal de serviços (IOSPD V.1),indice_0_10,uf,100.0,2025
MG,2,Qualidade dos Serviços Digitais,iospd/IOSPD_V03,iospd,IOSPD_V03,total,Pagamento por PIX/cartão digital (IOSPD V.3),indice_0_10,uf,66.7,2025
MG,2,Qualidade dos Serviços Digitais,iospd/IOSPD_V04,iospd,IOSPD_V04,total,Ambiente autenticado e personalizado de serviços (IOSPD V.4),indice_0_10,uf,100.0,2025
MG,2,Qualidade dos Serviços Digitais,iospd/IOSPD_V05,iospd,IOSPD_V05,total,Licenciamento de veículo com pagamento eletrônico (IOSPD V.5),indice_0_10,uf,100.0,2025
MG,2,Qualidade dos Serviços Digitais,iospd/IOSPD_V06,iospd,IOSPD_V06,total,Certidão Negativa Estadual online (IOSPD V.6),indice_0_10,uf,100.0,2025
MG,2,Qualidade dos Serviços Digitais,iospd/IOSPD_V08,iospd,IOSPD_V08,total,Transferência digital de veículos (IOSPD V.8),indice_0_10,uf,100.0,2025
MG,2,Qualidade dos Serviços Digitais,iospd/IOSPD_V09,iospd,IOSPD_V09,total,Acessibilidade da plataforma digital (IOSPD V.9),indice_0_10,uf,100.0,2025
MG,2,Qualidade dos Serviços Digitais,estadic/ESTADIC_ACESSIBILIDADE,estadic,ESTADIC_ACESSIBILIDADE,total,Acessibilidade da página e serviços eletrônicos,prop_0_100,governo_estadual,11.11,2024
MG,2,Qualidade dos Serviços Digitais,estadic/ESTADIC_ATEND_DISTANCIA,estadic,ESTADIC_ATEND_DISTANCIA,total,Formas de atendimento a distância ao cidadão,prop_0_100,governo_estadual,50.0,2024
MG,2,Qualidade dos Serviços Digitais,estadic/ESTADIC_ATIV_REDES,estadic,ESTADIC_ATIV_REDES,total,Atividades do governo nas redes sociais nos últimos 12 meses,prop_0_100,governo_estadual,50.0,2024
MG,2,Qualidade dos Serviços Digitais,estadic/ESTADIC_BILHETE_UNICO,estadic,ESTADIC_BILHETE_UNICO,total,Bilhete único para uso de transporte público,prop_0_100,governo_estadual,100.0,2024
MG,2,Qualidade dos Serviços Digitais,estadic/ESTADIC_FREQ_REDES,estadic,ESTADIC_FREQ_REDES,total,Frequência de atualização do conteúdo nas redes sociais,prop_0_100,governo_estadual,100.0,2024
MG,2,Qualidade dos Serviços Digitais,estadic/ESTADIC_MODELO_ACESS,estadic,ESTADIC_MODELO_ACESS,total,Modelo de acessibilidade adotado,prop_0_100,governo_estadual,100.0,2024
MG,2,Qualidade dos Serviços Digitais,estadic/ESTADIC_REDES_SOCIAIS,estadic,ESTADIC_REDES_SOCIAIS,total,Plataformas de rede social do governo estadual,prop_0_100,governo_estadual,66.67,2024
MG,2,Qualidade dos Serviços Digitais,estadic/ESTADIC_SERV_CELULAR,estadic,ESTADIC_SERV_CELULAR,total,Serviços disponibilizados por celular/smartphone,prop_0_100,governo_estadual,71.43,2024
MG,2,Qualidade dos Serviços Digitais,estadic/ESTADIC_SERV_INFORMATIVOS,estadic,ESTADIC_SERV_INFORMATIVOS,total,Serviços informativos disponibilizados na página da internet,prop_0_100,governo_estadual,87.5,2024
MG,2,Qualidade dos Serviços Digitais,estadic/ESTADIC_SERV_TRANSACIONAIS,estadic,ESTADIC_SERV_TRANSACIONAIS,total,Serviços transacionais disponibilizados na página da internet,prop_0_100,governo_estadual,76.92,2024
MG,3,Identificação Única,iospd/IOSPD_I09,iospd,IOSPD_I09,total,Assinatura eletrônica Gov.br (IOSPD I.9),indice_0_10,uf,100.0,2025
MG,3,Identificação Única,iospd/IOSPD_V07,iospd,IOSPD_V07,total,Emissão da CIN — Carteira de Identidade Nacional (IOSPD V.7),indice_0_10,uf,100.0,2025
MG,4,Segurança e LGPD,iospd/IOSPD_III07,iospd,IOSPD_III07,total,Consentimento LGPD no portal (IOSPD III.7),indice_0_10,uf,100.0,2025
MG,4,Segurança e LGPD,estadic/ESTADIC_LGPD_CANAL_TITULAR,estadic,ESTADIC_LGPD_CANAL_TITULAR,total,Canal internet para titulares de dados (LGPD),prop_0_100,governo_estadual,100.0,2024
MG,4,Segurança e LGPD,estadic/ESTADIC_LGPD_CAPACIT,estadic,ESTADIC_LGPD_CAPACIT,total,Cursos segurança da informação e proteção de dados para servidores,prop_0_100,governo_estadual,100.0,2024
MG,4,Segurança e LGPD,estadic/ESTADIC_LGPD_REGULAMENT,estadic,ESTADIC_LGPD_REGULAMENT,total,Regulamentação estadual específica sobre LGPD,prop_0_100,governo_estadual,100.0,2024
MG,4,Segurança e LGPD,estadic/ESTADIC_LGPD_RESP,estadic,ESTADIC_LGPD_RESP,total,Responsável LGPD designado,prop_0_100,governo_estadual,100.0,2024
MG,5,Dados e Interoperabilidade,iospd/IOSPD_I05,iospd,IOSPD_I05,total,Governança de dados (IOSPD I.5),indice_0_10,uf,100.0,2025
MG,5,Dados e Interoperabilidade,estadic/ESTADIC_FORMATO_DADOS,estadic,ESTADIC_FORMATO_DADOS,total,Formato de publicação dos dados da administração estadual,prop_0_100,governo_estadual,60.71,2024
MG,6,Infraestrutura,estadic/ESTADIC_INCLUSAO_PROGRAMA,estadic,ESTADIC_INCLUSAO_PROGRAMA,total,Desenvolve programa ou ação de inclusão digital,prop_0_100,governo_estadual,100.0,2024
MG,6,Infraestrutura,estadic/ESTADIC_WIFI_EXISTE,estadic,ESTADIC_WIFI_EXISTE,total,Disponibiliza acesso por conexão Wi-Fi pública,prop_0_100,governo_estadual,100.0,2024
MG,7,Inovação e Tecnologias Emergentes,iospd/IOSPD_III06,iospd,IOSPD_III06,total,Laboratório de Inovação em Governo (IOSPD III.6),indice_0_10,uf,100.0,2025
MG,7,Inovação e Tecnologias Emergentes,iospd/IOSPD_V02,iospd,IOSPD_V02,total,Uso de IA/ciência de dados em serviço público (IOSPD V.2),indice_0_10,uf,100.0,2025
MG,7,Inovação e Tecnologias Emergentes,estadic/ESTADIC_CAPACIT_EMPREEND,estadic,ESTADIC_CAPACIT_EMPREEND,total,Capacitação para empreendedorismo digital,prop_0_100,governo_estadual,100.0,2024
MG,7,Inovação e Tecnologias Emergentes,estadic/ESTADIC_ESPACO_INOVACAO,estadic,ESTADIC_ESPACO_INOVACAO,total,"Espaços de inovação, coworking ou espaços compartilhados",prop_0_100,governo_estadual,100.0,2024
MG,7,Inovação e Tecnologias Emergentes,estadic/ESTADIC_PREMIO_INOVACAO,estadic,ESTADIC_PREMIO_INOVACAO,total,Prêmio ou edital para empresas inovadoras e projetos criativos,prop_0_100,governo_estadual,0.0,2024
MG,8,Eficiência e Processos,iospd/IOSPD_III02,iospd,IOSPD_III02,total,Grupos de desburocratização regulamentados (IOSPD III.2),indice_0_10,uf,100.0,2025
MG,9,Transparência e Participação,iospd/IOSPD_I11,iospd,IOSPD_I11,total,Cartas de Serviços na Base Nacional (IOSPD I.11),indice_0_10,uf,100.0,2025
MG,9,Transparência e Participação,estadic/ESTADIC_CONSELHO_TRANSP,estadic,ESTADIC_CONSELHO_TRANSP,total,Conselho Estadual de Transparência ou similar,prop_0_100,governo_estadual,100.0,2024
MG,9,Transparência e Participação,estadic/ESTADIC_CTRL_INT_ONLINE,estadic,ESTADIC_CTRL_INT_ONLINE,total,Informações do controle interno publicadas na internet,prop_0_100,governo_estadual,62.5,2024
MG,9,Transparência e Participação,estadic/ESTADIC_LAI_CONTEUDO,estadic,ESTADIC_LAI_CONTEUDO,total,Conteúdo da legislação estadual de acesso à informação (LAI),prop_0_100,governo_estadual,100.0,2024
MG,9,Transparência e Participação,estadic/ESTADIC_LAI_MEIOS,estadic,ESTADIC_LAI_MEIOS,total,Meios de solicitação de acesso à informação pública,prop_0_100,governo_estadual,33.33,2024
MG,9,Transparência e Participação,estadic/ESTADIC_ORCAM_TEMPO_REAL,estadic,ESTADIC_ORCAM_TEMPO_REAL,total,Disponibiliza informações orçamentárias/financeiras em tempo real,prop_0_100,governo_estadual,100.0,2024
MG,9,Transparência e Participação,estadic/ESTADIC_PARTICIP_INTERNET,estadic,ESTADIC_PARTICIP_INTERNET,total,Formas de participação do cidadão pela internet,prop_0_100,governo_estadual,40.0,2024
MG,9,Transparência e Participação,estadic/ESTADIC_PORTAL_TRANSP,estadic,ESTADIC_PORTAL_TRANSP,total,Portal da transparência e portal de dados abertos,prop_0_100,governo_estadual,66.67,2024
MG,9,Transparência e Participação,estadic/ESTADIC_TRANSP_CONTEUDO,estadic,ESTADIC_TRANSP_CONTEUDO,total,Conteúdo da página internet / portal da transparência,prop_0_100,governo_estadual,63.64,2024
ES,1,Governança do Governo Digital,iospd/IOSPD_I10,iospd,IOSPD_I10,total,Estratégia de governo digital (IOSPD I.10),indice_0_10,uf,0.0,2025
ES,2,Qualidade dos Serviços Digitais,iospd/IOSPD_I01,iospd,IOSPD_I01,total,Portal único ou de serviços (IOSPD I.1),indice_0_10,uf,50.0,2025
ES,2,Qualidade dos Serviços Digitais,iospd/IOSPD_I03,iospd,IOSPD_I03,total,Agendamento digital unificado (IOSPD I.3),indice_0_10,uf,100.0,2025
ES,2,Qualidade dos Serviços Digitais,iospd/IOSPD_I04,iospd,IOSPD_I04,total,Avaliação de satisfação dos usuários (IOSPD I.4),indice_0_10,uf,100.0,2025
ES,2,Qualidade dos Serviços Digitais,iospd/IOSPD_I06,iospd,IOSPD_I06,total,Gestão de cadastro e perfil do cidadão (IOSPD I.6),indice_0_10,uf,100.0,2025
ES,2,Qualidade dos Serviços Digitais,iospd/IOSPD_I07,iospd,IOSPD_I07,total,Ouvidoria integrada ao portal (IOSPD I.7),indice_0_10,uf,100.0,2025
ES,2,Qualidade dos Serviços Digitais,iospd/IOSPD_I08,iospd,IOSPD_I08,total,Simplificação de serviços online (IOSPD I.8),indice_0_10,uf,0.0,2025
ES,2,Qualidade dos Serviços Digitais,iospd/IOSPD_I12,iospd,IOSPD_I12,total,Ferramenta digital integrada de atendimento (IOSPD I.12),indice_0_10,uf,100.0,2025
ES,2,Qualidade dos Serviços Digitais,iospd/IOSPD_II01,iospd,IOSPD_II01,total,Rematrícula online escolas estaduais (IOSPD II.1),indice_0_10,uf,100.0,2025
ES,2,Qualidade dos Serviços Digitais,iospd/IOSPD_II02,iospd,IOSPD_II02,total,Solicitação de medicamento de alto custo digital (IOSPD II.2),indice_0_10,uf,100.0,2025
ES,2,Qualidade dos Serviços Digitais,iospd/IOSPD_II03,iospd,IOSPD_II03,total,Tele-atendimento saúde por videoconferência (IOSPD II.3),indice_0_10,uf,0.0,2025
ES,2,Qualidade dos Serviços Digitais,iospd/IOSPD_II04,iospd,IOSPD_II04,total,Prova de vida online (IOSPD II.4),indice_0_10,uf,100.0,2025
ES,2,Qualidade dos Serviços Digitais,iospd/IOSPD_II05,iospd,IOSPD_II05,total,Recurso/defesa online infrações de trânsito (IOSPD II.5),indice_0_10,uf,100.0,2025
ES,2,Qualidade dos Serviços Digitais,iospd/IOSPD_II06,iospd,IOSPD_II06,total,Registro digital reclamação CDC (IOSPD II.6),indice_0_10,uf,100.0,2025
ES,2,Qualidade dos Serviços Digitais,iospd/IOSPD_II07,iospd,IOSPD_II07,total,Solicitação online 2ª via RG (IOSPD II.7),indice_0_10,uf,100.0,2025
ES,2,Qualidade dos Serviços Digitais,iospd/IOSPD_II08,iospd,IOSPD_II08,total,Boletim de ocorrência online violência doméstica (IOSPD II.8),indice_0_10,uf,100.0,2025
ES,2,Qualidade dos Serviços Digitais,iospd/IOSPD_II09,iospd,IOSPD_II09,total,Consulta online medicamentos disponíveis (IOSPD II.9),indice_0_10,uf,100.0,2025
ES,2,Qualidade dos Serviços Digitais,iospd/IOSPD_II10,iospd,IOSPD_II10,total,Emissão/envio de receita médica online (IOSPD II.10),indice_0_10,uf,0.0,2025
ES,2,Qualidade dos Serviços Digitais,iospd/IOSPD_II11,iospd,IOSPD_II11,total,Emissão online diplomas ensino médio (IOSPD II.11),indice_0_10,uf,100.0,2025
ES,2,Qualidade dos Serviços Digitais,iospd/IOSPD_II12,iospd,IOSPD_II12,total,Transferência online entre escolas estaduais (IOSPD II.12),indice_0_10,uf,0.0,2025
ES,2,Qualidade dos Serviços Digitais,iospd/IOSPD_III01a,iospd,IOSPD_III01a,total,Carta de Serviços normatizada (IOSPD III.1a),indice_0_10,uf,100.0,2025
ES,2,Qualidade dos Serviços Digitais,iospd/IOSPD_III01b,iospd,IOSPD_III01b,total,Ouvidorias Públicas normatizadas (IOSPD III.1b),indice_0_10,uf,100.0,2025
ES,2,Qualidade dos Serviços Digitais,iospd/IOSPD_III01c,iospd,IOSPD_III01c,total,Conselho de Usuários normatizado (IOSPD III.1c),indice_0_10,uf,100.0,2025
ES,2,Qualidade dos Serviços Digitais,iospd/IOSPD_III01d,iospd,IOSPD_III01d,total,Avaliação de Serviços Públicos normatizada (IOSPD III.1d),indice_0_10,uf,100.0,2025
ES,2,Qualidade dos Serviços Digitais,iospd/IOSPD_IV01,iospd,IOSPD_IV01,total,Tempos verbais 2ª/3ª pessoa (IOSPD IV.1),indice_0_10,uf,100.0,2025
ES,2,Qualidade dos Serviços Digitais,iospd/IOSPD_IV02,iospd,IOSPD_IV02,total,Frases curtas com ação única (IOSPD IV.2),indice_0_10,uf,100.0,2025
ES,2,Qualidade dos Serviços Digitais,iospd/IOSPD_IV03,iospd,IOSPD_IV03,total,Título objetivo e curto (IOSPD IV.3),indice_0_10,uf,100.0,2025
ES,2,Qualidade dos Serviços Digitais,iospd/IOSPD_IV04,iospd,IOSPD_IV04,total,Parágrafos curtos (IOSPD IV.4),indice_0_10,uf,100.0,2025
ES,2,Qualidade dos Serviços Digitais,iospd/IOSPD_IV05,iospd,IOSPD_IV05,total,Uso do tempo presente (IOSPD IV.5),indice_0_10,uf,100.0,2025
ES,2,Qualidade dos Serviços Digitais,iospd/IOSPD_IV06,iospd,IOSPD_IV06,total,Uso de caracteres especiais (IOSPD IV.6),indice_0_10,uf,100.0,2025
ES,2,Qualidade dos Serviços Digitais,iospd/IOSPD_IV07,iospd,IOSPD_IV07,total,Vocabulário de fácil entendimento (IOSPD IV.7),indice_0_10,uf,100.0,2025
ES,2,Qualidade dos Serviços Digitais,iospd/IOSPD_IV08,iospd,IOSPD_IV08,total,Aplicação da técnica de Linguagem Simples (IOSPD IV.8),indice_0_10,uf,0.0,2025
ES,2,Qualidade dos Serviços Digitais,iospd/IOSPD_IV09,iospd,IOSPD_IV09,total,Mecanismo de melhoria na apresentação (IOSPD IV.9),indice_0_10,uf,100.0,2025
ES,2,Qualidade dos Serviços Digitais,iospd/IOSPD_V01,iospd,IOSPD_V01,total,Aplicativo móvel para portal de serviços (IOSPD V.1),indice_0_10,uf,33.3,2025
ES,2,Qualidade dos Serviços Digitais,iospd/IOSPD_V03,iospd,IOSPD_V03,total,Pagamento por PIX/cartão digital (IOSPD V.3),indice_0_10,uf,0.0,2025
ES,2,Qualidade dos Serviços Digitais,iospd/IOSPD_V04,iospd,IOSPD_V04,total,Ambiente autenticado e personalizado de serviços (IOSPD V.4),indice_0_10,uf,100.0,2025
ES,2,Qualidade dos Serviços Digitais,iospd/IOSPD_V05,iospd,IOSPD_V05,total,Licenciamento de veículo com pagamento eletrônico (IOSPD V.5),indice_0_10,uf,100.0,2025
ES,2,Qualidade dos Serviços Digitais,iospd/IOSPD_V06,iospd,IOSPD_V06,total,Certidão Negativa Estadual online (IOSPD V.6),indice_0_10,uf,100.0,2025
ES,2,Qualidade dos Serviços Digitais,iospd/IOSPD_V08,iospd,IOSPD_V08,total,Transferência digital de veículos (IOSPD V.8),indice_0_10,uf,0.0,2025
ES,2,Qualidade dos Serviços Digitais,iospd/IOSPD_V09,iospd,IOSPD_V09,total,Acessibilidade da plataforma digital (IOSPD V.9),indice_0_10,uf,0.0,2025
ES,2,Qualidade dos Serviços Digitais,estadic/ESTADIC_ACESSIBILIDADE,estadic,ESTADIC_ACESSIBILIDADE,total,Acessibilidade da página e serviços eletrônicos,prop_0_100,governo_estadual,22.22,2024
ES,2,Qualidade dos Serviços Digitais,estadic/ESTADIC_ATEND_DISTANCIA,estadic,ESTADIC_ATEND_DISTANCIA,total,Formas de atendimento a distância ao cidadão,prop_0_100,governo_estadual,25.0,2024
ES,2,Qualidade dos Serviços Digitais,estadic/ESTADIC_ATIV_REDES,estadic,ESTADIC_ATIV_REDES,total,Atividades do governo nas redes sociais nos últimos 12 meses,prop_0_100,governo_estadual,66.67,2024
ES,2,Qualidade dos Serviços Digitais,estadic/ESTADIC_BILHETE_UNICO,estadic,ESTADIC_BILHETE_UNICO,total,Bilhete único para uso de transporte público,prop_0_100,governo_estadual,100.0,2024
ES,2,Qualidade dos Serviços Digitais,estadic/ESTADIC_FREQ_REDES,estadic,ESTADIC_FREQ_REDES,total,Frequência de atualização do conteúdo nas redes sociais,prop_0_100,governo_estadual,100.0,2024
ES,2,Qualidade dos Serviços Digitais,estadic/ESTADIC_MODELO_ACESS,estadic,ESTADIC_MODELO_ACESS,total,Modelo de acessibilidade adotado,prop_0_100,governo_estadual,50.0,2024
ES,2,Qualidade dos Serviços Digitais,estadic/ESTADIC_REDES_SOCIAIS,estadic,ESTADIC_REDES_SOCIAIS,total,Plataformas de rede social do governo estadual,prop_0_100,governo_estadual,33.33,2024
ES,2,Qualidade dos Serviços Digitais,estadic/ESTADIC_SERV_CELULAR,estadic,ESTADIC_SERV_CELULAR,total,Serviços disponibilizados por celular/smartphone,prop_0_100,governo_estadual,42.86,2024
ES,2,Qualidade dos Serviços Digitais,estadic/ESTADIC_SERV_INFORMATIVOS,estadic,ESTADIC_SERV_INFORMATIVOS,total,Serviços informativos disponibilizados na página da internet,prop_0_100,governo_estadual,87.5,2024
ES,2,Qualidade dos Serviços Digitais,estadic/ESTADIC_SERV_TRANSACIONAIS,estadic,ESTADIC_SERV_TRANSACIONAIS,total,Serviços transacionais disponibilizados na página da internet,prop_0_100,governo_estadual,69.23,2024
ES,3,Identificação Única,iospd/IOSPD_I09,iospd,IOSPD_I09,total,Assinatura eletrônica Gov.br (IOSPD I.9),indice_0_10,uf,0.0,2025
ES,3,Identificação Única,iospd/IOSPD_V07,iospd,IOSPD_V07,total,Emissão da CIN — Carteira de Identidade Nacional (IOSPD V.7),indice_0_10,uf,100.0,2025
ES,4,Segurança e LGPD,iospd/IOSPD_III07,iospd,IOSPD_III07,total,Consentimento LGPD no portal (IOSPD III.7),indice_0_10,uf,0.0,2025
ES,4,Segurança e LGPD,estadic/ESTADIC_LGPD_CANAL_TITULAR,estadic,ESTADIC_LGPD_CANAL_TITULAR,total,Canal internet para titulares de dados (LGPD),prop_0_100,governo_estadual,100.0,2024
ES,4,Segurança e LGPD,estadic/ESTADIC_LGPD_CAPACIT,estadic,ESTADIC_LGPD_CAPACIT,total,Cursos segurança da informação e proteção de dados para servidores,prop_0_100,governo_estadual,100.0,2024
ES,4,Segurança e LGPD,estadic/ESTADIC_LGPD_REGULAMENT,estadic,ESTADIC_LGPD_REGULAMENT,total,Regulamentação estadual específica sobre LGPD,prop_0_100,governo_estadual,100.0,2024
ES,4,Segurança e LGPD,estadic/ESTADIC_LGPD_RESP,estadic,ESTADIC_LGPD_RESP,total,Responsável LGPD designado,prop_0_100,governo_estadual,100.0,2024
ES,5,Dados e Interoperabilidade,iospd/IOSPD_I05,iospd,IOSPD_I05,total,Governança de dados (IOSPD I.5),indice_0_10,uf,0.0,2025
ES,5,Dados e Interoperabilidade,estadic/ESTADIC_FORMATO_DADOS,estadic,ESTADIC_FORMATO_DADOS,total,Formato de publicação dos dados da administração estadual,prop_0_100,governo_estadual,39.29,2024
ES,6,Infraestrutura,estadic/ESTADIC_INCLUSAO_PROGRAMA,estadic,ESTADIC_INCLUSAO_PROGRAMA,total,Desenvolve programa ou ação de inclusão digital,prop_0_100,governo_estadual,100.0,2024
ES,6,Infraestrutura,estadic/ESTADIC_WIFI_EXISTE,estadic,ESTADIC_WIFI_EXISTE,total,Disponibiliza acesso por conexão Wi-Fi pública,prop_0_100,governo_estadual,0.0,2024
ES,7,Inovação e Tecnologias Emergentes,iospd/IOSPD_III06,iospd,IOSPD_III06,total,Laboratório de Inovação em Governo (IOSPD III.6),indice_0_10,uf,100.0,2025
ES,7,Inovação e Tecnologias Emergentes,iospd/IOSPD_V02,iospd,IOSPD_V02,total,Uso de IA/ciência de dados em serviço público (IOSPD V.2),indice_0_10,uf,100.0,2025
ES,7,Inovação e Tecnologias Emergentes,estadic/ESTADIC_CAPACIT_EMPREEND,estadic,ESTADIC_CAPACIT_EMPREEND,total,Capacitação para empreendedorismo digital,prop_0_100,governo_estadual,100.0,2024
ES,7,Inovação e Tecnologias Emergentes,estadic/ESTADIC_ESPACO_INOVACAO,estadic,ESTADIC_ESPACO_INOVACAO,total,"Espaços de inovação, coworking ou espaços compartilhados",prop_0_100,governo_estadual,100.0,2024
ES,7,Inovação e Tecnologias Emergentes,estadic/ESTADIC_PREMIO_INOVACAO,estadic,ESTADIC_PREMIO_INOVACAO,total,Prêmio ou edital para empresas inovadoras e projetos criativos,prop_0_100,governo_estadual,100.0,2024
ES,8,Eficiência e Processos,iospd/IOSPD_III02,iospd,IOSPD_III02,total,Grupos de desburocratização regulamentados (IOSPD III.2),indice_0_10,uf,100.0,2025
ES,9,Transparência e Participação,iospd/IOSPD_I11,iospd,IOSPD_I11,total,Cartas de Serviços na Base Nacional (IOSPD I.11),indice_0_10,uf,0.0,2025
ES,9,Transparência e Participação,estadic/ESTADIC_CONSELHO_TRANSP,estadic,ESTADIC_CONSELHO_TRANSP,total,Conselho Estadual de Transparência ou similar,prop_0_100,governo_estadual,100.0,2024
ES,9,Transparência e Participação,estadic/ESTADIC_CTRL_INT_ONLINE,estadic,ESTADIC_CTRL_INT_ONLINE,total,Informações do controle interno publicadas na internet,prop_0_100,governo_estadual,50.0,2024
ES,9,Transparência e Participação,estadic/ESTADIC_LAI_CONTEUDO,estadic,ESTADIC_LAI_CONTEUDO,total,Conteúdo da legislação estadual de acesso à informação (LAI),prop_0_100,governo_estadual,100.0,2024
ES,9,Transparência e Participação,estadic/ESTADIC_LAI_MEIOS,estadic,ESTADIC_LAI_MEIOS,total,Meios de solicitação de acesso à informação pública,prop_0_100,governo_estadual,66.67,2024
ES,9,Transparência e Participação,estadic/ESTADIC_ORCAM_TEMPO_REAL,estadic,ESTADIC_ORCAM_TEMPO_REAL,total,Disponibiliza informações orçamentárias/financeiras em tempo real,prop_0_100,governo_estadual,100.0,2024
ES,9,Transparência e Participação,estadic/ESTADIC_PARTICIP_INTERNET,estadic,ESTADIC_PARTICIP_INTERNET,total,Formas de participação do cidadão pela internet,prop_0_100,governo_estadual,40.0,2024
ES,9,Transparência e Participação,estadic/ESTADIC_PORTAL_TRANSP,estadic,ESTADIC_PORTAL_TRANSP,total,Portal da transparência e portal de dados abertos,prop_0_100,governo_estadual,33.33,2024
ES,9,Transparência e Participação,estadic/ESTADIC_TRANSP_CONTEUDO,estadic,ESTADIC_TRANSP_CONTEUDO,total,Conteúdo da página internet / portal da transparência,prop_0_100,governo_estadual,81.82,2024
RJ,1,Governança do Governo Digital,iospd/IOSPD_I10,iospd,IOSPD_I10,total,Estratégia de governo digital (IOSPD I.10),indice_0_10,uf,100.0,2025
RJ,2,Qualidade dos Serviços Digitais,iospd/IOSPD_I01,iospd,IOSPD_I01,total,Portal único ou de serviços (IOSPD I.1),indice_0_10,uf,100.0,2025
RJ,2,Qualidade dos Serviços Digitais,iospd/IOSPD_I03,iospd,IOSPD_I03,total,Agendamento digital unificado (IOSPD I.3),indice_0_10,uf,100.0,2025
RJ,2,Qualidade dos Serviços Digitais,iospd/IOSPD_I04,iospd,IOSPD_I04,total,Avaliação de satisfação dos usuários (IOSPD I.4),indice_0_10,uf,100.0,2025
RJ,2,Qualidade dos Serviços Digitais,iospd/IOSPD_I06,iospd,IOSPD_I06,total,Gestão de cadastro e perfil do cidadão (IOSPD I.6),indice_0_10,uf,100.0,2025
RJ,2,Qualidade dos Serviços Digitais,iospd/IOSPD_I07,iospd,IOSPD_I07,total,Ouvidoria integrada ao portal (IOSPD I.7),indice_0_10,uf,100.0,2025
RJ,2,Qualidade dos Serviços Digitais,iospd/IOSPD_I08,iospd,IOSPD_I08,total,Simplificação de serviços online (IOSPD I.8),indice_0_10,uf,100.0,2025
RJ,2,Qualidade dos Serviços Digitais,iospd/IOSPD_I12,iospd,IOSPD_I12,total,Ferramenta digital integrada de atendimento (IOSPD I.12),indice_0_10,uf,100.0,2025
RJ,2,Qualidade dos Serviços Digitais,iospd/IOSPD_II01,iospd,IOSPD_II01,total,Rematrícula online escolas estaduais (IOSPD II.1),indice_0_10,uf,100.0,2025
RJ,2,Qualidade dos Serviços Digitais,iospd/IOSPD_II02,iospd,IOSPD_II02,total,Solicitação de medicamento de alto custo digital (IOSPD II.2),indice_0_10,uf,100.0,2025
RJ,2,Qualidade dos Serviços Digitais,iospd/IOSPD_II03,iospd,IOSPD_II03,total,Tele-atendimento saúde por videoconferência (IOSPD II.3),indice_0_10,uf,100.0,2025
RJ,2,Qualidade dos Serviços Digitais,iospd/IOSPD_II04,iospd,IOSPD_II04,total,Prova de vida online (IOSPD II.4),indice_0_10,uf,100.0,2025
RJ,2,Qualidade dos Serviços Digitais,iospd/IOSPD_II05,iospd,IOSPD_II05,total,Recurso/defesa online infrações de trânsito (IOSPD II.5),indice_0_10,uf,100.0,2025
RJ,2,Qualidade dos Serviços Digitais,iospd/IOSPD_II06,iospd,IOSPD_II06,total,Registro digital reclamação CDC (IOSPD II.6),indice_0_10,uf,100.0,2025
RJ,2,Qualidade dos Serviços Digitais,iospd/IOSPD_II07,iospd,IOSPD_II07,total,Solicitação online 2ª via RG (IOSPD II.7),indice_0_10,uf,100.0,2025
RJ,2,Qualidade dos Serviços Digitais,iospd/IOSPD_II08,iospd,IOSPD_II08,total,Boletim de ocorrência online violência doméstica (IOSPD II.8),indice_0_10,uf,100.0,2025
RJ,2,Qualidade dos Serviços Digitais,iospd/IOSPD_II09,iospd,IOSPD_II09,total,Consulta online medicamentos disponíveis (IOSPD II.9),indice_0_10,uf,100.0,2025
RJ,2,Qualidade dos Serviços Digitais,iospd/IOSPD_II10,iospd,IOSPD_II10,total,Emissão/envio de receita médica online (IOSPD II.10),indice_0_10,uf,100.0,2025
RJ,2,Qualidade dos Serviços Digitais,iospd/IOSPD_II11,iospd,IOSPD_II11,total,Emissão online diplomas ensino médio (IOSPD II.11),indice_0_10,uf,100.0,2025
RJ,2,Qualidade dos Serviços Digitais,iospd/IOSPD_II12,iospd,IOSPD_II12,total,Transferência online entre escolas estaduais (IOSPD II.12),indice_0_10,uf,0.0,2025
RJ,2,Qualidade dos Serviços Digitais,iospd/IOSPD_III01a,iospd,IOSPD_III01a,total,Carta de Serviços normatizada (IOSPD III.1a),indice_0_10,uf,100.0,2025
RJ,2,Qualidade dos Serviços Digitais,iospd/IOSPD_III01b,iospd,IOSPD_III01b,total,Ouvidorias Públicas normatizadas (IOSPD III.1b),indice_0_10,uf,100.0,2025
RJ,2,Qualidade dos Serviços Digitais,iospd/IOSPD_III01c,iospd,IOSPD_III01c,total,Conselho de Usuários normatizado (IOSPD III.1c),indice_0_10,uf,100.0,2025
RJ,2,Qualidade dos Serviços Digitais,iospd/IOSPD_III01d,iospd,IOSPD_III01d,total,Avaliação de Serviços Públicos normatizada (IOSPD III.1d),indice_0_10,uf,100.0,2025
RJ,2,Qualidade dos Serviços Digitais,iospd/IOSPD_IV01,iospd,IOSPD_IV01,total,Tempos verbais 2ª/3ª pessoa (IOSPD IV.1),indice_0_10,uf,100.0,2025
RJ,2,Qualidade dos Serviços Digitais,iospd/IOSPD_IV02,iospd,IOSPD_IV02,total,Frases curtas com ação única (IOSPD IV.2),indice_0_10,uf,100.0,2025
RJ,2,Qualidade dos Serviços Digitais,iospd/IOSPD_IV03,iospd,IOSPD_IV03,total,Título objetivo e curto (IOSPD IV.3),indice_0_10,uf,100.0,2025
RJ,2,Qualidade dos Serviços Digitais,iospd/IOSPD_IV04,iospd,IOSPD_IV04,total,Parágrafos curtos (IOSPD IV.4),indice_0_10,uf,100.0,2025
RJ,2,Qualidade dos Serviços Digitais,iospd/IOSPD_IV05,iospd,IOSPD_IV05,total,Uso do tempo presente (IOSPD IV.5),indice_0_10,uf,100.0,2025
RJ,2,Qualidade dos Serviços Digitais,iospd/IOSPD_IV06,iospd,IOSPD_IV06,total,Uso de caracteres especiais (IOSPD IV.6),indice_0_10,uf,100.0,2025
RJ,2,Qualidade dos Serviços Digitais,iospd/IOSPD_IV07,iospd,IOSPD_IV07,total,Vocabulário de fácil entendimento (IOSPD IV.7),indice_0_10,uf,100.0,2025
RJ,2,Qualidade dos Serviços Digitais,iospd/IOSPD_IV08,iospd,IOSPD_IV08,total,Aplicação da técnica de Linguagem Simples (IOSPD IV.8),indice_0_10,uf,100.0,2025
RJ,2,Qualidade dos Serviços Digitais,iospd/IOSPD_IV09,iospd,IOSPD_IV09,total,Mecanismo de melhoria na apresentação (IOSPD IV.9),indice_0_10,uf,100.0,2025
RJ,2,Qualidade dos Serviços Digitais,iospd/IOSPD_V01,iospd,IOSPD_V01,total,Aplicativo móvel para portal de serviços (IOSPD V.1),indice_0_10,uf,100.0,2025
RJ,2,Qualidade dos Serviços Digitais,iospd/IOSPD_V03,iospd,IOSPD_V03,total,Pagamento por PIX/cartão digital (IOSPD V.3),indice_0_10,uf,100.0,2025
RJ,2,Qualidade dos Serviços Digitais,iospd/IOSPD_V04,iospd,IOSPD_V04,total,Ambiente autenticado e personalizado de serviços (IOSPD V.4),indice_0_10,uf,100.0,2025
RJ,2,Qualidade dos Serviços Digitais,iospd/IOSPD_V05,iospd,IOSPD_V05,total,Licenciamento de veículo com pagamento eletrônico (IOSPD V.5),indice_0_10,uf,100.0,2025
RJ,2,Qualidade dos Serviços Digitais,iospd/IOSPD_V06,iospd,IOSPD_V06,total,Certidão Negativa Estadual online (IOSPD V.6),indice_0_10,uf,100.0,2025
RJ,2,Qualidade dos Serviços Digitais,iospd/IOSPD_V08,iospd,IOSPD_V08,total,Transferência digital de veículos (IOSPD V.8),indice_0_10,uf,100.0,2025
RJ,2,Qualidade dos Serviços Digitais,iospd/IOSPD_V09,iospd,IOSPD_V09,total,Acessibilidade da plataforma digital (IOSPD V.9),indice_0_10,uf,100.0,2025
RJ,2,Qualidade dos Serviços Digitais,estadic/ESTADIC_ACESSIBILIDADE,estadic,ESTADIC_ACESSIBILIDADE,total,Acessibilidade da página e serviços eletrônicos,prop_0_100,governo_estadual,55.56,2024
RJ,2,Qualidade dos Serviços Digitais,estadic/ESTADIC_ATEND_DISTANCIA,estadic,ESTADIC_ATEND_DISTANCIA,total,Formas de atendimento a distância ao cidadão,prop_0_100,governo_estadual,25.0,2024
RJ,2,Qualidade dos Serviços Digitais,estadic/ESTADIC_ATIV_REDES,estadic,ESTADIC_ATIV_REDES,total,Atividades do governo nas redes sociais nos últimos 12 meses,prop_0_100,governo_estadual,66.67,2024
RJ,2,Qualidade dos Serviços Digitais,estadic/ESTADIC_BILHETE_UNICO,estadic,ESTADIC_BILHETE_UNICO,total,Bilhete único para uso de transporte público,prop_0_100,governo_estadual,100.0,2024
RJ,2,Qualidade dos Serviços Digitais,estadic/ESTADIC_FREQ_REDES,estadic,ESTADIC_FREQ_REDES,total,Frequência de atualização do conteúdo nas redes sociais,prop_0_100,governo_estadual,100.0,2024
RJ,2,Qualidade dos Serviços Digitais,estadic/ESTADIC_MODELO_ACESS,estadic,ESTADIC_MODELO_ACESS,total,Modelo de acessibilidade adotado,prop_0_100,governo_estadual,50.0,2024
RJ,2,Qualidade dos Serviços Digitais,estadic/ESTADIC_REDES_SOCIAIS,estadic,ESTADIC_REDES_SOCIAIS,total,Plataformas de rede social do governo estadual,prop_0_100,governo_estadual,44.44,2024
RJ,2,Qualidade dos Serviços Digitais,estadic/ESTADIC_SERV_CELULAR,estadic,ESTADIC_SERV_CELULAR,total,Serviços disponibilizados por celular/smartphone,prop_0_100,governo_estadual,28.57,2024
RJ,2,Qualidade dos Serviços Digitais,estadic/ESTADIC_SERV_INFORMATIVOS,estadic,ESTADIC_SERV_INFORMATIVOS,total,Serviços informativos disponibilizados na página da internet,prop_0_100,governo_estadual,87.5,2024
RJ,2,Qualidade dos Serviços Digitais,estadic/ESTADIC_SERV_TRANSACIONAIS,estadic,ESTADIC_SERV_TRANSACIONAIS,total,Serviços transacionais disponibilizados na página da internet,prop_0_100,governo_estadual,92.31,2024
RJ,3,Identificação Única,iospd/IOSPD_I09,iospd,IOSPD_I09,total,Assinatura eletrônica Gov.br (IOSPD I.9),indice_0_10,uf,100.0,2025
RJ,3,Identificação Única,iospd/IOSPD_V07,iospd,IOSPD_V07,total,Emissão da CIN — Carteira de Identidade Nacional (IOSPD V.7),indice_0_10,uf,100.0,2025
RJ,4,Segurança e LGPD,iospd/IOSPD_III07,iospd,IOSPD_III07,total,Consentimento LGPD no portal (IOSPD III.7),indice_0_10,uf,100.0,2025
RJ,4,Segurança e LGPD,estadic/ESTADIC_LGPD_CANAL_TITULAR,estadic,ESTADIC_LGPD_CANAL_TITULAR,total,Canal internet para titulares de dados (LGPD),prop_0_100,governo_estadual,100.0,2024
RJ,4,Segurança e LGPD,estadic/ESTADIC_LGPD_CAPACIT,estadic,ESTADIC_LGPD_CAPACIT,total,Cursos segurança da informação e proteção de dados para servidores,prop_0_100,governo_estadual,100.0,2024
RJ,4,Segurança e LGPD,estadic/ESTADIC_LGPD_REGULAMENT,estadic,ESTADIC_LGPD_REGULAMENT,total,Regulamentação estadual específica sobre LGPD,prop_0_100,governo_estadual,100.0,2024
RJ,4,Segurança e LGPD,estadic/ESTADIC_LGPD_RESP,estadic,ESTADIC_LGPD_RESP,total,Responsável LGPD designado,prop_0_100,governo_estadual,100.0,2024
RJ,5,Dados e Interoperabilidade,iospd/IOSPD_I05,iospd,IOSPD_I05,total,Governança de dados (IOSPD I.5),indice_0_10,uf,100.0,2025
RJ,5,Dados e Interoperabilidade,estadic/ESTADIC_FORMATO_DADOS,estadic,ESTADIC_FORMATO_DADOS,total,Formato de publicação dos dados da administração estadual,prop_0_100,governo_estadual,35.71,2024
RJ,6,Infraestrutura,estadic/ESTADIC_INCLUSAO_PROGRAMA,estadic,ESTADIC_INCLUSAO_PROGRAMA,total,Desenvolve programa ou ação de inclusão digital,prop_0_100,governo_estadual,100.0,2024
RJ,6,Infraestrutura,estadic/ESTADIC_WIFI_EXISTE,estadic,ESTADIC_WIFI_EXISTE,total,Disponibiliza acesso por conexão Wi-Fi pública,prop_0_100,governo_estadual,100.0,2024
RJ,7,Inovação e Tecnologias Emergentes,iospd/IOSPD_III06,iospd,IOSPD_III06,total,Laboratório de Inovação em Governo (IOSPD III.6),indice_0_10,uf,100.0,2025
RJ,7,Inovação e Tecnologias Emergentes,iospd/IOSPD_V02,iospd,IOSPD_V02,total,Uso de IA/ciência de dados em serviço público (IOSPD V.2),indice_0_10,uf,100.0,2025
RJ,7,Inovação e Tecnologias Emergentes,estadic/ESTADIC_CAPACIT_EMPREEND,estadic,ESTADIC_CAPACIT_EMPREEND,total,Capacitação para empreendedorismo digital,prop_0_100,governo_estadual,100.0,2024
RJ,7,Inovação e Tecnologias Emergentes,estadic/ESTADIC_ESPACO_INOVACAO,estadic,ESTADIC_ESPACO_INOVACAO,total,"Espaços de inovação, coworking ou espaços compartilhados",prop_0_100,governo_estadual,100.0,2024
RJ,7,Inovação e Tecnologias Emergentes,estadic/ESTADIC_PREMIO_INOVACAO,estadic,ESTADIC_PREMIO_INOVACAO,total,Prêmio ou edital para empresas inovadoras e projetos criativos,prop_0_100,governo_estadual,100.0,2024
RJ,8,Eficiência e Processos,iospd/IOSPD_III02,iospd,IOSPD_III02,total,Grupos de desburocratização regulamentados (IOSPD III.2),indice_0_10,uf,100.0,2025
RJ,9,Transparência e Participação,iospd/IOSPD_I11,iospd,IOSPD_I11,total,Cartas de Serviços na Base Nacional (IOSPD I.11),indice_0_10,uf,100.0,2025
RJ,9,Transparência e Participação,estadic/ESTADIC_CONSELHO_TRANSP,estadic,ESTADIC_CONSELHO_TRANSP,total,Conselho Estadual de Transparência ou similar,prop_0_100,governo_estadual,0.0,2024
RJ,9,Transparência e Participação,estadic/ESTADIC_CTRL_INT_ONLINE,estadic,ESTADIC_CTRL_INT_ONLINE,total,Informações do controle interno publicadas na internet,prop_0_100,governo_estadual,75.0,2024
RJ,9,Transparência e Participação,estadic/ESTADIC_LAI_CONTEUDO,estadic,ESTADIC_LAI_CONTEUDO,total,Conteúdo da legislação estadual de acesso à informação (LAI),prop_0_100,governo_estadual,87.5,2024
RJ,9,Transparência e Participação,estadic/ESTADIC_LAI_MEIOS,estadic,ESTADIC_LAI_MEIOS,total,Meios de solicitação de acesso à informação pública,prop_0_100,governo_estadual,66.67,2024
RJ,9,Transparência e Participação,estadic/ESTADIC_ORCAM_TEMPO_REAL,estadic,ESTADIC_ORCAM_TEMPO_REAL,total,Disponibiliza informações orçamentárias/financeiras em tempo real,prop_0_100,governo_estadual,100.0,2024
RJ,9,Transparência e Participação,estadic/ESTADIC_PARTICIP_INTERNET,estadic,ESTADIC_PARTICIP_INTERNET,total,Formas de participação do cidadão pela internet,prop_0_100,governo_estadual,20.0,2024
RJ,9,Transparência e Participação,estadic/ESTADIC_PORTAL_TRANSP,estadic,ESTADIC_PORTAL_TRANSP,total,Portal da transparência e portal de dados abertos,prop_0_100,governo_estadual,66.67,2024
RJ,9,Transparência e Participação,estadic/ESTADIC_TRANSP_CONTEUDO,estadic,ESTADIC_TRANSP_CONTEUDO,total,Conteúdo da página internet / portal da transparência,prop_0_100,governo_estadual,81.82,2024
SP,1,Governança do Governo Digital,iospd/IOSPD_I10,iospd,IOSPD_I10,total,Estratégia de governo digital (IOSPD I.10),indice_0_10,uf,100.0,2025
SP,2,Qualidade dos Serviços Digitais,iospd/IOSPD_I01,iospd,IOSPD_I01,total,Portal único ou de serviços (IOSPD I.1),indice_0_10,uf,100.0,2025
SP,2,Qualidade dos Serviços Digitais,iospd/IOSPD_I03,iospd,IOSPD_I03,total,Agendamento digital unificado (IOSPD I.3),indice_0_10,uf,100.0,2025
SP,2,Qualidade dos Serviços Digitais,iospd/IOSPD_I04,iospd,IOSPD_I04,total,Avaliação de satisfação dos usuários (IOSPD I.4),indice_0_10,uf,100.0,2025
SP,2,Qualidade dos Serviços Digitais,iospd/IOSPD_I06,iospd,IOSPD_I06,total,Gestão de cadastro e perfil do cidadão (IOSPD I.6),indice_0_10,uf,100.0,2025
SP,2,Qualidade dos Serviços Digitais,iospd/IOSPD_I07,iospd,IOSPD_I07,total,Ouvidoria integrada ao portal (IOSPD I.7),indice_0_10,uf,100.0,2025
SP,2,Qualidade dos Serviços Digitais,iospd/IOSPD_I08,iospd,IOSPD_I08,total,Simplificação de serviços online (IOSPD I.8),indice_0_10,uf,0.0,2025
SP,2,Qualidade dos Serviços Digitais,iospd/IOSPD_I12,iospd,IOSPD_I12,total,Ferramenta digital integrada de atendimento (IOSPD I.12),indice_0_10,uf,100.0,2025
SP,2,Qualidade dos Serviços Digitais,iospd/IOSPD_II01,iospd,IOSPD_II01,total,Rematrícula online escolas estaduais (IOSPD II.1),indice_0_10,uf,100.0,2025
SP,2,Qualidade dos Serviços Digitais,iospd/IOSPD_II02,iospd,IOSPD_II02,total,Solicitação de medicamento de alto custo digital (IOSPD II.2),indice_0_10,uf,100.0,2025
SP,2,Qualidade dos Serviços Digitais,iospd/IOSPD_II03,iospd,IOSPD_II03,total,Tele-atendimento saúde por videoconferência (IOSPD II.3),indice_0_10,uf,100.0,2025
SP,2,Qualidade dos Serviços Digitais,iospd/IOSPD_II04,iospd,IOSPD_II04,total,Prova de vida online (IOSPD II.4),indice_0_10,uf,100.0,2025
SP,2,Qualidade dos Serviços Digitais,iospd/IOSPD_II05,iospd,IOSPD_II05,total,Recurso/defesa online infrações de trânsito (IOSPD II.5),indice_0_10,uf,0.0,2025
SP,2,Qualidade dos Serviços Digitais,iospd/IOSPD_II06,iospd,IOSPD_II06,total,Registro digital reclamação CDC (IOSPD II.6),indice_0_10,uf,100.0,2025
SP,2,Qualidade dos Serviços Digitais,iospd/IOSPD_II07,iospd,IOSPD_II07,total,Solicitação online 2ª via RG (IOSPD II.7),indice_0_10,uf,100.0,2025
SP,2,Qualidade dos Serviços Digitais,iospd/IOSPD_II08,iospd,IOSPD_II08,total,Boletim de ocorrência online violência doméstica (IOSPD II.8),indice_0_10,uf,100.0,2025
SP,2,Qualidade dos Serviços Digitais,iospd/IOSPD_II09,iospd,IOSPD_II09,total,Consulta online medicamentos disponíveis (IOSPD II.9),indice_0_10,uf,100.0,2025
SP,2,Qualidade dos Serviços Digitais,iospd/IOSPD_II10,iospd,IOSPD_II10,total,Emissão/envio de receita médica online (IOSPD II.10),indice_0_10,uf,100.0,2025
SP,2,Qualidade dos Serviços Digitais,iospd/IOSPD_II11,iospd,IOSPD_II11,total,Emissão online diplomas ensino médio (IOSPD II.11),indice_0_10,uf,100.0,2025
SP,2,Qualidade dos Serviços Digitais,iospd/IOSPD_II12,iospd,IOSPD_II12,total,Transferência online entre escolas estaduais (IOSPD II.12),indice_0_10,uf,100.0,2025
SP,2,Qualidade dos Serviços Digitais,iospd/IOSPD_III01a,iospd,IOSPD_III01a,total,Carta de Serviços normatizada (IOSPD III.1a),indice_0_10,uf,100.0,2025
SP,2,Qualidade dos Serviços Digitais,iospd/IOSPD_III01b,iospd,IOSPD_III01b,total,Ouvidorias Públicas normatizadas (IOSPD III.1b),indice_0_10,uf,100.0,2025
SP,2,Qualidade dos Serviços Digitais,iospd/IOSPD_III01c,iospd,IOSPD_III01c,total,Conselho de Usuários normatizado (IOSPD III.1c),indice_0_10,uf,100.0,2025
SP,2,Qualidade dos Serviços Digitais,iospd/IOSPD_III01d,iospd,IOSPD_III01d,total,Avaliação de Serviços Públicos normatizada (IOSPD III.1d),indice_0_10,uf,100.0,2025
SP,2,Qualidade dos Serviços Digitais,iospd/IOSPD_IV01,iospd,IOSPD_IV01,total,Tempos verbais 2ª/3ª pessoa (IOSPD IV.1),indice_0_10,uf,100.0,2025
SP,2,Qualidade dos Serviços Digitais,iospd/IOSPD_IV02,iospd,IOSPD_IV02,total,Frases curtas com ação única (IOSPD IV.2),indice_0_10,uf,100.0,2025
SP,2,Qualidade dos Serviços Digitais,iospd/IOSPD_IV03,iospd,IOSPD_IV03,total,Título objetivo e curto (IOSPD IV.3),indice_0_10,uf,100.0,2025
SP,2,Qualidade dos Serviços Digitais,iospd/IOSPD_IV04,iospd,IOSPD_IV04,total,Parágrafos curtos (IOSPD IV.4),indice_0_10,uf,100.0,2025
SP,2,Qualidade dos Serviços Digitais,iospd/IOSPD_IV05,iospd,IOSPD_IV05,total,Uso do tempo presente (IOSPD IV.5),indice_0_10,uf,100.0,2025
SP,2,Qualidade dos Serviços Digitais,iospd/IOSPD_IV06,iospd,IOSPD_IV06,total,Uso de caracteres especiais (IOSPD IV.6),indice_0_10,uf,100.0,2025
SP,2,Qualidade dos Serviços Digitais,iospd/IOSPD_IV07,iospd,IOSPD_IV07,total,Vocabulário de fácil entendimento (IOSPD IV.7),indice_0_10,uf,80.0,2025
SP,2,Qualidade dos Serviços Digitais,iospd/IOSPD_IV08,iospd,IOSPD_IV08,total,Aplicação da técnica de Linguagem Simples (IOSPD IV.8),indice_0_10,uf,100.0,2025
SP,2,Qualidade dos Serviços Digitais,iospd/IOSPD_IV09,iospd,IOSPD_IV09,total,Mecanismo de melhoria na apresentação (IOSPD IV.9),indice_0_10,uf,100.0,2025
SP,2,Qualidade dos Serviços Digitais,iospd/IOSPD_V01,iospd,IOSPD_V01,total,Aplicativo móvel para portal de serviços (IOSPD V.1),indice_0_10,uf,100.0,2025
SP,2,Qualidade dos Serviços Digitais,iospd/IOSPD_V03,iospd,IOSPD_V03,total,Pagamento por PIX/cartão digital (IOSPD V.3),indice_0_10,uf,66.7,2025
SP,2,Qualidade dos Serviços Digitais,iospd/IOSPD_V04,iospd,IOSPD_V04,total,Ambiente autenticado e personalizado de serviços (IOSPD V.4),indice_0_10,uf,100.0,2025
SP,2,Qualidade dos Serviços Digitais,iospd/IOSPD_V05,iospd,IOSPD_V05,total,Licenciamento de veículo com pagamento eletrônico (IOSPD V.5),indice_0_10,uf,100.0,2025
SP,2,Qualidade dos Serviços Digitais,iospd/IOSPD_V06,iospd,IOSPD_V06,total,Certidão Negativa Estadual online (IOSPD V.6),indice_0_10,uf,100.0,2025
SP,2,Qualidade dos Serviços Digitais,iospd/IOSPD_V08,iospd,IOSPD_V08,total,Transferência digital de veículos (IOSPD V.8),indice_0_10,uf,100.0,2025
SP,2,Qualidade dos Serviços Digitais,iospd/IOSPD_V09,iospd,IOSPD_V09,total,Acessibilidade da plataforma digital (IOSPD V.9),indice_0_10,uf,100.0,2025
SP,2,Qualidade dos Serviços Digitais,estadic/ESTADIC_ACESSIBILIDADE,estadic,ESTADIC_ACESSIBILIDADE,total,Acessibilidade da página e serviços eletrônicos,prop_0_100,governo_estadual,55.56,2024
SP,2,Qualidade dos Serviços Digitais,estadic/ESTADIC_ATEND_DISTANCIA,estadic,ESTADIC_ATEND_DISTANCIA,total,Formas de atendimento a distância ao cidadão,prop_0_100,governo_estadual,50.0,2024
SP,2,Qualidade dos Serviços Digitais,estadic/ESTADIC_ATIV_REDES,estadic,ESTADIC_ATIV_REDES,total,Atividades do governo nas redes sociais nos últimos 12 meses,prop_0_100,governo_estadual,66.67,2024
SP,2,Qualidade dos Serviços Digitais,estadic/ESTADIC_BILHETE_UNICO,estadic,ESTADIC_BILHETE_UNICO,total,Bilhete único para uso de transporte público,prop_0_100,governo_estadual,100.0,2024
SP,2,Qualidade dos Serviços Digitais,estadic/ESTADIC_FREQ_REDES,estadic,ESTADIC_FREQ_REDES,total,Frequência de atualização do conteúdo nas redes sociais,prop_0_100,governo_estadual,100.0,2024
SP,2,Qualidade dos Serviços Digitais,estadic/ESTADIC_MODELO_ACESS,estadic,ESTADIC_MODELO_ACESS,total,Modelo de acessibilidade adotado,prop_0_100,governo_estadual,75.0,2024
SP,2,Qualidade dos Serviços Digitais,estadic/ESTADIC_REDES_SOCIAIS,estadic,ESTADIC_REDES_SOCIAIS,total,Plataformas de rede social do governo estadual,prop_0_100,governo_estadual,66.67,2024
SP,2,Qualidade dos Serviços Digitais,estadic/ESTADIC_SERV_CELULAR,estadic,ESTADIC_SERV_CELULAR,total,Serviços disponibilizados por celular/smartphone,prop_0_100,governo_estadual,57.14,2024
SP,2,Qualidade dos Serviços Digitais,estadic/ESTADIC_SERV_INFORMATIVOS,estadic,ESTADIC_SERV_INFORMATIVOS,total,Serviços informativos disponibilizados na página da internet,prop_0_100,governo_estadual,87.5,2024
SP,2,Qualidade dos Serviços Digitais,estadic/ESTADIC_SERV_TRANSACIONAIS,estadic,ESTADIC_SERV_TRANSACIONAIS,total,Serviços transacionais disponibilizados na página da internet,prop_0_100,governo_estadual,92.31,2024
SP,3,Identificação Única,iospd/IOSPD_I09,iospd,IOSPD_I09,total,Assinatura eletrônica Gov.br (IOSPD I.9),indice_0_10,uf,100.0,2025
SP,3,Identificação Única,iospd/IOSPD_V07,iospd,IOSPD_V07,total,Emissão da CIN — Carteira de Identidade Nacional (IOSPD V.7),indice_0_10,uf,100.0,2025
SP,4,Segurança e LGPD,iospd/IOSPD_III07,iospd,IOSPD_III07,total,Consentimento LGPD no portal (IOSPD III.7),indice_0_10,uf,100.0,2025
SP,4,Segurança e LGPD,estadic/ESTADIC_LGPD_CANAL_TITULAR,estadic,ESTADIC_LGPD_CANAL_TITULAR,total,Canal internet para titulares de dados (LGPD),prop_0_100,governo_estadual,100.0,2024
SP,4,Segurança e LGPD,estadic/ESTADIC_LGPD_CAPACIT,estadic,ESTADIC_LGPD_CAPACIT,total,Cursos segurança da informação e proteção de dados para servidores,prop_0_100,governo_estadual,100.0,2024
SP,4,Segurança e LGPD,estadic/ESTADIC_LGPD_REGULAMENT,estadic,ESTADIC_LGPD_REGULAMENT,total,Regulamentação estadual específica sobre LGPD,prop_0_100,governo_estadual,100.0,2024
SP,4,Segurança e LGPD,estadic/ESTADIC_LGPD_RESP,estadic,ESTADIC_LGPD_RESP,total,Responsável LGPD designado,prop_0_100,governo_estadual,100.0,2024
SP,5,Dados e Interoperabilidade,iospd/IOSPD_I05,iospd,IOSPD_I05,total,Governança de dados (IOSPD I.5),indice_0_10,uf,100.0,2025
SP,5,Dados e Interoperabilidade,estadic/ESTADIC_FORMATO_DADOS,estadic,ESTADIC_FORMATO_DADOS,total,Formato de publicação dos dados da administração estadual,prop_0_100,governo_estadual,50.0,2024
SP,6,Infraestrutura,estadic/ESTADIC_INCLUSAO_PROGRAMA,estadic,ESTADIC_INCLUSAO_PROGRAMA,total,Desenvolve programa ou ação de inclusão digital,prop_0_100,governo_estadual,100.0,2024
SP,6,Infraestrutura,estadic/ESTADIC_WIFI_EXISTE,estadic,ESTADIC_WIFI_EXISTE,total,Disponibiliza acesso por conexão Wi-Fi pública,prop_0_100,governo_estadual,100.0,2024
SP,7,Inovação e Tecnologias Emergentes,iospd/IOSPD_III06,iospd,IOSPD_III06,total,Laboratório de Inovação em Governo (IOSPD III.6),indice_0_10,uf,0.0,2025
SP,7,Inovação e Tecnologias Emergentes,iospd/IOSPD_V02,iospd,IOSPD_V02,total,Uso de IA/ciência de dados em serviço público (IOSPD V.2),indice_0_10,uf,100.0,2025
SP,7,Inovação e Tecnologias Emergentes,estadic/ESTADIC_CAPACIT_EMPREEND,estadic,ESTADIC_CAPACIT_EMPREEND,total,Capacitação para empreendedorismo digital,prop_0_100,governo_estadual,100.0,2024
SP,7,Inovação e Tecnologias Emergentes,estadic/ESTADIC_ESPACO_INOVACAO,estadic,ESTADIC_ESPACO_INOVACAO,total,"Espaços de inovação, coworking ou espaços compartilhados",prop_0_100,governo_estadual,100.0,2024
SP,7,Inovação e Tecnologias Emergentes,estadic/ESTADIC_PREMIO_INOVACAO,estadic,ESTADIC_PREMIO_INOVACAO,total,Prêmio ou edital para empresas inovadoras e projetos criativos,prop_0_100,governo_estadual,100.0,2024
SP,8,Eficiência e Processos,iospd/IOSPD_III02,iospd,IOSPD_III02,total,Grupos de desburocratização regulamentados (IOSPD III.2),indice_0_10,uf,50.0,2025
SP,9,Transparência e Participação,iospd/IOSPD_I11,iospd,IOSPD_I11,total,Cartas de Serviços na Base Nacional (IOSPD I.11),indice_0_10,uf,0.0,2025
SP,9,Transparência e Participação,estadic/ESTADIC_CONSELHO_TRANSP,estadic,ESTADIC_CONSELHO_TRANSP,total,Conselho Estadual de Transparência ou similar,prop_0_100,governo_estadual,100.0,2024
SP,9,Transparência e Participação,estadic/ESTADIC_CTRL_INT_ONLINE,estadic,ESTADIC_CTRL_INT_ONLINE,total,Informações do controle interno publicadas na internet,prop_0_100,governo_estadual,87.5,2024
SP,9,Transparência e Participação,estadic/ESTADIC_LAI_CONTEUDO,estadic,ESTADIC_LAI_CONTEUDO,total,Conteúdo da legislação estadual de acesso à informação (LAI),prop_0_100,governo_estadual,75.0,2024
SP,9,Transparência e Participação,estadic/ESTADIC_LAI_MEIOS,estadic,ESTADIC_LAI_MEIOS,total,Meios de solicitação de acesso à informação pública,prop_0_100,governo_estadual,66.67,2024
SP,9,Transparência e Participação,estadic/ESTADIC_ORCAM_TEMPO_REAL,estadic,ESTADIC_ORCAM_TEMPO_REAL,total,Disponibiliza informações orçamentárias/financeiras em tempo real,prop_0_100,governo_estadual,100.0,2024
SP,9,Transparência e Participação,estadic/ESTADIC_PARTICIP_INTERNET,estadic,ESTADIC_PARTICIP_INTERNET,total,Formas de participação do cidadão pela internet,prop_0_100,governo_estadual,80.0,2024
SP,9,Transparência e Participação,estadic/ESTADIC_PORTAL_TRANSP,estadic,ESTADIC_PORTAL_TRANSP,total,Portal da transparência e portal de dados abertos,prop_0_100,governo_estadual,66.67,2024
SP,9,Transparência e Participação,estadic/ESTADIC_TRANSP_CONTEUDO,estadic,ESTADIC_TRANSP_CONTEUDO,total,Conteúdo da página internet / portal da transparência,prop_0_100,governo_estadual,81.82,2024
PR,1,Governança do Governo Digital,iospd/IOSPD_I10,iospd,IOSPD_I10,total,Estratégia de governo digital (IOSPD I.10),indice_0_10,uf,0.0,2025
PR,2,Qualidade dos Serviços Digitais,iospd/IOSPD_I01,iospd,IOSPD_I01,total,Portal único ou de serviços (IOSPD I.1),indice_0_10,uf,100.0,2025
PR,2,Qualidade dos Serviços Digitais,iospd/IOSPD_I03,iospd,IOSPD_I03,total,Agendamento digital unificado (IOSPD I.3),indice_0_10,uf,0.0,2025
PR,2,Qualidade dos Serviços Digitais,iospd/IOSPD_I04,iospd,IOSPD_I04,total,Avaliação de satisfação dos usuários (IOSPD I.4),indice_0_10,uf,0.0,2025
PR,2,Qualidade dos Serviços Digitais,iospd/IOSPD_I06,iospd,IOSPD_I06,total,Gestão de cadastro e perfil do cidadão (IOSPD I.6),indice_0_10,uf,100.0,2025
PR,2,Qualidade dos Serviços Digitais,iospd/IOSPD_I07,iospd,IOSPD_I07,total,Ouvidoria integrada ao portal (IOSPD I.7),indice_0_10,uf,100.0,2025
PR,2,Qualidade dos Serviços Digitais,iospd/IOSPD_I08,iospd,IOSPD_I08,total,Simplificação de serviços online (IOSPD I.8),indice_0_10,uf,100.0,2025
PR,2,Qualidade dos Serviços Digitais,iospd/IOSPD_I12,iospd,IOSPD_I12,total,Ferramenta digital integrada de atendimento (IOSPD I.12),indice_0_10,uf,100.0,2025
PR,2,Qualidade dos Serviços Digitais,iospd/IOSPD_II01,iospd,IOSPD_II01,total,Rematrícula online escolas estaduais (IOSPD II.1),indice_0_10,uf,100.0,2025
PR,2,Qualidade dos Serviços Digitais,iospd/IOSPD_II02,iospd,IOSPD_II02,total,Solicitação de medicamento de alto custo digital (IOSPD II.2),indice_0_10,uf,100.0,2025
PR,2,Qualidade dos Serviços Digitais,iospd/IOSPD_II03,iospd,IOSPD_II03,total,Tele-atendimento saúde por videoconferência (IOSPD II.3),indice_0_10,uf,0.0,2025
PR,2,Qualidade dos Serviços Digitais,iospd/IOSPD_II04,iospd,IOSPD_II04,total,Prova de vida online (IOSPD II.4),indice_0_10,uf,100.0,2025
PR,2,Qualidade dos Serviços Digitais,iospd/IOSPD_II05,iospd,IOSPD_II05,total,Recurso/defesa online infrações de trânsito (IOSPD II.5),indice_0_10,uf,100.0,2025
PR,2,Qualidade dos Serviços Digitais,iospd/IOSPD_II06,iospd,IOSPD_II06,total,Registro digital reclamação CDC (IOSPD II.6),indice_0_10,uf,100.0,2025
PR,2,Qualidade dos Serviços Digitais,iospd/IOSPD_II07,iospd,IOSPD_II07,total,Solicitação online 2ª via RG (IOSPD II.7),indice_0_10,uf,100.0,2025
PR,2,Qualidade dos Serviços Digitais,iospd/IOSPD_II08,iospd,IOSPD_II08,total,Boletim de ocorrência online violência doméstica (IOSPD II.8),indice_0_10,uf,100.0,2025
PR,2,Qualidade dos Serviços Digitais,iospd/IOSPD_II09,iospd,IOSPD_II09,total,Consulta online medicamentos disponíveis (IOSPD II.9),indice_0_10,uf,0.0,2025
PR,2,Qualidade dos Serviços Digitais,iospd/IOSPD_II10,iospd,IOSPD_II10,total,Emissão/envio de receita médica online (IOSPD II.10),indice_0_10,uf,0.0,2025
PR,2,Qualidade dos Serviços Digitais,iospd/IOSPD_II11,iospd,IOSPD_II11,total,Emissão online diplomas ensino médio (IOSPD II.11),indice_0_10,uf,100.0,2025
PR,2,Qualidade dos Serviços Digitais,iospd/IOSPD_II12,iospd,IOSPD_II12,total,Transferência online entre escolas estaduais (IOSPD II.12),indice_0_10,uf,100.0,2025
PR,2,Qualidade dos Serviços Digitais,iospd/IOSPD_III01a,iospd,IOSPD_III01a,total,Carta de Serviços normatizada (IOSPD III.1a),indice_0_10,uf,100.0,2025
PR,2,Qualidade dos Serviços Digitais,iospd/IOSPD_III01b,iospd,IOSPD_III01b,total,Ouvidorias Públicas normatizadas (IOSPD III.1b),indice_0_10,uf,100.0,2025
PR,2,Qualidade dos Serviços Digitais,iospd/IOSPD_III01c,iospd,IOSPD_III01c,total,Conselho de Usuários normatizado (IOSPD III.1c),indice_0_10,uf,100.0,2025
PR,2,Qualidade dos Serviços Digitais,iospd/IOSPD_III01d,iospd,IOSPD_III01d,total,Avaliação de Serviços Públicos normatizada (IOSPD III.1d),indice_0_10,uf,100.0,2025
PR,2,Qualidade dos Serviços Digitais,iospd/IOSPD_IV01,iospd,IOSPD_IV01,total,Tempos verbais 2ª/3ª pessoa (IOSPD IV.1),indice_0_10,uf,100.0,2025
PR,2,Qualidade dos Serviços Digitais,iospd/IOSPD_IV02,iospd,IOSPD_IV02,total,Frases curtas com ação única (IOSPD IV.2),indice_0_10,uf,100.0,2025
PR,2,Qualidade dos Serviços Digitais,iospd/IOSPD_IV03,iospd,IOSPD_IV03,total,Título objetivo e curto (IOSPD IV.3),indice_0_10,uf,80.0,2025
PR,2,Qualidade dos Serviços Digitais,iospd/IOSPD_IV04,iospd,IOSPD_IV04,total,Parágrafos curtos (IOSPD IV.4),indice_0_10,uf,100.0,2025
PR,2,Qualidade dos Serviços Digitais,iospd/IOSPD_IV05,iospd,IOSPD_IV05,total,Uso do tempo presente (IOSPD IV.5),indice_0_10,uf,100.0,2025
PR,2,Qualidade dos Serviços Digitais,iospd/IOSPD_IV06,iospd,IOSPD_IV06,total,Uso de caracteres especiais (IOSPD IV.6),indice_0_10,uf,100.0,2025
PR,2,Qualidade dos Serviços Digitais,iospd/IOSPD_IV07,iospd,IOSPD_IV07,total,Vocabulário de fácil entendimento (IOSPD IV.7),indice_0_10,uf,80.0,2025
PR,2,Qualidade dos Serviços Digitais,iospd/IOSPD_IV08,iospd,IOSPD_IV08,total,Aplicação da técnica de Linguagem Simples (IOSPD IV.8),indice_0_10,uf,100.0,2025
PR,2,Qualidade dos Serviços Digitais,iospd/IOSPD_IV09,iospd,IOSPD_IV09,total,Mecanismo de melhoria na apresentação (IOSPD IV.9),indice_0_10,uf,100.0,2025
PR,2,Qualidade dos Serviços Digitais,iospd/IOSPD_V01,iospd,IOSPD_V01,total,Aplicativo móvel para portal de serviços (IOSPD V.1),indice_0_10,uf,33.3,2025
PR,2,Qualidade dos Serviços Digitais,iospd/IOSPD_V03,iospd,IOSPD_V03,total,Pagamento por PIX/cartão digital (IOSPD V.3),indice_0_10,uf,66.7,2025
PR,2,Qualidade dos Serviços Digitais,iospd/IOSPD_V04,iospd,IOSPD_V04,total,Ambiente autenticado e personalizado de serviços (IOSPD V.4),indice_0_10,uf,0.0,2025
PR,2,Qualidade dos Serviços Digitais,iospd/IOSPD_V05,iospd,IOSPD_V05,total,Licenciamento de veículo com pagamento eletrônico (IOSPD V.5),indice_0_10,uf,100.0,2025
PR,2,Qualidade dos Serviços Digitais,iospd/IOSPD_V06,iospd,IOSPD_V06,total,Certidão Negativa Estadual online (IOSPD V.6),indice_0_10,uf,100.0,2025
PR,2,Qualidade dos Serviços Digitais,iospd/IOSPD_V08,iospd,IOSPD_V08,total,Transferência digital de veículos (IOSPD V.8),indice_0_10,uf,0.0,2025
PR,2,Qualidade dos Serviços Digitais,iospd/IOSPD_V09,iospd,IOSPD_V09,total,Acessibilidade da plataforma digital (IOSPD V.9),indice_0_10,uf,66.7,2025
PR,2,Qualidade dos Serviços Digitais,estadic/ESTADIC_ACESSIBILIDADE,estadic,ESTADIC_ACESSIBILIDADE,total,Acessibilidade da página e serviços eletrônicos,prop_0_100,governo_estadual,66.67,2024
PR,2,Qualidade dos Serviços Digitais,estadic/ESTADIC_ATEND_DISTANCIA,estadic,ESTADIC_ATEND_DISTANCIA,total,Formas de atendimento a distância ao cidadão,prop_0_100,governo_estadual,50.0,2024
PR,2,Qualidade dos Serviços Digitais,estadic/ESTADIC_ATIV_REDES,estadic,ESTADIC_ATIV_REDES,total,Atividades do governo nas redes sociais nos últimos 12 meses,prop_0_100,governo_estadual,66.67,2024
PR,2,Qualidade dos Serviços Digitais,estadic/ESTADIC_BILHETE_UNICO,estadic,ESTADIC_BILHETE_UNICO,total,Bilhete único para uso de transporte público,prop_0_100,governo_estadual,0.0,2024
PR,2,Qualidade dos Serviços Digitais,estadic/ESTADIC_FREQ_REDES,estadic,ESTADIC_FREQ_REDES,total,Frequência de atualização do conteúdo nas redes sociais,prop_0_100,governo_estadual,100.0,2024
PR,2,Qualidade dos Serviços Digitais,estadic/ESTADIC_MODELO_ACESS,estadic,ESTADIC_MODELO_ACESS,total,Modelo de acessibilidade adotado,prop_0_100,governo_estadual,75.0,2024
PR,2,Qualidade dos Serviços Digitais,estadic/ESTADIC_REDES_SOCIAIS,estadic,ESTADIC_REDES_SOCIAIS,total,Plataformas de rede social do governo estadual,prop_0_100,governo_estadual,88.89,2024
PR,2,Qualidade dos Serviços Digitais,estadic/ESTADIC_SERV_CELULAR,estadic,ESTADIC_SERV_CELULAR,total,Serviços disponibilizados por celular/smartphone,prop_0_100,governo_estadual,14.29,2024
PR,2,Qualidade dos Serviços Digitais,estadic/ESTADIC_SERV_INFORMATIVOS,estadic,ESTADIC_SERV_INFORMATIVOS,total,Serviços informativos disponibilizados na página da internet,prop_0_100,governo_estadual,50.0,2024
PR,2,Qualidade dos Serviços Digitais,estadic/ESTADIC_SERV_TRANSACIONAIS,estadic,ESTADIC_SERV_TRANSACIONAIS,total,Serviços transacionais disponibilizados na página da internet,prop_0_100,governo_estadual,15.38,2024
PR,3,Identificação Única,iospd/IOSPD_I09,iospd,IOSPD_I09,total,Assinatura eletrônica Gov.br (IOSPD I.9),indice_0_10,uf,100.0,2025
PR,3,Identificação Única,iospd/IOSPD_V07,iospd,IOSPD_V07,total,Emissão da CIN — Carteira de Identidade Nacional (IOSPD V.7),indice_0_10,uf,100.0,2025
PR,4,Segurança e LGPD,iospd/IOSPD_III07,iospd,IOSPD_III07,total,Consentimento LGPD no portal (IOSPD III.7),indice_0_10,uf,0.0,2025
PR,4,Segurança e LGPD,estadic/ESTADIC_LGPD_CANAL_TITULAR,estadic,ESTADIC_LGPD_CANAL_TITULAR,total,Canal internet para titulares de dados (LGPD),prop_0_100,governo_estadual,100.0,2024
PR,4,Segurança e LGPD,estadic/ESTADIC_LGPD_CAPACIT,estadic,ESTADIC_LGPD_CAPACIT,total,Cursos segurança da informação e proteção de dados para servidores,prop_0_100,governo_estadual,100.0,2024
PR,4,Segurança e LGPD,estadic/ESTADIC_LGPD_REGULAMENT,estadic,ESTADIC_LGPD_REGULAMENT,total,Regulamentação estadual específica sobre LGPD,prop_0_100,governo_estadual,100.0,2024
PR,4,Segurança e LGPD,estadic/ESTADIC_LGPD_RESP,estadic,ESTADIC_LGPD_RESP,total,Responsável LGPD designado,prop_0_100,governo_estadual,100.0,2024
PR,5,Dados e Interoperabilidade,iospd/IOSPD_I05,iospd,IOSPD_I05,total,Governança de dados (IOSPD I.5),indice_0_10,uf,0.0,2025
PR,5,Dados e Interoperabilidade,estadic/ESTADIC_FORMATO_DADOS,estadic,ESTADIC_FORMATO_DADOS,total,Formato de publicação dos dados da administração estadual,prop_0_100,governo_estadual,39.29,2024
PR,6,Infraestrutura,estadic/ESTADIC_INCLUSAO_PROGRAMA,estadic,ESTADIC_INCLUSAO_PROGRAMA,total,Desenvolve programa ou ação de inclusão digital,prop_0_100,governo_estadual,100.0,2024
PR,6,Infraestrutura,estadic/ESTADIC_WIFI_EXISTE,estadic,ESTADIC_WIFI_EXISTE,total,Disponibiliza acesso por conexão Wi-Fi pública,prop_0_100,governo_estadual,100.0,2024
PR,7,Inovação e Tecnologias Emergentes,iospd/IOSPD_III06,iospd,IOSPD_III06,total,Laboratório de Inovação em Governo (IOSPD III.6),indice_0_10,uf,100.0,2025
PR,7,Inovação e Tecnologias Emergentes,iospd/IOSPD_V02,iospd,IOSPD_V02,total,Uso de IA/ciência de dados em serviço público (IOSPD V.2),indice_0_10,uf,100.0,2025
PR,7,Inovação e Tecnologias Emergentes,estadic/ESTADIC_CAPACIT_EMPREEND,estadic,ESTADIC_CAPACIT_EMPREEND,total,Capacitação para empreendedorismo digital,prop_0_100,governo_estadual,100.0,2024
PR,7,Inovação e Tecnologias Emergentes,estadic/ESTADIC_ESPACO_INOVACAO,estadic,ESTADIC_ESPACO_INOVACAO,total,"Espaços de inovação, coworking ou espaços compartilhados",prop_0_100,governo_estadual,100.0,2024
PR,7,Inovação e Tecnologias Emergentes,estadic/ESTADIC_PREMIO_INOVACAO,estadic,ESTADIC_PREMIO_INOVACAO,total,Prêmio ou edital para empresas inovadoras e projetos criativos,prop_0_100,governo_estadual,100.0,2024
PR,8,Eficiência e Processos,iospd/IOSPD_III02,iospd,IOSPD_III02,total,Grupos de desburocratização regulamentados (IOSPD III.2),indice_0_10,uf,50.0,2025
PR,9,Transparência e Participação,iospd/IOSPD_I11,iospd,IOSPD_I11,total,Cartas de Serviços na Base Nacional (IOSPD I.11),indice_0_10,uf,0.0,2025
PR,9,Transparência e Participação,estadic/ESTADIC_CONSELHO_TRANSP,estadic,ESTADIC_CONSELHO_TRANSP,total,Conselho Estadual de Transparência ou similar,prop_0_100,governo_estadual,0.0,2024
PR,9,Transparência e Participação,estadic/ESTADIC_CTRL_INT_ONLINE,estadic,ESTADIC_CTRL_INT_ONLINE,total,Informações do controle interno publicadas na internet,prop_0_100,governo_estadual,50.0,2024
PR,9,Transparência e Participação,estadic/ESTADIC_LAI_CONTEUDO,estadic,ESTADIC_LAI_CONTEUDO,total,Conteúdo da legislação estadual de acesso à informação (LAI),prop_0_100,governo_estadual,100.0,2024
PR,9,Transparência e Participação,estadic/ESTADIC_LAI_MEIOS,estadic,ESTADIC_LAI_MEIOS,total,Meios de solicitação de acesso à informação pública,prop_0_100,governo_estadual,66.67,2024
PR,9,Transparência e Participação,estadic/ESTADIC_ORCAM_TEMPO_REAL,estadic,ESTADIC_ORCAM_TEMPO_REAL,total,Disponibiliza informações orçamentárias/financeiras em tempo real,prop_0_100,governo_estadual,100.0,2024
PR,9,Transparência e Participação,estadic/ESTADIC_PARTICIP_INTERNET,estadic,ESTADIC_PARTICIP_INTERNET,total,Formas de participação do cidadão pela internet,prop_0_100,governo_estadual,20.0,2024
PR,9,Transparência e Participação,estadic/ESTADIC_PORTAL_TRANSP,estadic,ESTADIC_PORTAL_TRANSP,total,Portal da transparência e portal de dados abertos,prop_0_100,governo_estadual,33.33,2024
PR,9,Transparência e Participação,estadic/ESTADIC_TRANSP_CONTEUDO,estadic,ESTADIC_TRANSP_CONTEUDO,total,Conteúdo da página internet / portal da transparência,prop_0_100,governo_estadual,72.73,2024
SC,1,Governança do Governo Digital,iospd/IOSPD_I10,iospd,IOSPD_I10,total,Estratégia de governo digital (IOSPD I.10),indice_0_10,uf,0.0,2025
SC,2,Qualidade dos Serviços Digitais,iospd/IOSPD_I01,iospd,IOSPD_I01,total,Portal único ou de serviços (IOSPD I.1),indice_0_10,uf,100.0,2025
SC,2,Qualidade dos Serviços Digitais,iospd/IOSPD_I03,iospd,IOSPD_I03,total,Agendamento digital unificado (IOSPD I.3),indice_0_10,uf,50.0,2025
SC,2,Qualidade dos Serviços Digitais,iospd/IOSPD_I04,iospd,IOSPD_I04,total,Avaliação de satisfação dos usuários (IOSPD I.4),indice_0_10,uf,100.0,2025
SC,2,Qualidade dos Serviços Digitais,iospd/IOSPD_I06,iospd,IOSPD_I06,total,Gestão de cadastro e perfil do cidadão (IOSPD I.6),indice_0_10,uf,0.0,2025
SC,2,Qualidade dos Serviços Digitais,iospd/IOSPD_I07,iospd,IOSPD_I07,total,Ouvidoria integrada ao portal (IOSPD I.7),indice_0_10,uf,100.0,2025
SC,2,Qualidade dos Serviços Digitais,iospd/IOSPD_I08,iospd,IOSPD_I08,total,Simplificação de serviços online (IOSPD I.8),indice_0_10,uf,0.0,2025
SC,2,Qualidade dos Serviços Digitais,iospd/IOSPD_I12,iospd,IOSPD_I12,total,Ferramenta digital integrada de atendimento (IOSPD I.12),indice_0_10,uf,100.0,2025
SC,2,Qualidade dos Serviços Digitais,iospd/IOSPD_II01,iospd,IOSPD_II01,total,Rematrícula online escolas estaduais (IOSPD II.1),indice_0_10,uf,100.0,2025
SC,2,Qualidade dos Serviços Digitais,iospd/IOSPD_II02,iospd,IOSPD_II02,total,Solicitação de medicamento de alto custo digital (IOSPD II.2),indice_0_10,uf,0.0,2025
SC,2,Qualidade dos Serviços Digitais,iospd/IOSPD_II03,iospd,IOSPD_II03,total,Tele-atendimento saúde por videoconferência (IOSPD II.3),indice_0_10,uf,0.0,2025
SC,2,Qualidade dos Serviços Digitais,iospd/IOSPD_II04,iospd,IOSPD_II04,total,Prova de vida online (IOSPD II.4),indice_0_10,uf,0.0,2025
SC,2,Qualidade dos Serviços Digitais,iospd/IOSPD_II05,iospd,IOSPD_II05,total,Recurso/defesa online infrações de trânsito (IOSPD II.5),indice_0_10,uf,100.0,2025
SC,2,Qualidade dos Serviços Digitais,iospd/IOSPD_II06,iospd,IOSPD_II06,total,Registro digital reclamação CDC (IOSPD II.6),indice_0_10,uf,100.0,2025
SC,2,Qualidade dos Serviços Digitais,iospd/IOSPD_II07,iospd,IOSPD_II07,total,Solicitação online 2ª via RG (IOSPD II.7),indice_0_10,uf,100.0,2025
SC,2,Qualidade dos Serviços Digitais,iospd/IOSPD_II08,iospd,IOSPD_II08,total,Boletim de ocorrência online violência doméstica (IOSPD II.8),indice_0_10,uf,0.0,2025
SC,2,Qualidade dos Serviços Digitais,iospd/IOSPD_II09,iospd,IOSPD_II09,total,Consulta online medicamentos disponíveis (IOSPD II.9),indice_0_10,uf,0.0,2025
SC,2,Qualidade dos Serviços Digitais,iospd/IOSPD_II10,iospd,IOSPD_II10,total,Emissão/envio de receita médica online (IOSPD II.10),indice_0_10,uf,0.0,2025
SC,2,Qualidade dos Serviços Digitais,iospd/IOSPD_II11,iospd,IOSPD_II11,total,Emissão online diplomas ensino médio (IOSPD II.11),indice_0_10,uf,0.0,2025
SC,2,Qualidade dos Serviços Digitais,iospd/IOSPD_II12,iospd,IOSPD_II12,total,Transferência online entre escolas estaduais (IOSPD II.12),indice_0_10,uf,0.0,2025
SC,2,Qualidade dos Serviços Digitais,iospd/IOSPD_III01a,iospd,IOSPD_III01a,total,Carta de Serviços normatizada (IOSPD III.1a),indice_0_10,uf,100.0,2025
SC,2,Qualidade dos Serviços Digitais,iospd/IOSPD_III01b,iospd,IOSPD_III01b,total,Ouvidorias Públicas normatizadas (IOSPD III.1b),indice_0_10,uf,100.0,2025
SC,2,Qualidade dos Serviços Digitais,iospd/IOSPD_III01c,iospd,IOSPD_III01c,total,Conselho de Usuários normatizado (IOSPD III.1c),indice_0_10,uf,100.0,2025
SC,2,Qualidade dos Serviços Digitais,iospd/IOSPD_III01d,iospd,IOSPD_III01d,total,Avaliação de Serviços Públicos normatizada (IOSPD III.1d),indice_0_10,uf,100.0,2025
SC,2,Qualidade dos Serviços Digitais,iospd/IOSPD_IV01,iospd,IOSPD_IV01,total,Tempos verbais 2ª/3ª pessoa (IOSPD IV.1),indice_0_10,uf,80.0,2025
SC,2,Qualidade dos Serviços Digitais,iospd/IOSPD_IV02,iospd,IOSPD_IV02,total,Frases curtas com ação única (IOSPD IV.2),indice_0_10,uf,40.0,2025
SC,2,Qualidade dos Serviços Digitais,iospd/IOSPD_IV03,iospd,IOSPD_IV03,total,Título objetivo e curto (IOSPD IV.3),indice_0_10,uf,100.0,2025
SC,2,Qualidade dos Serviços Digitais,iospd/IOSPD_IV04,iospd,IOSPD_IV04,total,Parágrafos curtos (IOSPD IV.4),indice_0_10,uf,90.0,2025
SC,2,Qualidade dos Serviços Digitais,iospd/IOSPD_IV05,iospd,IOSPD_IV05,total,Uso do tempo presente (IOSPD IV.5),indice_0_10,uf,100.0,2025
SC,2,Qualidade dos Serviços Digitais,iospd/IOSPD_IV06,iospd,IOSPD_IV06,total,Uso de caracteres especiais (IOSPD IV.6),indice_0_10,uf,100.0,2025
SC,2,Qualidade dos Serviços Digitais,iospd/IOSPD_IV07,iospd,IOSPD_IV07,total,Vocabulário de fácil entendimento (IOSPD IV.7),indice_0_10,uf,60.0,2025
SC,2,Qualidade dos Serviços Digitais,iospd/IOSPD_IV08,iospd,IOSPD_IV08,total,Aplicação da técnica de Linguagem Simples (IOSPD IV.8),indice_0_10,uf,0.0,2025
SC,2,Qualidade dos Serviços Digitais,iospd/IOSPD_IV09,iospd,IOSPD_IV09,total,Mecanismo de melhoria na apresentação (IOSPD IV.9),indice_0_10,uf,0.0,2025
SC,2,Qualidade dos Serviços Digitais,iospd/IOSPD_V01,iospd,IOSPD_V01,total,Aplicativo móvel para portal de serviços (IOSPD V.1),indice_0_10,uf,33.3,2025
SC,2,Qualidade dos Serviços Digitais,iospd/IOSPD_V03,iospd,IOSPD_V03,total,Pagamento por PIX/cartão digital (IOSPD V.3),indice_0_10,uf,66.7,2025
SC,2,Qualidade dos Serviços Digitais,iospd/IOSPD_V04,iospd,IOSPD_V04,total,Ambiente autenticado e personalizado de serviços (IOSPD V.4),indice_0_10,uf,0.0,2025
SC,2,Qualidade dos Serviços Digitais,iospd/IOSPD_V05,iospd,IOSPD_V05,total,Licenciamento de veículo com pagamento eletrônico (IOSPD V.5),indice_0_10,uf,100.0,2025
SC,2,Qualidade dos Serviços Digitais,iospd/IOSPD_V06,iospd,IOSPD_V06,total,Certidão Negativa Estadual online (IOSPD V.6),indice_0_10,uf,100.0,2025
SC,2,Qualidade dos Serviços Digitais,iospd/IOSPD_V08,iospd,IOSPD_V08,total,Transferência digital de veículos (IOSPD V.8),indice_0_10,uf,0.0,2025
SC,2,Qualidade dos Serviços Digitais,iospd/IOSPD_V09,iospd,IOSPD_V09,total,Acessibilidade da plataforma digital (IOSPD V.9),indice_0_10,uf,100.0,2025
SC,2,Qualidade dos Serviços Digitais,estadic/ESTADIC_ACESSIBILIDADE,estadic,ESTADIC_ACESSIBILIDADE,total,Acessibilidade da página e serviços eletrônicos,prop_0_100,governo_estadual,33.33,2024
SC,2,Qualidade dos Serviços Digitais,estadic/ESTADIC_ATEND_DISTANCIA,estadic,ESTADIC_ATEND_DISTANCIA,total,Formas de atendimento a distância ao cidadão,prop_0_100,governo_estadual,50.0,2024
SC,2,Qualidade dos Serviços Digitais,estadic/ESTADIC_ATIV_REDES,estadic,ESTADIC_ATIV_REDES,total,Atividades do governo nas redes sociais nos últimos 12 meses,prop_0_100,governo_estadual,66.67,2024
SC,2,Qualidade dos Serviços Digitais,estadic/ESTADIC_BILHETE_UNICO,estadic,ESTADIC_BILHETE_UNICO,total,Bilhete único para uso de transporte público,prop_0_100,governo_estadual,0.0,2024
SC,2,Qualidade dos Serviços Digitais,estadic/ESTADIC_FREQ_REDES,estadic,ESTADIC_FREQ_REDES,total,Frequência de atualização do conteúdo nas redes sociais,prop_0_100,governo_estadual,100.0,2024
SC,2,Qualidade dos Serviços Digitais,estadic/ESTADIC_MODELO_ACESS,estadic,ESTADIC_MODELO_ACESS,total,Modelo de acessibilidade adotado,prop_0_100,governo_estadual,100.0,2024
SC,2,Qualidade dos Serviços Digitais,estadic/ESTADIC_REDES_SOCIAIS,estadic,ESTADIC_REDES_SOCIAIS,total,Plataformas de rede social do governo estadual,prop_0_100,governo_estadual,66.67,2024
SC,2,Qualidade dos Serviços Digitais,estadic/ESTADIC_SERV_CELULAR,estadic,ESTADIC_SERV_CELULAR,total,Serviços disponibilizados por celular/smartphone,prop_0_100,governo_estadual,85.71,2024
SC,2,Qualidade dos Serviços Digitais,estadic/ESTADIC_SERV_INFORMATIVOS,estadic,ESTADIC_SERV_INFORMATIVOS,total,Serviços informativos disponibilizados na página da internet,prop_0_100,governo_estadual,87.5,2024
SC,2,Qualidade dos Serviços Digitais,estadic/ESTADIC_SERV_TRANSACIONAIS,estadic,ESTADIC_SERV_TRANSACIONAIS,total,Serviços transacionais disponibilizados na página da internet,prop_0_100,governo_estadual,84.62,2024
SC,3,Identificação Única,iospd/IOSPD_I09,iospd,IOSPD_I09,total,Assinatura eletrônica Gov.br (IOSPD I.9),indice_0_10,uf,33.3,2025
SC,3,Identificação Única,iospd/IOSPD_V07,iospd,IOSPD_V07,total,Emissão da CIN — Carteira de Identidade Nacional (IOSPD V.7),indice_0_10,uf,100.0,2025
SC,4,Segurança e LGPD,iospd/IOSPD_III07,iospd,IOSPD_III07,total,Consentimento LGPD no portal (IOSPD III.7),indice_0_10,uf,0.0,2025
SC,4,Segurança e LGPD,estadic/ESTADIC_LGPD_CANAL_TITULAR,estadic,ESTADIC_LGPD_CANAL_TITULAR,total,Canal internet para titulares de dados (LGPD),prop_0_100,governo_estadual,100.0,2024
SC,4,Segurança e LGPD,estadic/ESTADIC_LGPD_CAPACIT,estadic,ESTADIC_LGPD_CAPACIT,total,Cursos segurança da informação e proteção de dados para servidores,prop_0_100,governo_estadual,100.0,2024
SC,4,Segurança e LGPD,estadic/ESTADIC_LGPD_REGULAMENT,estadic,ESTADIC_LGPD_REGULAMENT,total,Regulamentação estadual específica sobre LGPD,prop_0_100,governo_estadual,0.0,2024
SC,4,Segurança e LGPD,estadic/ESTADIC_LGPD_RESP,estadic,ESTADIC_LGPD_RESP,total,Responsável LGPD designado,prop_0_100,governo_estadual,100.0,2024
SC,5,Dados e Interoperabilidade,iospd/IOSPD_I05,iospd,IOSPD_I05,total,Governança de dados (IOSPD I.5),indice_0_10,uf,100.0,2025
SC,5,Dados e Interoperabilidade,estadic/ESTADIC_FORMATO_DADOS,estadic,ESTADIC_FORMATO_DADOS,total,Formato de publicação dos dados da administração estadual,prop_0_100,governo_estadual,46.43,2024
SC,6,Infraestrutura,estadic/ESTADIC_INCLUSAO_PROGRAMA,estadic,ESTADIC_INCLUSAO_PROGRAMA,total,Desenvolve programa ou ação de inclusão digital,prop_0_100,governo_estadual,100.0,2024
SC,6,Infraestrutura,estadic/ESTADIC_WIFI_EXISTE,estadic,ESTADIC_WIFI_EXISTE,total,Disponibiliza acesso por conexão Wi-Fi pública,prop_0_100,governo_estadual,0.0,2024
SC,7,Inovação e Tecnologias Emergentes,iospd/IOSPD_III06,iospd,IOSPD_III06,total,Laboratório de Inovação em Governo (IOSPD III.6),indice_0_10,uf,100.0,2025
SC,7,Inovação e Tecnologias Emergentes,iospd/IOSPD_V02,iospd,IOSPD_V02,total,Uso de IA/ciência de dados em serviço público (IOSPD V.2),indice_0_10,uf,0.0,2025
SC,7,Inovação e Tecnologias Emergentes,estadic/ESTADIC_CAPACIT_EMPREEND,estadic,ESTADIC_CAPACIT_EMPREEND,total,Capacitação para empreendedorismo digital,prop_0_100,governo_estadual,100.0,2024
SC,7,Inovação e Tecnologias Emergentes,estadic/ESTADIC_ESPACO_INOVACAO,estadic,ESTADIC_ESPACO_INOVACAO,total,"Espaços de inovação, coworking ou espaços compartilhados",prop_0_100,governo_estadual,100.0,2024
SC,7,Inovação e Tecnologias Emergentes,estadic/ESTADIC_PREMIO_INOVACAO,estadic,ESTADIC_PREMIO_INOVACAO,total,Prêmio ou edital para empresas inovadoras e projetos criativos,prop_0_100,governo_estadual,100.0,2024
SC,8,Eficiência e Processos,iospd/IOSPD_III02,iospd,IOSPD_III02,total,Grupos de desburocratização regulamentados (IOSPD III.2),indice_0_10,uf,0.0,2025
SC,9,Transparência e Participação,iospd/IOSPD_I11,iospd,IOSPD_I11,total,Cartas de Serviços na Base Nacional (IOSPD I.11),indice_0_10,uf,0.0,2025
SC,9,Transparência e Participação,estadic/ESTADIC_CONSELHO_TRANSP,estadic,ESTADIC_CONSELHO_TRANSP,total,Conselho Estadual de Transparência ou similar,prop_0_100,governo_estadual,0.0,2024
SC,9,Transparência e Participação,estadic/ESTADIC_CTRL_INT_ONLINE,estadic,ESTADIC_CTRL_INT_ONLINE,total,Informações do controle interno publicadas na internet,prop_0_100,governo_estadual,50.0,2024
SC,9,Transparência e Participação,estadic/ESTADIC_LAI_CONTEUDO,estadic,ESTADIC_LAI_CONTEUDO,total,Conteúdo da legislação estadual de acesso à informação (LAI),prop_0_100,governo_estadual,62.5,2024
SC,9,Transparência e Participação,estadic/ESTADIC_LAI_MEIOS,estadic,ESTADIC_LAI_MEIOS,total,Meios de solicitação de acesso à informação pública,prop_0_100,governo_estadual,66.67,2024
SC,9,Transparência e Participação,estadic/ESTADIC_ORCAM_TEMPO_REAL,estadic,ESTADIC_ORCAM_TEMPO_REAL,total,Disponibiliza informações orçamentárias/financeiras em tempo real,prop_0_100,governo_estadual,100.0,2024
SC,9,Transparência e Participação,estadic/ESTADIC_PARTICIP_INTERNET,estadic,ESTADIC_PARTICIP_INTERNET,total,Formas de participação do cidadão pela internet,prop_0_100,governo_estadual,20.0,2024
SC,9,Transparência e Participação,estadic/ESTADIC_PORTAL_TRANSP,estadic,ESTADIC_PORTAL_TRANSP,total,Portal da transparência e portal de dados abertos,prop_0_100,governo_estadual,66.67,2024
SC,9,Transparência e Participação,estadic/ESTADIC_TRANSP_CONTEUDO,estadic,ESTADIC_TRANSP_CONTEUDO,total,Conteúdo da página internet / portal da transparência,prop_0_100,governo_estadual,81.82,2024
RS,1,Governança do Governo Digital,iospd/IOSPD_I10,iospd,IOSPD_I10,total,Estratégia de governo digital (IOSPD I.10),indice_0_10,uf,100.0,2025
RS,2,Qualidade dos Serviços Digitais,iospd/IOSPD_I01,iospd,IOSPD_I01,total,Portal único ou de serviços (IOSPD I.1),indice_0_10,uf,100.0,2025
RS,2,Qualidade dos Serviços Digitais,iospd/IOSPD_I03,iospd,IOSPD_I03,total,Agendamento digital unificado (IOSPD I.3),indice_0_10,uf,100.0,2025
RS,2,Qualidade dos Serviços Digitais,iospd/IOSPD_I04,iospd,IOSPD_I04,total,Avaliação de satisfação dos usuários (IOSPD I.4),indice_0_10,uf,100.0,2025
RS,2,Qualidade dos Serviços Digitais,iospd/IOSPD_I06,iospd,IOSPD_I06,total,Gestão de cadastro e perfil do cidadão (IOSPD I.6),indice_0_10,uf,100.0,2025
RS,2,Qualidade dos Serviços Digitais,iospd/IOSPD_I07,iospd,IOSPD_I07,total,Ouvidoria integrada ao portal (IOSPD I.7),indice_0_10,uf,100.0,2025
RS,2,Qualidade dos Serviços Digitais,iospd/IOSPD_I08,iospd,IOSPD_I08,total,Simplificação de serviços online (IOSPD I.8),indice_0_10,uf,100.0,2025
RS,2,Qualidade dos Serviços Digitais,iospd/IOSPD_I12,iospd,IOSPD_I12,total,Ferramenta digital integrada de atendimento (IOSPD I.12),indice_0_10,uf,100.0,2025
RS,2,Qualidade dos Serviços Digitais,iospd/IOSPD_II01,iospd,IOSPD_II01,total,Rematrícula online escolas estaduais (IOSPD II.1),indice_0_10,uf,100.0,2025
RS,2,Qualidade dos Serviços Digitais,iospd/IOSPD_II02,iospd,IOSPD_II02,total,Solicitação de medicamento de alto custo digital (IOSPD II.2),indice_0_10,uf,100.0,2025
RS,2,Qualidade dos Serviços Digitais,iospd/IOSPD_II03,iospd,IOSPD_II03,total,Tele-atendimento saúde por videoconferência (IOSPD II.3),indice_0_10,uf,100.0,2025
RS,2,Qualidade dos Serviços Digitais,iospd/IOSPD_II04,iospd,IOSPD_II04,total,Prova de vida online (IOSPD II.4),indice_0_10,uf,100.0,2025
RS,2,Qualidade dos Serviços Digitais,iospd/IOSPD_II05,iospd,IOSPD_II05,total,Recurso/defesa online infrações de trânsito (IOSPD II.5),indice_0_10,uf,100.0,2025
RS,2,Qualidade dos Serviços Digitais,iospd/IOSPD_II06,iospd,IOSPD_II06,total,Registro digital reclamação CDC (IOSPD II.6),indice_0_10,uf,100.0,2025
RS,2,Qualidade dos Serviços Digitais,iospd/IOSPD_II07,iospd,IOSPD_II07,total,Solicitação online 2ª via RG (IOSPD II.7),indice_0_10,uf,100.0,2025
RS,2,Qualidade dos Serviços Digitais,iospd/IOSPD_II08,iospd,IOSPD_II08,total,Boletim de ocorrência online violência doméstica (IOSPD II.8),indice_0_10,uf,100.0,2025
RS,2,Qualidade dos Serviços Digitais,iospd/IOSPD_II09,iospd,IOSPD_II09,total,Consulta online medicamentos disponíveis (IOSPD II.9),indice_0_10,uf,100.0,2025
RS,2,Qualidade dos Serviços Digitais,iospd/IOSPD_II10,iospd,IOSPD_II10,total,Emissão/envio de receita médica online (IOSPD II.10),indice_0_10,uf,100.0,2025
RS,2,Qualidade dos Serviços Digitais,iospd/IOSPD_II11,iospd,IOSPD_II11,total,Emissão online diplomas ensino médio (IOSPD II.11),indice_0_10,uf,100.0,2025
RS,2,Qualidade dos Serviços Digitais,iospd/IOSPD_II12,iospd,IOSPD_II12,total,Transferência online entre escolas estaduais (IOSPD II.12),indice_0_10,uf,100.0,2025
RS,2,Qualidade dos Serviços Digitais,iospd/IOSPD_III01a,iospd,IOSPD_III01a,total,Carta de Serviços normatizada (IOSPD III.1a),indice_0_10,uf,100.0,2025
RS,2,Qualidade dos Serviços Digitais,iospd/IOSPD_III01b,iospd,IOSPD_III01b,total,Ouvidorias Públicas normatizadas (IOSPD III.1b),indice_0_10,uf,100.0,2025
RS,2,Qualidade dos Serviços Digitais,iospd/IOSPD_III01c,iospd,IOSPD_III01c,total,Conselho de Usuários normatizado (IOSPD III.1c),indice_0_10,uf,100.0,2025
RS,2,Qualidade dos Serviços Digitais,iospd/IOSPD_III01d,iospd,IOSPD_III01d,total,Avaliação de Serviços Públicos normatizada (IOSPD III.1d),indice_0_10,uf,100.0,2025
RS,2,Qualidade dos Serviços Digitais,iospd/IOSPD_IV01,iospd,IOSPD_IV01,total,Tempos verbais 2ª/3ª pessoa (IOSPD IV.1),indice_0_10,uf,100.0,2025
RS,2,Qualidade dos Serviços Digitais,iospd/IOSPD_IV02,iospd,IOSPD_IV02,total,Frases curtas com ação única (IOSPD IV.2),indice_0_10,uf,100.0,2025
RS,2,Qualidade dos Serviços Digitais,iospd/IOSPD_IV03,iospd,IOSPD_IV03,total,Título objetivo e curto (IOSPD IV.3),indice_0_10,uf,100.0,2025
RS,2,Qualidade dos Serviços Digitais,iospd/IOSPD_IV04,iospd,IOSPD_IV04,total,Parágrafos curtos (IOSPD IV.4),indice_0_10,uf,100.0,2025
RS,2,Qualidade dos Serviços Digitais,iospd/IOSPD_IV05,iospd,IOSPD_IV05,total,Uso do tempo presente (IOSPD IV.5),indice_0_10,uf,100.0,2025
RS,2,Qualidade dos Serviços Digitais,iospd/IOSPD_IV06,iospd,IOSPD_IV06,total,Uso de caracteres especiais (IOSPD IV.6),indice_0_10,uf,100.0,2025
RS,2,Qualidade dos Serviços Digitais,iospd/IOSPD_IV07,iospd,IOSPD_IV07,total,Vocabulário de fácil entendimento (IOSPD IV.7),indice_0_10,uf,100.0,2025
RS,2,Qualidade dos Serviços Digitais,iospd/IOSPD_IV08,iospd,IOSPD_IV08,total,Aplicação da técnica de Linguagem Simples (IOSPD IV.8),indice_0_10,uf,100.0,2025
RS,2,Qualidade dos Serviços Digitais,iospd/IOSPD_IV09,iospd,IOSPD_IV09,total,Mecanismo de melhoria na apresentação (IOSPD IV.9),indice_0_10,uf,100.0,2025
RS,2,Qualidade dos Serviços Digitais,iospd/IOSPD_V01,iospd,IOSPD_V01,total,Aplicativo móvel para portal de serviços (IOSPD V.1),indice_0_10,uf,33.3,2025
RS,2,Qualidade dos Serviços Digitais,iospd/IOSPD_V03,iospd,IOSPD_V03,total,Pagamento por PIX/cartão digital (IOSPD V.3),indice_0_10,uf,66.7,2025
RS,2,Qualidade dos Serviços Digitais,iospd/IOSPD_V04,iospd,IOSPD_V04,total,Ambiente autenticado e personalizado de serviços (IOSPD V.4),indice_0_10,uf,100.0,2025
RS,2,Qualidade dos Serviços Digitais,iospd/IOSPD_V05,iospd,IOSPD_V05,total,Licenciamento de veículo com pagamento eletrônico (IOSPD V.5),indice_0_10,uf,100.0,2025
RS,2,Qualidade dos Serviços Digitais,iospd/IOSPD_V06,iospd,IOSPD_V06,total,Certidão Negativa Estadual online (IOSPD V.6),indice_0_10,uf,100.0,2025
RS,2,Qualidade dos Serviços Digitais,iospd/IOSPD_V08,iospd,IOSPD_V08,total,Transferência digital de veículos (IOSPD V.8),indice_0_10,uf,100.0,2025
RS,2,Qualidade dos Serviços Digitais,iospd/IOSPD_V09,iospd,IOSPD_V09,total,Acessibilidade da plataforma digital (IOSPD V.9),indice_0_10,uf,100.0,2025
RS,2,Qualidade dos Serviços Digitais,estadic/ESTADIC_ACESSIBILIDADE,estadic,ESTADIC_ACESSIBILIDADE,total,Acessibilidade da página e serviços eletrônicos,prop_0_100,governo_estadual,33.33,2024
RS,2,Qualidade dos Serviços Digitais,estadic/ESTADIC_ATEND_DISTANCIA,estadic,ESTADIC_ATEND_DISTANCIA,total,Formas de atendimento a distância ao cidadão,prop_0_100,governo_estadual,37.5,2024
RS,2,Qualidade dos Serviços Digitais,estadic/ESTADIC_ATIV_REDES,estadic,ESTADIC_ATIV_REDES,total,Atividades do governo nas redes sociais nos últimos 12 meses,prop_0_100,governo_estadual,66.67,2024
RS,2,Qualidade dos Serviços Digitais,estadic/ESTADIC_BILHETE_UNICO,estadic,ESTADIC_BILHETE_UNICO,total,Bilhete único para uso de transporte público,prop_0_100,governo_estadual,0.0,2024
RS,2,Qualidade dos Serviços Digitais,estadic/ESTADIC_FREQ_REDES,estadic,ESTADIC_FREQ_REDES,total,Frequência de atualização do conteúdo nas redes sociais,prop_0_100,governo_estadual,100.0,2024
RS,2,Qualidade dos Serviços Digitais,estadic/ESTADIC_MODELO_ACESS,estadic,ESTADIC_MODELO_ACESS,total,Modelo de acessibilidade adotado,prop_0_100,governo_estadual,75.0,2024
RS,2,Qualidade dos Serviços Digitais,estadic/ESTADIC_REDES_SOCIAIS,estadic,ESTADIC_REDES_SOCIAIS,total,Plataformas de rede social do governo estadual,prop_0_100,governo_estadual,66.67,2024
RS,2,Qualidade dos Serviços Digitais,estadic/ESTADIC_SERV_CELULAR,estadic,ESTADIC_SERV_CELULAR,total,Serviços disponibilizados por celular/smartphone,prop_0_100,governo_estadual,57.14,2024
RS,2,Qualidade dos Serviços Digitais,estadic/ESTADIC_SERV_INFORMATIVOS,estadic,ESTADIC_SERV_INFORMATIVOS,total,Serviços informativos disponibilizados na página da internet,prop_0_100,governo_estadual,87.5,2024
RS,2,Qualidade dos Serviços Digitais,estadic/ESTADIC_SERV_TRANSACIONAIS,estadic,ESTADIC_SERV_TRANSACIONAIS,total,Serviços transacionais disponibilizados na página da internet,prop_0_100,governo_estadual,38.46,2024
RS,3,Identificação Única,iospd/IOSPD_I09,iospd,IOSPD_I09,total,Assinatura eletrônica Gov.br (IOSPD I.9),indice_0_10,uf,100.0,2025
RS,3,Identificação Única,iospd/IOSPD_V07,iospd,IOSPD_V07,total,Emissão da CIN — Carteira de Identidade Nacional (IOSPD V.7),indice_0_10,uf,100.0,2025
RS,4,Segurança e LGPD,iospd/IOSPD_III07,iospd,IOSPD_III07,total,Consentimento LGPD no portal (IOSPD III.7),indice_0_10,uf,100.0,2025
RS,4,Segurança e LGPD,estadic/ESTADIC_LGPD_CANAL_TITULAR,estadic,ESTADIC_LGPD_CANAL_TITULAR,total,Canal internet para titulares de dados (LGPD),prop_0_100,governo_estadual,100.0,2024
RS,4,Segurança e LGPD,estadic/ESTADIC_LGPD_CAPACIT,estadic,ESTADIC_LGPD_CAPACIT,total,Cursos segurança da informação e proteção de dados para servidores,prop_0_100,governo_estadual,100.0,2024
RS,4,Segurança e LGPD,estadic/ESTADIC_LGPD_REGULAMENT,estadic,ESTADIC_LGPD_REGULAMENT,total,Regulamentação estadual específica sobre LGPD,prop_0_100,governo_estadual,100.0,2024
RS,4,Segurança e LGPD,estadic/ESTADIC_LGPD_RESP,estadic,ESTADIC_LGPD_RESP,total,Responsável LGPD designado,prop_0_100,governo_estadual,100.0,2024
RS,5,Dados e Interoperabilidade,iospd/IOSPD_I05,iospd,IOSPD_I05,total,Governança de dados (IOSPD I.5),indice_0_10,uf,100.0,2025
RS,5,Dados e Interoperabilidade,estadic/ESTADIC_FORMATO_DADOS,estadic,ESTADIC_FORMATO_DADOS,total,Formato de publicação dos dados da administração estadual,prop_0_100,governo_estadual,25.0,2024
RS,6,Infraestrutura,estadic/ESTADIC_INCLUSAO_PROGRAMA,estadic,ESTADIC_INCLUSAO_PROGRAMA,total,Desenvolve programa ou ação de inclusão digital,prop_0_100,governo_estadual,100.0,2024
RS,6,Infraestrutura,estadic/ESTADIC_WIFI_EXISTE,estadic,ESTADIC_WIFI_EXISTE,total,Disponibiliza acesso por conexão Wi-Fi pública,prop_0_100,governo_estadual,100.0,2024
RS,7,Inovação e Tecnologias Emergentes,iospd/IOSPD_III06,iospd,IOSPD_III06,total,Laboratório de Inovação em Governo (IOSPD III.6),indice_0_10,uf,100.0,2025
RS,7,Inovação e Tecnologias Emergentes,iospd/IOSPD_V02,iospd,IOSPD_V02,total,Uso de IA/ciência de dados em serviço público (IOSPD V.2),indice_0_10,uf,100.0,2025
RS,7,Inovação e Tecnologias Emergentes,estadic/ESTADIC_CAPACIT_EMPREEND,estadic,ESTADIC_CAPACIT_EMPREEND,total,Capacitação para empreendedorismo digital,prop_0_100,governo_estadual,100.0,2024
RS,7,Inovação e Tecnologias Emergentes,estadic/ESTADIC_ESPACO_INOVACAO,estadic,ESTADIC_ESPACO_INOVACAO,total,"Espaços de inovação, coworking ou espaços compartilhados",prop_0_100,governo_estadual,100.0,2024
RS,7,Inovação e Tecnologias Emergentes,estadic/ESTADIC_PREMIO_INOVACAO,estadic,ESTADIC_PREMIO_INOVACAO,total,Prêmio ou edital para empresas inovadoras e projetos criativos,prop_0_100,governo_estadual,100.0,2024
RS,8,Eficiência e Processos,iospd/IOSPD_III02,iospd,IOSPD_III02,total,Grupos de desburocratização regulamentados (IOSPD III.2),indice_0_10,uf,100.0,2025
RS,9,Transparência e Participação,iospd/IOSPD_I11,iospd,IOSPD_I11,total,Cartas de Serviços na Base Nacional (IOSPD I.11),indice_0_10,uf,100.0,2025
RS,9,Transparência e Participação,estadic/ESTADIC_CONSELHO_TRANSP,estadic,ESTADIC_CONSELHO_TRANSP,total,Conselho Estadual de Transparência ou similar,prop_0_100,governo_estadual,100.0,2024
RS,9,Transparência e Participação,estadic/ESTADIC_CTRL_INT_ONLINE,estadic,ESTADIC_CTRL_INT_ONLINE,total,Informações do controle interno publicadas na internet,prop_0_100,governo_estadual,75.0,2024
RS,9,Transparência e Participação,estadic/ESTADIC_LAI_CONTEUDO,estadic,ESTADIC_LAI_CONTEUDO,total,Conteúdo da legislação estadual de acesso à informação (LAI),prop_0_100,governo_estadual,100.0,2024
RS,9,Transparência e Participação,estadic/ESTADIC_LAI_MEIOS,estadic,ESTADIC_LAI_MEIOS,total,Meios de solicitação de acesso à informação pública,prop_0_100,governo_estadual,50.0,2024
RS,9,Transparência e Participação,estadic/ESTADIC_ORCAM_TEMPO_REAL,estadic,ESTADIC_ORCAM_TEMPO_REAL,total,Disponibiliza informações orçamentárias/financeiras em tempo real,prop_0_100,governo_estadual,100.0,2024
RS,9,Transparência e Participação,estadic/ESTADIC_PARTICIP_INTERNET,estadic,ESTADIC_PARTICIP_INTERNET,total,Formas de participação do cidadão pela internet,prop_0_100,governo_estadual,40.0,2024
RS,9,Transparência e Participação,estadic/ESTADIC_PORTAL_TRANSP,estadic,ESTADIC_PORTAL_TRANSP,total,Portal da transparência e portal de dados abertos,prop_0_100,governo_estadual,66.67,2024
RS,9,Transparência e Participação,estadic/ESTADIC_TRANSP_CONTEUDO,estadic,ESTADIC_TRANSP_CONTEUDO,total,Conteúdo da página internet / portal da transparência,prop_0_100,governo_estadual,81.82,2024
MS,1,Governança do Governo Digital,iospd/IOSPD_I10,iospd,IOSPD_I10,total,Estratégia de governo digital (IOSPD I.10),indice_0_10,uf,33.3,2025
MS,2,Qualidade dos Serviços Digitais,iospd/IOSPD_I01,iospd,IOSPD_I01,total,Portal único ou de serviços (IOSPD I.1),indice_0_10,uf,100.0,2025
MS,2,Qualidade dos Serviços Digitais,iospd/IOSPD_I03,iospd,IOSPD_I03,total,Agendamento digital unificado (IOSPD I.3),indice_0_10,uf,50.0,2025
MS,2,Qualidade dos Serviços Digitais,iospd/IOSPD_I04,iospd,IOSPD_I04,total,Avaliação de satisfação dos usuários (IOSPD I.4),indice_0_10,uf,100.0,2025
MS,2,Qualidade dos Serviços Digitais,iospd/IOSPD_I06,iospd,IOSPD_I06,total,Gestão de cadastro e perfil do cidadão (IOSPD I.6),indice_0_10,uf,100.0,2025
MS,2,Qualidade dos Serviços Digitais,iospd/IOSPD_I07,iospd,IOSPD_I07,total,Ouvidoria integrada ao portal (IOSPD I.7),indice_0_10,uf,100.0,2025
MS,2,Qualidade dos Serviços Digitais,iospd/IOSPD_I08,iospd,IOSPD_I08,total,Simplificação de serviços online (IOSPD I.8),indice_0_10,uf,100.0,2025
MS,2,Qualidade dos Serviços Digitais,iospd/IOSPD_I12,iospd,IOSPD_I12,total,Ferramenta digital integrada de atendimento (IOSPD I.12),indice_0_10,uf,100.0,2025
MS,2,Qualidade dos Serviços Digitais,iospd/IOSPD_II01,iospd,IOSPD_II01,total,Rematrícula online escolas estaduais (IOSPD II.1),indice_0_10,uf,100.0,2025
MS,2,Qualidade dos Serviços Digitais,iospd/IOSPD_II02,iospd,IOSPD_II02,total,Solicitação de medicamento de alto custo digital (IOSPD II.2),indice_0_10,uf,100.0,2025
MS,2,Qualidade dos Serviços Digitais,iospd/IOSPD_II03,iospd,IOSPD_II03,total,Tele-atendimento saúde por videoconferência (IOSPD II.3),indice_0_10,uf,100.0,2025
MS,2,Qualidade dos Serviços Digitais,iospd/IOSPD_II04,iospd,IOSPD_II04,total,Prova de vida online (IOSPD II.4),indice_0_10,uf,0.0,2025
MS,2,Qualidade dos Serviços Digitais,iospd/IOSPD_II05,iospd,IOSPD_II05,total,Recurso/defesa online infrações de trânsito (IOSPD II.5),indice_0_10,uf,100.0,2025
MS,2,Qualidade dos Serviços Digitais,iospd/IOSPD_II06,iospd,IOSPD_II06,total,Registro digital reclamação CDC (IOSPD II.6),indice_0_10,uf,100.0,2025
MS,2,Qualidade dos Serviços Digitais,iospd/IOSPD_II07,iospd,IOSPD_II07,total,Solicitação online 2ª via RG (IOSPD II.7),indice_0_10,uf,100.0,2025
MS,2,Qualidade dos Serviços Digitais,iospd/IOSPD_II08,iospd,IOSPD_II08,total,Boletim de ocorrência online violência doméstica (IOSPD II.8),indice_0_10,uf,100.0,2025
MS,2,Qualidade dos Serviços Digitais,iospd/IOSPD_II09,iospd,IOSPD_II09,total,Consulta online medicamentos disponíveis (IOSPD II.9),indice_0_10,uf,100.0,2025
MS,2,Qualidade dos Serviços Digitais,iospd/IOSPD_II10,iospd,IOSPD_II10,total,Emissão/envio de receita médica online (IOSPD II.10),indice_0_10,uf,100.0,2025
MS,2,Qualidade dos Serviços Digitais,iospd/IOSPD_II11,iospd,IOSPD_II11,total,Emissão online diplomas ensino médio (IOSPD II.11),indice_0_10,uf,0.0,2025
MS,2,Qualidade dos Serviços Digitais,iospd/IOSPD_II12,iospd,IOSPD_II12,total,Transferência online entre escolas estaduais (IOSPD II.12),indice_0_10,uf,100.0,2025
MS,2,Qualidade dos Serviços Digitais,iospd/IOSPD_III01a,iospd,IOSPD_III01a,total,Carta de Serviços normatizada (IOSPD III.1a),indice_0_10,uf,100.0,2025
MS,2,Qualidade dos Serviços Digitais,iospd/IOSPD_III01b,iospd,IOSPD_III01b,total,Ouvidorias Públicas normatizadas (IOSPD III.1b),indice_0_10,uf,100.0,2025
MS,2,Qualidade dos Serviços Digitais,iospd/IOSPD_III01c,iospd,IOSPD_III01c,total,Conselho de Usuários normatizado (IOSPD III.1c),indice_0_10,uf,100.0,2025
MS,2,Qualidade dos Serviços Digitais,iospd/IOSPD_III01d,iospd,IOSPD_III01d,total,Avaliação de Serviços Públicos normatizada (IOSPD III.1d),indice_0_10,uf,100.0,2025
MS,2,Qualidade dos Serviços Digitais,iospd/IOSPD_IV01,iospd,IOSPD_IV01,total,Tempos verbais 2ª/3ª pessoa (IOSPD IV.1),indice_0_10,uf,100.0,2025
MS,2,Qualidade dos Serviços Digitais,iospd/IOSPD_IV02,iospd,IOSPD_IV02,total,Frases curtas com ação única (IOSPD IV.2),indice_0_10,uf,100.0,2025
MS,2,Qualidade dos Serviços Digitais,iospd/IOSPD_IV03,iospd,IOSPD_IV03,total,Título objetivo e curto (IOSPD IV.3),indice_0_10,uf,80.0,2025
MS,2,Qualidade dos Serviços Digitais,iospd/IOSPD_IV04,iospd,IOSPD_IV04,total,Parágrafos curtos (IOSPD IV.4),indice_0_10,uf,100.0,2025
MS,2,Qualidade dos Serviços Digitais,iospd/IOSPD_IV05,iospd,IOSPD_IV05,total,Uso do tempo presente (IOSPD IV.5),indice_0_10,uf,100.0,2025
MS,2,Qualidade dos Serviços Digitais,iospd/IOSPD_IV06,iospd,IOSPD_IV06,total,Uso de caracteres especiais (IOSPD IV.6),indice_0_10,uf,100.0,2025
MS,2,Qualidade dos Serviços Digitais,iospd/IOSPD_IV07,iospd,IOSPD_IV07,total,Vocabulário de fácil entendimento (IOSPD IV.7),indice_0_10,uf,100.0,2025
MS,2,Qualidade dos Serviços Digitais,iospd/IOSPD_IV08,iospd,IOSPD_IV08,total,Aplicação da técnica de Linguagem Simples (IOSPD IV.8),indice_0_10,uf,100.0,2025
MS,2,Qualidade dos Serviços Digitais,iospd/IOSPD_IV09,iospd,IOSPD_IV09,total,Mecanismo de melhoria na apresentação (IOSPD IV.9),indice_0_10,uf,100.0,2025
MS,2,Qualidade dos Serviços Digitais,iospd/IOSPD_V01,iospd,IOSPD_V01,total,Aplicativo móvel para portal de serviços (IOSPD V.1),indice_0_10,uf,0.0,2025
MS,2,Qualidade dos Serviços Digitais,iospd/IOSPD_V03,iospd,IOSPD_V03,total,Pagamento por PIX/cartão digital (IOSPD V.3),indice_0_10,uf,66.7,2025
MS,2,Qualidade dos Serviços Digitais,iospd/IOSPD_V04,iospd,IOSPD_V04,total,Ambiente autenticado e personalizado de serviços (IOSPD V.4),indice_0_10,uf,100.0,2025
MS,2,Qualidade dos Serviços Digitais,iospd/IOSPD_V05,iospd,IOSPD_V05,total,Licenciamento de veículo com pagamento eletrônico (IOSPD V.5),indice_0_10,uf,100.0,2025
MS,2,Qualidade dos Serviços Digitais,iospd/IOSPD_V06,iospd,IOSPD_V06,total,Certidão Negativa Estadual online (IOSPD V.6),indice_0_10,uf,100.0,2025
MS,2,Qualidade dos Serviços Digitais,iospd/IOSPD_V08,iospd,IOSPD_V08,total,Transferência digital de veículos (IOSPD V.8),indice_0_10,uf,100.0,2025
MS,2,Qualidade dos Serviços Digitais,iospd/IOSPD_V09,iospd,IOSPD_V09,total,Acessibilidade da plataforma digital (IOSPD V.9),indice_0_10,uf,100.0,2025
MS,2,Qualidade dos Serviços Digitais,estadic/ESTADIC_ACESSIBILIDADE,estadic,ESTADIC_ACESSIBILIDADE,total,Acessibilidade da página e serviços eletrônicos,prop_0_100,governo_estadual,44.44,2024
MS,2,Qualidade dos Serviços Digitais,estadic/ESTADIC_ATEND_DISTANCIA,estadic,ESTADIC_ATEND_DISTANCIA,total,Formas de atendimento a distância ao cidadão,prop_0_100,governo_estadual,87.5,2024
MS,2,Qualidade dos Serviços Digitais,estadic/ESTADIC_ATIV_REDES,estadic,ESTADIC_ATIV_REDES,total,Atividades do governo nas redes sociais nos últimos 12 meses,prop_0_100,governo_estadual,66.67,2024
MS,2,Qualidade dos Serviços Digitais,estadic/ESTADIC_BILHETE_UNICO,estadic,ESTADIC_BILHETE_UNICO,total,Bilhete único para uso de transporte público,prop_0_100,governo_estadual,100.0,2024
MS,2,Qualidade dos Serviços Digitais,estadic/ESTADIC_FREQ_REDES,estadic,ESTADIC_FREQ_REDES,total,Frequência de atualização do conteúdo nas redes sociais,prop_0_100,governo_estadual,100.0,2024
MS,2,Qualidade dos Serviços Digitais,estadic/ESTADIC_MODELO_ACESS,estadic,ESTADIC_MODELO_ACESS,total,Modelo de acessibilidade adotado,prop_0_100,governo_estadual,50.0,2024
MS,2,Qualidade dos Serviços Digitais,estadic/ESTADIC_REDES_SOCIAIS,estadic,ESTADIC_REDES_SOCIAIS,total,Plataformas de rede social do governo estadual,prop_0_100,governo_estadual,66.67,2024
MS,2,Qualidade dos Serviços Digitais,estadic/ESTADIC_SERV_CELULAR,estadic,ESTADIC_SERV_CELULAR,total,Serviços disponibilizados por celular/smartphone,prop_0_100,governo_estadual,57.14,2024
MS,2,Qualidade dos Serviços Digitais,estadic/ESTADIC_SERV_INFORMATIVOS,estadic,ESTADIC_SERV_INFORMATIVOS,total,Serviços informativos disponibilizados na página da internet,prop_0_100,governo_estadual,87.5,2024
MS,2,Qualidade dos Serviços Digitais,estadic/ESTADIC_SERV_TRANSACIONAIS,estadic,ESTADIC_SERV_TRANSACIONAIS,total,Serviços transacionais disponibilizados na página da internet,prop_0_100,governo_estadual,69.23,2024
MS,3,Identificação Única,iospd/IOSPD_I09,iospd,IOSPD_I09,total,Assinatura eletrônica Gov.br (IOSPD I.9),indice_0_10,uf,33.3,2025
MS,3,Identificação Única,iospd/IOSPD_V07,iospd,IOSPD_V07,total,Emissão da CIN — Carteira de Identidade Nacional (IOSPD V.7),indice_0_10,uf,100.0,2025
MS,4,Segurança e LGPD,iospd/IOSPD_III07,iospd,IOSPD_III07,total,Consentimento LGPD no portal (IOSPD III.7),indice_0_10,uf,100.0,2025
MS,4,Segurança e LGPD,estadic/ESTADIC_LGPD_CANAL_TITULAR,estadic,ESTADIC_LGPD_CANAL_TITULAR,total,Canal internet para titulares de dados (LGPD),prop_0_100,governo_estadual,100.0,2024
MS,4,Segurança e LGPD,estadic/ESTADIC_LGPD_CAPACIT,estadic,ESTADIC_LGPD_CAPACIT,total,Cursos segurança da informação e proteção de dados para servidores,prop_0_100,governo_estadual,0.0,2024
MS,4,Segurança e LGPD,estadic/ESTADIC_LGPD_REGULAMENT,estadic,ESTADIC_LGPD_REGULAMENT,total,Regulamentação estadual específica sobre LGPD,prop_0_100,governo_estadual,100.0,2024
MS,4,Segurança e LGPD,estadic/ESTADIC_LGPD_RESP,estadic,ESTADIC_LGPD_RESP,total,Responsável LGPD designado,prop_0_100,governo_estadual,100.0,2024
MS,5,Dados e Interoperabilidade,iospd/IOSPD_I05,iospd,IOSPD_I05,total,Governança de dados (IOSPD I.5),indice_0_10,uf,0.0,2025
MS,5,Dados e Interoperabilidade,estadic/ESTADIC_FORMATO_DADOS,estadic,ESTADIC_FORMATO_DADOS,total,Formato de publicação dos dados da administração estadual,prop_0_100,governo_estadual,67.86,2024
MS,6,Infraestrutura,estadic/ESTADIC_INCLUSAO_PROGRAMA,estadic,ESTADIC_INCLUSAO_PROGRAMA,total,Desenvolve programa ou ação de inclusão digital,prop_0_100,governo_estadual,100.0,2024
MS,6,Infraestrutura,estadic/ESTADIC_WIFI_EXISTE,estadic,ESTADIC_WIFI_EXISTE,total,Disponibiliza acesso por conexão Wi-Fi pública,prop_0_100,governo_estadual,100.0,2024
MS,7,Inovação e Tecnologias Emergentes,iospd/IOSPD_III06,iospd,IOSPD_III06,total,Laboratório de Inovação em Governo (IOSPD III.6),indice_0_10,uf,100.0,2025
MS,7,Inovação e Tecnologias Emergentes,iospd/IOSPD_V02,iospd,IOSPD_V02,total,Uso de IA/ciência de dados em serviço público (IOSPD V.2),indice_0_10,uf,100.0,2025
MS,7,Inovação e Tecnologias Emergentes,estadic/ESTADIC_CAPACIT_EMPREEND,estadic,ESTADIC_CAPACIT_EMPREEND,total,Capacitação para empreendedorismo digital,prop_0_100,governo_estadual,100.0,2024
MS,7,Inovação e Tecnologias Emergentes,estadic/ESTADIC_ESPACO_INOVACAO,estadic,ESTADIC_ESPACO_INOVACAO,total,"Espaços de inovação, coworking ou espaços compartilhados",prop_0_100,governo_estadual,100.0,2024
MS,7,Inovação e Tecnologias Emergentes,estadic/ESTADIC_PREMIO_INOVACAO,estadic,ESTADIC_PREMIO_INOVACAO,total,Prêmio ou edital para empresas inovadoras e projetos criativos,prop_0_100,governo_estadual,100.0,2024
MS,8,Eficiência e Processos,iospd/IOSPD_III02,iospd,IOSPD_III02,total,Grupos de desburocratização regulamentados (IOSPD III.2),indice_0_10,uf,100.0,2025
MS,9,Transparência e Participação,iospd/IOSPD_I11,iospd,IOSPD_I11,total,Cartas de Serviços na Base Nacional (IOSPD I.11),indice_0_10,uf,100.0,2025
MS,9,Transparência e Participação,estadic/ESTADIC_CONSELHO_TRANSP,estadic,ESTADIC_CONSELHO_TRANSP,total,Conselho Estadual de Transparência ou similar,prop_0_100,governo_estadual,100.0,2024
MS,9,Transparência e Participação,estadic/ESTADIC_CTRL_INT_ONLINE,estadic,ESTADIC_CTRL_INT_ONLINE,total,Informações do controle interno publicadas na internet,prop_0_100,governo_estadual,100.0,2024
MS,9,Transparência e Participação,estadic/ESTADIC_LAI_CONTEUDO,estadic,ESTADIC_LAI_CONTEUDO,total,Conteúdo da legislação estadual de acesso à informação (LAI),prop_0_100,governo_estadual,100.0,2024
MS,9,Transparência e Participação,estadic/ESTADIC_LAI_MEIOS,estadic,ESTADIC_LAI_MEIOS,total,Meios de solicitação de acesso à informação pública,prop_0_100,governo_estadual,83.33,2024
MS,9,Transparência e Participação,estadic/ESTADIC_ORCAM_TEMPO_REAL,estadic,ESTADIC_ORCAM_TEMPO_REAL,total,Disponibiliza informações orçamentárias/financeiras em tempo real,prop_0_100,governo_estadual,100.0,2024
MS,9,Transparência e Participação,estadic/ESTADIC_PARTICIP_INTERNET,estadic,ESTADIC_PARTICIP_INTERNET,total,Formas de participação do cidadão pela internet,prop_0_100,governo_estadual,80.0,2024
MS,9,Transparência e Participação,estadic/ESTADIC_PORTAL_TRANSP,estadic,ESTADIC_PORTAL_TRANSP,total,Portal da transparência e portal de dados abertos,prop_0_100,governo_estadual,66.67,2024
MS,9,Transparência e Participação,estadic/ESTADIC_TRANSP_CONTEUDO,estadic,ESTADIC_TRANSP_CONTEUDO,total,Conteúdo da página internet / portal da transparência,prop_0_100,governo_estadual,72.73,2024
MT,1,Governança do Governo Digital,iospd/IOSPD_I10,iospd,IOSPD_I10,total,Estratégia de governo digital (IOSPD I.10),indice_0_10,uf,100.0,2025
MT,2,Qualidade dos Serviços Digitais,iospd/IOSPD_I01,iospd,IOSPD_I01,total,Portal único ou de serviços (IOSPD I.1),indice_0_10,uf,100.0,2025
MT,2,Qualidade dos Serviços Digitais,iospd/IOSPD_I03,iospd,IOSPD_I03,total,Agendamento digital unificado (IOSPD I.3),indice_0_10,uf,100.0,2025
MT,2,Qualidade dos Serviços Digitais,iospd/IOSPD_I04,iospd,IOSPD_I04,total,Avaliação de satisfação dos usuários (IOSPD I.4),indice_0_10,uf,100.0,2025
MT,2,Qualidade dos Serviços Digitais,iospd/IOSPD_I06,iospd,IOSPD_I06,total,Gestão de cadastro e perfil do cidadão (IOSPD I.6),indice_0_10,uf,100.0,2025
MT,2,Qualidade dos Serviços Digitais,iospd/IOSPD_I07,iospd,IOSPD_I07,total,Ouvidoria integrada ao portal (IOSPD I.7),indice_0_10,uf,100.0,2025
MT,2,Qualidade dos Serviços Digitais,iospd/IOSPD_I08,iospd,IOSPD_I08,total,Simplificação de serviços online (IOSPD I.8),indice_0_10,uf,100.0,2025
MT,2,Qualidade dos Serviços Digitais,iospd/IOSPD_I12,iospd,IOSPD_I12,total,Ferramenta digital integrada de atendimento (IOSPD I.12),indice_0_10,uf,100.0,2025
MT,2,Qualidade dos Serviços Digitais,iospd/IOSPD_II01,iospd,IOSPD_II01,total,Rematrícula online escolas estaduais (IOSPD II.1),indice_0_10,uf,100.0,2025
MT,2,Qualidade dos Serviços Digitais,iospd/IOSPD_II02,iospd,IOSPD_II02,total,Solicitação de medicamento de alto custo digital (IOSPD II.2),indice_0_10,uf,100.0,2025
MT,2,Qualidade dos Serviços Digitais,iospd/IOSPD_II03,iospd,IOSPD_II03,total,Tele-atendimento saúde por videoconferência (IOSPD II.3),indice_0_10,uf,100.0,2025
MT,2,Qualidade dos Serviços Digitais,iospd/IOSPD_II04,iospd,IOSPD_II04,total,Prova de vida online (IOSPD II.4),indice_0_10,uf,100.0,2025
MT,2,Qualidade dos Serviços Digitais,iospd/IOSPD_II05,iospd,IOSPD_II05,total,Recurso/defesa online infrações de trânsito (IOSPD II.5),indice_0_10,uf,100.0,2025
MT,2,Qualidade dos Serviços Digitais,iospd/IOSPD_II06,iospd,IOSPD_II06,total,Registro digital reclamação CDC (IOSPD II.6),indice_0_10,uf,100.0,2025
MT,2,Qualidade dos Serviços Digitais,iospd/IOSPD_II07,iospd,IOSPD_II07,total,Solicitação online 2ª via RG (IOSPD II.7),indice_0_10,uf,100.0,2025
MT,2,Qualidade dos Serviços Digitais,iospd/IOSPD_II08,iospd,IOSPD_II08,total,Boletim de ocorrência online violência doméstica (IOSPD II.8),indice_0_10,uf,100.0,2025
MT,2,Qualidade dos Serviços Digitais,iospd/IOSPD_II09,iospd,IOSPD_II09,total,Consulta online medicamentos disponíveis (IOSPD II.9),indice_0_10,uf,100.0,2025
MT,2,Qualidade dos Serviços Digitais,iospd/IOSPD_II10,iospd,IOSPD_II10,total,Emissão/envio de receita médica online (IOSPD II.10),indice_0_10,uf,0.0,2025
MT,2,Qualidade dos Serviços Digitais,iospd/IOSPD_II11,iospd,IOSPD_II11,total,Emissão online diplomas ensino médio (IOSPD II.11),indice_0_10,uf,0.0,2025
MT,2,Qualidade dos Serviços Digitais,iospd/IOSPD_II12,iospd,IOSPD_II12,total,Transferência online entre escolas estaduais (IOSPD II.12),indice_0_10,uf,100.0,2025
MT,2,Qualidade dos Serviços Digitais,iospd/IOSPD_III01a,iospd,IOSPD_III01a,total,Carta de Serviços normatizada (IOSPD III.1a),indice_0_10,uf,100.0,2025
MT,2,Qualidade dos Serviços Digitais,iospd/IOSPD_III01b,iospd,IOSPD_III01b,total,Ouvidorias Públicas normatizadas (IOSPD III.1b),indice_0_10,uf,100.0,2025
MT,2,Qualidade dos Serviços Digitais,iospd/IOSPD_III01c,iospd,IOSPD_III01c,total,Conselho de Usuários normatizado (IOSPD III.1c),indice_0_10,uf,100.0,2025
MT,2,Qualidade dos Serviços Digitais,iospd/IOSPD_III01d,iospd,IOSPD_III01d,total,Avaliação de Serviços Públicos normatizada (IOSPD III.1d),indice_0_10,uf,100.0,2025
MT,2,Qualidade dos Serviços Digitais,iospd/IOSPD_IV01,iospd,IOSPD_IV01,total,Tempos verbais 2ª/3ª pessoa (IOSPD IV.1),indice_0_10,uf,100.0,2025
MT,2,Qualidade dos Serviços Digitais,iospd/IOSPD_IV02,iospd,IOSPD_IV02,total,Frases curtas com ação única (IOSPD IV.2),indice_0_10,uf,100.0,2025
MT,2,Qualidade dos Serviços Digitais,iospd/IOSPD_IV03,iospd,IOSPD_IV03,total,Título objetivo e curto (IOSPD IV.3),indice_0_10,uf,100.0,2025
MT,2,Qualidade dos Serviços Digitais,iospd/IOSPD_IV04,iospd,IOSPD_IV04,total,Parágrafos curtos (IOSPD IV.4),indice_0_10,uf,100.0,2025
MT,2,Qualidade dos Serviços Digitais,iospd/IOSPD_IV05,iospd,IOSPD_IV05,total,Uso do tempo presente (IOSPD IV.5),indice_0_10,uf,100.0,2025
MT,2,Qualidade dos Serviços Digitais,iospd/IOSPD_IV06,iospd,IOSPD_IV06,total,Uso de caracteres especiais (IOSPD IV.6),indice_0_10,uf,100.0,2025
MT,2,Qualidade dos Serviços Digitais,iospd/IOSPD_IV07,iospd,IOSPD_IV07,total,Vocabulário de fácil entendimento (IOSPD IV.7),indice_0_10,uf,80.0,2025
MT,2,Qualidade dos Serviços Digitais,iospd/IOSPD_IV08,iospd,IOSPD_IV08,total,Aplicação da técnica de Linguagem Simples (IOSPD IV.8),indice_0_10,uf,0.0,2025
MT,2,Qualidade dos Serviços Digitais,iospd/IOSPD_IV09,iospd,IOSPD_IV09,total,Mecanismo de melhoria na apresentação (IOSPD IV.9),indice_0_10,uf,100.0,2025
MT,2,Qualidade dos Serviços Digitais,iospd/IOSPD_V01,iospd,IOSPD_V01,total,Aplicativo móvel para portal de serviços (IOSPD V.1),indice_0_10,uf,100.0,2025
MT,2,Qualidade dos Serviços Digitais,iospd/IOSPD_V03,iospd,IOSPD_V03,total,Pagamento por PIX/cartão digital (IOSPD V.3),indice_0_10,uf,66.7,2025
MT,2,Qualidade dos Serviços Digitais,iospd/IOSPD_V04,iospd,IOSPD_V04,total,Ambiente autenticado e personalizado de serviços (IOSPD V.4),indice_0_10,uf,100.0,2025
MT,2,Qualidade dos Serviços Digitais,iospd/IOSPD_V05,iospd,IOSPD_V05,total,Licenciamento de veículo com pagamento eletrônico (IOSPD V.5),indice_0_10,uf,100.0,2025
MT,2,Qualidade dos Serviços Digitais,iospd/IOSPD_V06,iospd,IOSPD_V06,total,Certidão Negativa Estadual online (IOSPD V.6),indice_0_10,uf,100.0,2025
MT,2,Qualidade dos Serviços Digitais,iospd/IOSPD_V08,iospd,IOSPD_V08,total,Transferência digital de veículos (IOSPD V.8),indice_0_10,uf,100.0,2025
MT,2,Qualidade dos Serviços Digitais,iospd/IOSPD_V09,iospd,IOSPD_V09,total,Acessibilidade da plataforma digital (IOSPD V.9),indice_0_10,uf,100.0,2025
MT,2,Qualidade dos Serviços Digitais,estadic/ESTADIC_ACESSIBILIDADE,estadic,ESTADIC_ACESSIBILIDADE,total,Acessibilidade da página e serviços eletrônicos,prop_0_100,governo_estadual,11.11,2024
MT,2,Qualidade dos Serviços Digitais,estadic/ESTADIC_ATEND_DISTANCIA,estadic,ESTADIC_ATEND_DISTANCIA,total,Formas de atendimento a distância ao cidadão,prop_0_100,governo_estadual,50.0,2024
MT,2,Qualidade dos Serviços Digitais,estadic/ESTADIC_ATIV_REDES,estadic,ESTADIC_ATIV_REDES,total,Atividades do governo nas redes sociais nos últimos 12 meses,prop_0_100,governo_estadual,66.67,2024
MT,2,Qualidade dos Serviços Digitais,estadic/ESTADIC_BILHETE_UNICO,estadic,ESTADIC_BILHETE_UNICO,total,Bilhete único para uso de transporte público,prop_0_100,governo_estadual,0.0,2024
MT,2,Qualidade dos Serviços Digitais,estadic/ESTADIC_FREQ_REDES,estadic,ESTADIC_FREQ_REDES,total,Frequência de atualização do conteúdo nas redes sociais,prop_0_100,governo_estadual,100.0,2024
MT,2,Qualidade dos Serviços Digitais,estadic/ESTADIC_MODELO_ACESS,estadic,ESTADIC_MODELO_ACESS,total,Modelo de acessibilidade adotado,prop_0_100,governo_estadual,50.0,2024
MT,2,Qualidade dos Serviços Digitais,estadic/ESTADIC_REDES_SOCIAIS,estadic,ESTADIC_REDES_SOCIAIS,total,Plataformas de rede social do governo estadual,prop_0_100,governo_estadual,66.67,2024
MT,2,Qualidade dos Serviços Digitais,estadic/ESTADIC_SERV_CELULAR,estadic,ESTADIC_SERV_CELULAR,total,Serviços disponibilizados por celular/smartphone,prop_0_100,governo_estadual,57.14,2024
MT,2,Qualidade dos Serviços Digitais,estadic/ESTADIC_SERV_INFORMATIVOS,estadic,ESTADIC_SERV_INFORMATIVOS,total,Serviços informativos disponibilizados na página da internet,prop_0_100,governo_estadual,87.5,2024
MT,2,Qualidade dos Serviços Digitais,estadic/ESTADIC_SERV_TRANSACIONAIS,estadic,ESTADIC_SERV_TRANSACIONAIS,total,Serviços transacionais disponibilizados na página da internet,prop_0_100,governo_estadual,69.23,2024
MT,3,Identificação Única,iospd/IOSPD_I09,iospd,IOSPD_I09,total,Assinatura eletrônica Gov.br (IOSPD I.9),indice_0_10,uf,100.0,2025
MT,3,Identificação Única,iospd/IOSPD_V07,iospd,IOSPD_V07,total,Emissão da CIN — Carteira de Identidade Nacional (IOSPD V.7),indice_0_10,uf,100.0,2025
MT,4,Segurança e LGPD,iospd/IOSPD_III07,iospd,IOSPD_III07,total,Consentimento LGPD no portal (IOSPD III.7),indice_0_10,uf,100.0,2025
MT,4,Segurança e LGPD,estadic/ESTADIC_LGPD_CANAL_TITULAR,estadic,ESTADIC_LGPD_CANAL_TITULAR,total,Canal internet para titulares de dados (LGPD),prop_0_100,governo_estadual,0.0,2024
MT,4,Segurança e LGPD,estadic/ESTADIC_LGPD_CAPACIT,estadic,ESTADIC_LGPD_CAPACIT,total,Cursos segurança da informação e proteção de dados para servidores,prop_0_100,governo_estadual,0.0,2024
MT,4,Segurança e LGPD,estadic/ESTADIC_LGPD_REGULAMENT,estadic,ESTADIC_LGPD_REGULAMENT,total,Regulamentação estadual específica sobre LGPD,prop_0_100,governo_estadual,0.0,2024
MT,4,Segurança e LGPD,estadic/ESTADIC_LGPD_RESP,estadic,ESTADIC_LGPD_RESP,total,Responsável LGPD designado,prop_0_100,governo_estadual,0.0,2024
MT,5,Dados e Interoperabilidade,iospd/IOSPD_I05,iospd,IOSPD_I05,total,Governança de dados (IOSPD I.5),indice_0_10,uf,100.0,2025
MT,5,Dados e Interoperabilidade,estadic/ESTADIC_FORMATO_DADOS,estadic,ESTADIC_FORMATO_DADOS,total,Formato de publicação dos dados da administração estadual,prop_0_100,governo_estadual,25.0,2024
MT,6,Infraestrutura,estadic/ESTADIC_INCLUSAO_PROGRAMA,estadic,ESTADIC_INCLUSAO_PROGRAMA,total,Desenvolve programa ou ação de inclusão digital,prop_0_100,governo_estadual,0.0,2024
MT,6,Infraestrutura,estadic/ESTADIC_WIFI_EXISTE,estadic,ESTADIC_WIFI_EXISTE,total,Disponibiliza acesso por conexão Wi-Fi pública,prop_0_100,governo_estadual,100.0,2024
MT,7,Inovação e Tecnologias Emergentes,iospd/IOSPD_III06,iospd,IOSPD_III06,total,Laboratório de Inovação em Governo (IOSPD III.6),indice_0_10,uf,100.0,2025
MT,7,Inovação e Tecnologias Emergentes,iospd/IOSPD_V02,iospd,IOSPD_V02,total,Uso de IA/ciência de dados em serviço público (IOSPD V.2),indice_0_10,uf,100.0,2025
MT,7,Inovação e Tecnologias Emergentes,estadic/ESTADIC_CAPACIT_EMPREEND,estadic,ESTADIC_CAPACIT_EMPREEND,total,Capacitação para empreendedorismo digital,prop_0_100,governo_estadual,100.0,2024
MT,7,Inovação e Tecnologias Emergentes,estadic/ESTADIC_ESPACO_INOVACAO,estadic,ESTADIC_ESPACO_INOVACAO,total,"Espaços de inovação, coworking ou espaços compartilhados",prop_0_100,governo_estadual,0.0,2024
MT,7,Inovação e Tecnologias Emergentes,estadic/ESTADIC_PREMIO_INOVACAO,estadic,ESTADIC_PREMIO_INOVACAO,total,Prêmio ou edital para empresas inovadoras e projetos criativos,prop_0_100,governo_estadual,100.0,2024
MT,8,Eficiência e Processos,iospd/IOSPD_III02,iospd,IOSPD_III02,total,Grupos de desburocratização regulamentados (IOSPD III.2),indice_0_10,uf,100.0,2025
MT,9,Transparência e Participação,iospd/IOSPD_I11,iospd,IOSPD_I11,total,Cartas de Serviços na Base Nacional (IOSPD I.11),indice_0_10,uf,100.0,2025
MT,9,Transparência e Participação,estadic/ESTADIC_CONSELHO_TRANSP,estadic,ESTADIC_CONSELHO_TRANSP,total,Conselho Estadual de Transparência ou similar,prop_0_100,governo_estadual,100.0,2024
MT,9,Transparência e Participação,estadic/ESTADIC_CTRL_INT_ONLINE,estadic,ESTADIC_CTRL_INT_ONLINE,total,Informações do controle interno publicadas na internet,prop_0_100,governo_estadual,75.0,2024
MT,9,Transparência e Participação,estadic/ESTADIC_LAI_CONTEUDO,estadic,ESTADIC_LAI_CONTEUDO,total,Conteúdo da legislação estadual de acesso à informação (LAI),prop_0_100,governo_estadual,62.5,2024
MT,9,Transparência e Participação,estadic/ESTADIC_LAI_MEIOS,estadic,ESTADIC_LAI_MEIOS,total,Meios de solicitação de acesso à informação pública,prop_0_100,governo_estadual,16.67,2024
MT,9,Transparência e Participação,estadic/ESTADIC_ORCAM_TEMPO_REAL,estadic,ESTADIC_ORCAM_TEMPO_REAL,total,Disponibiliza informações orçamentárias/financeiras em tempo real,prop_0_100,governo_estadual,0.0,2024
MT,9,Transparência e Participação,estadic/ESTADIC_PARTICIP_INTERNET,estadic,ESTADIC_PARTICIP_INTERNET,total,Formas de participação do cidadão pela internet,prop_0_100,governo_estadual,40.0,2024
MT,9,Transparência e Participação,estadic/ESTADIC_PORTAL_TRANSP,estadic,ESTADIC_PORTAL_TRANSP,total,Portal da transparência e portal de dados abertos,prop_0_100,governo_estadual,33.33,2024
MT,9,Transparência e Participação,estadic/ESTADIC_TRANSP_CONTEUDO,estadic,ESTADIC_TRANSP_CONTEUDO,total,Conteúdo da página internet / portal da transparência,prop_0_100,governo_estadual,63.64,2024
GO,1,Governança do Governo Digital,iospd/IOSPD_I10,iospd,IOSPD_I10,total,Estratégia de governo digital (IOSPD I.10),indice_0_10,uf,100.0,2025
GO,2,Qualidade dos Serviços Digitais,iospd/IOSPD_I01,iospd,IOSPD_I01,total,Portal único ou de serviços (IOSPD I.1),indice_0_10,uf,100.0,2025
GO,2,Qualidade dos Serviços Digitais,iospd/IOSPD_I03,iospd,IOSPD_I03,total,Agendamento digital unificado (IOSPD I.3),indice_0_10,uf,100.0,2025
GO,2,Qualidade dos Serviços Digitais,iospd/IOSPD_I04,iospd,IOSPD_I04,total,Avaliação de satisfação dos usuários (IOSPD I.4),indice_0_10,uf,100.0,2025
GO,2,Qualidade dos Serviços Digitais,iospd/IOSPD_I06,iospd,IOSPD_I06,total,Gestão de cadastro e perfil do cidadão (IOSPD I.6),indice_0_10,uf,100.0,2025
GO,2,Qualidade dos Serviços Digitais,iospd/IOSPD_I07,iospd,IOSPD_I07,total,Ouvidoria integrada ao portal (IOSPD I.7),indice_0_10,uf,100.0,2025
GO,2,Qualidade dos Serviços Digitais,iospd/IOSPD_I08,iospd,IOSPD_I08,total,Simplificação de serviços online (IOSPD I.8),indice_0_10,uf,100.0,2025
GO,2,Qualidade dos Serviços Digitais,iospd/IOSPD_I12,iospd,IOSPD_I12,total,Ferramenta digital integrada de atendimento (IOSPD I.12),indice_0_10,uf,100.0,2025
GO,2,Qualidade dos Serviços Digitais,iospd/IOSPD_II01,iospd,IOSPD_II01,total,Rematrícula online escolas estaduais (IOSPD II.1),indice_0_10,uf,100.0,2025
GO,2,Qualidade dos Serviços Digitais,iospd/IOSPD_II02,iospd,IOSPD_II02,total,Solicitação de medicamento de alto custo digital (IOSPD II.2),indice_0_10,uf,100.0,2025
GO,2,Qualidade dos Serviços Digitais,iospd/IOSPD_II03,iospd,IOSPD_II03,total,Tele-atendimento saúde por videoconferência (IOSPD II.3),indice_0_10,uf,100.0,2025
GO,2,Qualidade dos Serviços Digitais,iospd/IOSPD_II04,iospd,IOSPD_II04,total,Prova de vida online (IOSPD II.4),indice_0_10,uf,100.0,2025
GO,2,Qualidade dos Serviços Digitais,iospd/IOSPD_II05,iospd,IOSPD_II05,total,Recurso/defesa online infrações de trânsito (IOSPD II.5),indice_0_10,uf,100.0,2025
GO,2,Qualidade dos Serviços Digitais,iospd/IOSPD_II06,iospd,IOSPD_II06,total,Registro digital reclamação CDC (IOSPD II.6),indice_0_10,uf,100.0,2025
GO,2,Qualidade dos Serviços Digitais,iospd/IOSPD_II07,iospd,IOSPD_II07,total,Solicitação online 2ª via RG (IOSPD II.7),indice_0_10,uf,100.0,2025
GO,2,Qualidade dos Serviços Digitais,iospd/IOSPD_II08,iospd,IOSPD_II08,total,Boletim de ocorrência online violência doméstica (IOSPD II.8),indice_0_10,uf,0.0,2025
GO,2,Qualidade dos Serviços Digitais,iospd/IOSPD_II09,iospd,IOSPD_II09,total,Consulta online medicamentos disponíveis (IOSPD II.9),indice_0_10,uf,100.0,2025
GO,2,Qualidade dos Serviços Digitais,iospd/IOSPD_II10,iospd,IOSPD_II10,total,Emissão/envio de receita médica online (IOSPD II.10),indice_0_10,uf,100.0,2025
GO,2,Qualidade dos Serviços Digitais,iospd/IOSPD_II11,iospd,IOSPD_II11,total,Emissão online diplomas ensino médio (IOSPD II.11),indice_0_10,uf,100.0,2025
GO,2,Qualidade dos Serviços Digitais,iospd/IOSPD_II12,iospd,IOSPD_II12,total,Transferência online entre escolas estaduais (IOSPD II.12),indice_0_10,uf,100.0,2025
GO,2,Qualidade dos Serviços Digitais,iospd/IOSPD_III01a,iospd,IOSPD_III01a,total,Carta de Serviços normatizada (IOSPD III.1a),indice_0_10,uf,100.0,2025
GO,2,Qualidade dos Serviços Digitais,iospd/IOSPD_III01b,iospd,IOSPD_III01b,total,Ouvidorias Públicas normatizadas (IOSPD III.1b),indice_0_10,uf,100.0,2025
GO,2,Qualidade dos Serviços Digitais,iospd/IOSPD_III01c,iospd,IOSPD_III01c,total,Conselho de Usuários normatizado (IOSPD III.1c),indice_0_10,uf,100.0,2025
GO,2,Qualidade dos Serviços Digitais,iospd/IOSPD_III01d,iospd,IOSPD_III01d,total,Avaliação de Serviços Públicos normatizada (IOSPD III.1d),indice_0_10,uf,100.0,2025
GO,2,Qualidade dos Serviços Digitais,iospd/IOSPD_IV01,iospd,IOSPD_IV01,total,Tempos verbais 2ª/3ª pessoa (IOSPD IV.1),indice_0_10,uf,100.0,2025
GO,2,Qualidade dos Serviços Digitais,iospd/IOSPD_IV02,iospd,IOSPD_IV02,total,Frases curtas com ação única (IOSPD IV.2),indice_0_10,uf,100.0,2025
GO,2,Qualidade dos Serviços Digitais,iospd/IOSPD_IV03,iospd,IOSPD_IV03,total,Título objetivo e curto (IOSPD IV.3),indice_0_10,uf,100.0,2025
GO,2,Qualidade dos Serviços Digitais,iospd/IOSPD_IV04,iospd,IOSPD_IV04,total,Parágrafos curtos (IOSPD IV.4),indice_0_10,uf,100.0,2025
GO,2,Qualidade dos Serviços Digitais,iospd/IOSPD_IV05,iospd,IOSPD_IV05,total,Uso do tempo presente (IOSPD IV.5),indice_0_10,uf,100.0,2025
GO,2,Qualidade dos Serviços Digitais,iospd/IOSPD_IV06,iospd,IOSPD_IV06,total,Uso de caracteres especiais (IOSPD IV.6),indice_0_10,uf,100.0,2025
GO,2,Qualidade dos Serviços Digitais,iospd/IOSPD_IV07,iospd,IOSPD_IV07,total,Vocabulário de fácil entendimento (IOSPD IV.7),indice_0_10,uf,100.0,2025
GO,2,Qualidade dos Serviços Digitais,iospd/IOSPD_IV08,iospd,IOSPD_IV08,total,Aplicação da técnica de Linguagem Simples (IOSPD IV.8),indice_0_10,uf,100.0,2025
GO,2,Qualidade dos Serviços Digitais,iospd/IOSPD_IV09,iospd,IOSPD_IV09,total,Mecanismo de melhoria na apresentação (IOSPD IV.9),indice_0_10,uf,100.0,2025
GO,2,Qualidade dos Serviços Digitais,iospd/IOSPD_V01,iospd,IOSPD_V01,total,Aplicativo móvel para portal de serviços (IOSPD V.1),indice_0_10,uf,100.0,2025
GO,2,Qualidade dos Serviços Digitais,iospd/IOSPD_V03,iospd,IOSPD_V03,total,Pagamento por PIX/cartão digital (IOSPD V.3),indice_0_10,uf,100.0,2025
GO,2,Qualidade dos Serviços Digitais,iospd/IOSPD_V04,iospd,IOSPD_V04,total,Ambiente autenticado e personalizado de serviços (IOSPD V.4),indice_0_10,uf,100.0,2025
GO,2,Qualidade dos Serviços Digitais,iospd/IOSPD_V05,iospd,IOSPD_V05,total,Licenciamento de veículo com pagamento eletrônico (IOSPD V.5),indice_0_10,uf,100.0,2025
GO,2,Qualidade dos Serviços Digitais,iospd/IOSPD_V06,iospd,IOSPD_V06,total,Certidão Negativa Estadual online (IOSPD V.6),indice_0_10,uf,0.0,2025
GO,2,Qualidade dos Serviços Digitais,iospd/IOSPD_V08,iospd,IOSPD_V08,total,Transferência digital de veículos (IOSPD V.8),indice_0_10,uf,0.0,2025
GO,2,Qualidade dos Serviços Digitais,iospd/IOSPD_V09,iospd,IOSPD_V09,total,Acessibilidade da plataforma digital (IOSPD V.9),indice_0_10,uf,66.7,2025
GO,2,Qualidade dos Serviços Digitais,estadic/ESTADIC_ACESSIBILIDADE,estadic,ESTADIC_ACESSIBILIDADE,total,Acessibilidade da página e serviços eletrônicos,prop_0_100,governo_estadual,44.44,2024
GO,2,Qualidade dos Serviços Digitais,estadic/ESTADIC_ATEND_DISTANCIA,estadic,ESTADIC_ATEND_DISTANCIA,total,Formas de atendimento a distância ao cidadão,prop_0_100,governo_estadual,25.0,2024
GO,2,Qualidade dos Serviços Digitais,estadic/ESTADIC_ATIV_REDES,estadic,ESTADIC_ATIV_REDES,total,Atividades do governo nas redes sociais nos últimos 12 meses,prop_0_100,governo_estadual,66.67,2024
GO,2,Qualidade dos Serviços Digitais,estadic/ESTADIC_BILHETE_UNICO,estadic,ESTADIC_BILHETE_UNICO,total,Bilhete único para uso de transporte público,prop_0_100,governo_estadual,100.0,2024
GO,2,Qualidade dos Serviços Digitais,estadic/ESTADIC_FREQ_REDES,estadic,ESTADIC_FREQ_REDES,total,Frequência de atualização do conteúdo nas redes sociais,prop_0_100,governo_estadual,50.0,2024
GO,2,Qualidade dos Serviços Digitais,estadic/ESTADIC_MODELO_ACESS,estadic,ESTADIC_MODELO_ACESS,total,Modelo de acessibilidade adotado,prop_0_100,governo_estadual,75.0,2024
GO,2,Qualidade dos Serviços Digitais,estadic/ESTADIC_REDES_SOCIAIS,estadic,ESTADIC_REDES_SOCIAIS,total,Plataformas de rede social do governo estadual,prop_0_100,governo_estadual,66.67,2024
GO,2,Qualidade dos Serviços Digitais,estadic/ESTADIC_SERV_CELULAR,estadic,ESTADIC_SERV_CELULAR,total,Serviços disponibilizados por celular/smartphone,prop_0_100,governo_estadual,42.86,2024
GO,2,Qualidade dos Serviços Digitais,estadic/ESTADIC_SERV_INFORMATIVOS,estadic,ESTADIC_SERV_INFORMATIVOS,total,Serviços informativos disponibilizados na página da internet,prop_0_100,governo_estadual,87.5,2024
GO,2,Qualidade dos Serviços Digitais,estadic/ESTADIC_SERV_TRANSACIONAIS,estadic,ESTADIC_SERV_TRANSACIONAIS,total,Serviços transacionais disponibilizados na página da internet,prop_0_100,governo_estadual,92.31,2024
GO,3,Identificação Única,iospd/IOSPD_I09,iospd,IOSPD_I09,total,Assinatura eletrônica Gov.br (IOSPD I.9),indice_0_10,uf,100.0,2025
GO,3,Identificação Única,iospd/IOSPD_V07,iospd,IOSPD_V07,total,Emissão da CIN — Carteira de Identidade Nacional (IOSPD V.7),indice_0_10,uf,100.0,2025
GO,4,Segurança e LGPD,iospd/IOSPD_III07,iospd,IOSPD_III07,total,Consentimento LGPD no portal (IOSPD III.7),indice_0_10,uf,0.0,2025
GO,4,Segurança e LGPD,estadic/ESTADIC_LGPD_CANAL_TITULAR,estadic,ESTADIC_LGPD_CANAL_TITULAR,total,Canal internet para titulares de dados (LGPD),prop_0_100,governo_estadual,100.0,2024
GO,4,Segurança e LGPD,estadic/ESTADIC_LGPD_CAPACIT,estadic,ESTADIC_LGPD_CAPACIT,total,Cursos segurança da informação e proteção de dados para servidores,prop_0_100,governo_estadual,100.0,2024
GO,4,Segurança e LGPD,estadic/ESTADIC_LGPD_REGULAMENT,estadic,ESTADIC_LGPD_REGULAMENT,total,Regulamentação estadual específica sobre LGPD,prop_0_100,governo_estadual,100.0,2024
GO,4,Segurança e LGPD,estadic/ESTADIC_LGPD_RESP,estadic,ESTADIC_LGPD_RESP,total,Responsável LGPD designado,prop_0_100,governo_estadual,100.0,2024
GO,5,Dados e Interoperabilidade,iospd/IOSPD_I05,iospd,IOSPD_I05,total,Governança de dados (IOSPD I.5),indice_0_10,uf,100.0,2025
GO,5,Dados e Interoperabilidade,estadic/ESTADIC_FORMATO_DADOS,estadic,ESTADIC_FORMATO_DADOS,total,Formato de publicação dos dados da administração estadual,prop_0_100,governo_estadual,25.0,2024
GO,6,Infraestrutura,estadic/ESTADIC_INCLUSAO_PROGRAMA,estadic,ESTADIC_INCLUSAO_PROGRAMA,total,Desenvolve programa ou ação de inclusão digital,prop_0_100,governo_estadual,100.0,2024
GO,6,Infraestrutura,estadic/ESTADIC_WIFI_EXISTE,estadic,ESTADIC_WIFI_EXISTE,total,Disponibiliza acesso por conexão Wi-Fi pública,prop_0_100,governo_estadual,100.0,2024
GO,7,Inovação e Tecnologias Emergentes,iospd/IOSPD_III06,iospd,IOSPD_III06,total,Laboratório de Inovação em Governo (IOSPD III.6),indice_0_10,uf,100.0,2025
GO,7,Inovação e Tecnologias Emergentes,iospd/IOSPD_V02,iospd,IOSPD_V02,total,Uso de IA/ciência de dados em serviço público (IOSPD V.2),indice_0_10,uf,100.0,2025
GO,7,Inovação e Tecnologias Emergentes,estadic/ESTADIC_CAPACIT_EMPREEND,estadic,ESTADIC_CAPACIT_EMPREEND,total,Capacitação para empreendedorismo digital,prop_0_100,governo_estadual,100.0,2024
GO,7,Inovação e Tecnologias Emergentes,estadic/ESTADIC_ESPACO_INOVACAO,estadic,ESTADIC_ESPACO_INOVACAO,total,"Espaços de inovação, coworking ou espaços compartilhados",prop_0_100,governo_estadual,100.0,2024
GO,7,Inovação e Tecnologias Emergentes,estadic/ESTADIC_PREMIO_INOVACAO,estadic,ESTADIC_PREMIO_INOVACAO,total,Prêmio ou edital para empresas inovadoras e projetos criativos,prop_0_100,governo_estadual,100.0,2024
GO,8,Eficiência e Processos,iospd/IOSPD_III02,iospd,IOSPD_III02,total,Grupos de desburocratização regulamentados (IOSPD III.2),indice_0_10,uf,100.0,2025
GO,9,Transparência e Participação,iospd/IOSPD_I11,iospd,IOSPD_I11,total,Cartas de Serviços na Base Nacional (IOSPD I.11),indice_0_10,uf,100.0,2025
GO,9,Transparência e Participação,estadic/ESTADIC_CONSELHO_TRANSP,estadic,ESTADIC_CONSELHO_TRANSP,total,Conselho Estadual de Transparência ou similar,prop_0_100,governo_estadual,100.0,2024
GO,9,Transparência e Participação,estadic/ESTADIC_CTRL_INT_ONLINE,estadic,ESTADIC_CTRL_INT_ONLINE,total,Informações do controle interno publicadas na internet,prop_0_100,governo_estadual,100.0,2024
GO,9,Transparência e Participação,estadic/ESTADIC_LAI_CONTEUDO,estadic,ESTADIC_LAI_CONTEUDO,total,Conteúdo da legislação estadual de acesso à informação (LAI),prop_0_100,governo_estadual,100.0,2024
GO,9,Transparência e Participação,estadic/ESTADIC_LAI_MEIOS,estadic,ESTADIC_LAI_MEIOS,total,Meios de solicitação de acesso à informação pública,prop_0_100,governo_estadual,83.33,2024
GO,9,Transparência e Participação,estadic/ESTADIC_ORCAM_TEMPO_REAL,estadic,ESTADIC_ORCAM_TEMPO_REAL,total,Disponibiliza informações orçamentárias/financeiras em tempo real,prop_0_100,governo_estadual,100.0,2024
GO,9,Transparência e Participação,estadic/ESTADIC_PARTICIP_INTERNET,estadic,ESTADIC_PARTICIP_INTERNET,total,Formas de participação do cidadão pela internet,prop_0_100,governo_estadual,20.0,2024
GO,9,Transparência e Participação,estadic/ESTADIC_PORTAL_TRANSP,estadic,ESTADIC_PORTAL_TRANSP,total,Portal da transparência e portal de dados abertos,prop_0_100,governo_estadual,66.67,2024
GO,9,Transparência e Participação,estadic/ESTADIC_TRANSP_CONTEUDO,estadic,ESTADIC_TRANSP_CONTEUDO,total,Conteúdo da página internet / portal da transparência,prop_0_100,governo_estadual,81.82,2024
DF,1,Governança do Governo Digital,iospd/IOSPD_I10,iospd,IOSPD_I10,total,Estratégia de governo digital (IOSPD I.10),indice_0_10,uf,33.3,2025
DF,2,Qualidade dos Serviços Digitais,iospd/IOSPD_I01,iospd,IOSPD_I01,total,Portal único ou de serviços (IOSPD I.1),indice_0_10,uf,50.0,2025
DF,2,Qualidade dos Serviços Digitais,iospd/IOSPD_I03,iospd,IOSPD_I03,total,Agendamento digital unificado (IOSPD I.3),indice_0_10,uf,0.0,2025
DF,2,Qualidade dos Serviços Digitais,iospd/IOSPD_I04,iospd,IOSPD_I04,total,Avaliação de satisfação dos usuários (IOSPD I.4),indice_0_10,uf,0.0,2025
DF,2,Qualidade dos Serviços Digitais,iospd/IOSPD_I06,iospd,IOSPD_I06,total,Gestão de cadastro e perfil do cidadão (IOSPD I.6),indice_0_10,uf,0.0,2025
DF,2,Qualidade dos Serviços Digitais,iospd/IOSPD_I07,iospd,IOSPD_I07,total,Ouvidoria integrada ao portal (IOSPD I.7),indice_0_10,uf,100.0,2025
DF,2,Qualidade dos Serviços Digitais,iospd/IOSPD_I08,iospd,IOSPD_I08,total,Simplificação de serviços online (IOSPD I.8),indice_0_10,uf,0.0,2025
DF,2,Qualidade dos Serviços Digitais,iospd/IOSPD_I12,iospd,IOSPD_I12,total,Ferramenta digital integrada de atendimento (IOSPD I.12),indice_0_10,uf,0.0,2025
DF,2,Qualidade dos Serviços Digitais,iospd/IOSPD_II01,iospd,IOSPD_II01,total,Rematrícula online escolas estaduais (IOSPD II.1),indice_0_10,uf,0.0,2025
DF,2,Qualidade dos Serviços Digitais,iospd/IOSPD_II02,iospd,IOSPD_II02,total,Solicitação de medicamento de alto custo digital (IOSPD II.2),indice_0_10,uf,100.0,2025
DF,2,Qualidade dos Serviços Digitais,iospd/IOSPD_II03,iospd,IOSPD_II03,total,Tele-atendimento saúde por videoconferência (IOSPD II.3),indice_0_10,uf,0.0,2025
DF,2,Qualidade dos Serviços Digitais,iospd/IOSPD_II04,iospd,IOSPD_II04,total,Prova de vida online (IOSPD II.4),indice_0_10,uf,100.0,2025
DF,2,Qualidade dos Serviços Digitais,iospd/IOSPD_II05,iospd,IOSPD_II05,total,Recurso/defesa online infrações de trânsito (IOSPD II.5),indice_0_10,uf,100.0,2025
DF,2,Qualidade dos Serviços Digitais,iospd/IOSPD_II06,iospd,IOSPD_II06,total,Registro digital reclamação CDC (IOSPD II.6),indice_0_10,uf,100.0,2025
DF,2,Qualidade dos Serviços Digitais,iospd/IOSPD_II07,iospd,IOSPD_II07,total,Solicitação online 2ª via RG (IOSPD II.7),indice_0_10,uf,100.0,2025
DF,2,Qualidade dos Serviços Digitais,iospd/IOSPD_II08,iospd,IOSPD_II08,total,Boletim de ocorrência online violência doméstica (IOSPD II.8),indice_0_10,uf,100.0,2025
DF,2,Qualidade dos Serviços Digitais,iospd/IOSPD_II09,iospd,IOSPD_II09,total,Consulta online medicamentos disponíveis (IOSPD II.9),indice_0_10,uf,100.0,2025
DF,2,Qualidade dos Serviços Digitais,iospd/IOSPD_II10,iospd,IOSPD_II10,total,Emissão/envio de receita médica online (IOSPD II.10),indice_0_10,uf,0.0,2025
DF,2,Qualidade dos Serviços Digitais,iospd/IOSPD_II11,iospd,IOSPD_II11,total,Emissão online diplomas ensino médio (IOSPD II.11),indice_0_10,uf,0.0,2025
DF,2,Qualidade dos Serviços Digitais,iospd/IOSPD_II12,iospd,IOSPD_II12,total,Transferência online entre escolas estaduais (IOSPD II.12),indice_0_10,uf,0.0,2025
DF,2,Qualidade dos Serviços Digitais,iospd/IOSPD_III01a,iospd,IOSPD_III01a,total,Carta de Serviços normatizada (IOSPD III.1a),indice_0_10,uf,100.0,2025
DF,2,Qualidade dos Serviços Digitais,iospd/IOSPD_III01b,iospd,IOSPD_III01b,total,Ouvidorias Públicas normatizadas (IOSPD III.1b),indice_0_10,uf,100.0,2025
DF,2,Qualidade dos Serviços Digitais,iospd/IOSPD_III01c,iospd,IOSPD_III01c,total,Conselho de Usuários normatizado (IOSPD III.1c),indice_0_10,uf,100.0,2025
DF,2,Qualidade dos Serviços Digitais,iospd/IOSPD_III01d,iospd,IOSPD_III01d,total,Avaliação de Serviços Públicos normatizada (IOSPD III.1d),indice_0_10,uf,100.0,2025
DF,2,Qualidade dos Serviços Digitais,iospd/IOSPD_IV01,iospd,IOSPD_IV01,total,Tempos verbais 2ª/3ª pessoa (IOSPD IV.1),indice_0_10,uf,100.0,2025
DF,2,Qualidade dos Serviços Digitais,iospd/IOSPD_IV02,iospd,IOSPD_IV02,total,Frases curtas com ação única (IOSPD IV.2),indice_0_10,uf,0.0,2025
DF,2,Qualidade dos Serviços Digitais,iospd/IOSPD_IV03,iospd,IOSPD_IV03,total,Título objetivo e curto (IOSPD IV.3),indice_0_10,uf,0.0,2025
DF,2,Qualidade dos Serviços Digitais,iospd/IOSPD_IV04,iospd,IOSPD_IV04,total,Parágrafos curtos (IOSPD IV.4),indice_0_10,uf,100.0,2025
DF,2,Qualidade dos Serviços Digitais,iospd/IOSPD_IV05,iospd,IOSPD_IV05,total,Uso do tempo presente (IOSPD IV.5),indice_0_10,uf,80.0,2025
DF,2,Qualidade dos Serviços Digitais,iospd/IOSPD_IV06,iospd,IOSPD_IV06,total,Uso de caracteres especiais (IOSPD IV.6),indice_0_10,uf,100.0,2025
DF,2,Qualidade dos Serviços Digitais,iospd/IOSPD_IV07,iospd,IOSPD_IV07,total,Vocabulário de fácil entendimento (IOSPD IV.7),indice_0_10,uf,40.0,2025
DF,2,Qualidade dos Serviços Digitais,iospd/IOSPD_IV08,iospd,IOSPD_IV08,total,Aplicação da técnica de Linguagem Simples (IOSPD IV.8),indice_0_10,uf,0.0,2025
DF,2,Qualidade dos Serviços Digitais,iospd/IOSPD_IV09,iospd,IOSPD_IV09,total,Mecanismo de melhoria na apresentação (IOSPD IV.9),indice_0_10,uf,0.0,2025
DF,2,Qualidade dos Serviços Digitais,iospd/IOSPD_V01,iospd,IOSPD_V01,total,Aplicativo móvel para portal de serviços (IOSPD V.1),indice_0_10,uf,100.0,2025
DF,2,Qualidade dos Serviços Digitais,iospd/IOSPD_V03,iospd,IOSPD_V03,total,Pagamento por PIX/cartão digital (IOSPD V.3),indice_0_10,uf,0.0,2025
DF,2,Qualidade dos Serviços Digitais,iospd/IOSPD_V04,iospd,IOSPD_V04,total,Ambiente autenticado e personalizado de serviços (IOSPD V.4),indice_0_10,uf,0.0,2025
DF,2,Qualidade dos Serviços Digitais,iospd/IOSPD_V05,iospd,IOSPD_V05,total,Licenciamento de veículo com pagamento eletrônico (IOSPD V.5),indice_0_10,uf,100.0,2025
DF,2,Qualidade dos Serviços Digitais,iospd/IOSPD_V06,iospd,IOSPD_V06,total,Certidão Negativa Estadual online (IOSPD V.6),indice_0_10,uf,100.0,2025
DF,2,Qualidade dos Serviços Digitais,iospd/IOSPD_V08,iospd,IOSPD_V08,total,Transferência digital de veículos (IOSPD V.8),indice_0_10,uf,100.0,2025
DF,2,Qualidade dos Serviços Digitais,iospd/IOSPD_V09,iospd,IOSPD_V09,total,Acessibilidade da plataforma digital (IOSPD V.9),indice_0_10,uf,0.0,2025
DF,2,Qualidade dos Serviços Digitais,estadic/ESTADIC_ACESSIBILIDADE,estadic,ESTADIC_ACESSIBILIDADE,total,Acessibilidade da página e serviços eletrônicos,prop_0_100,governo_estadual,55.56,2024
DF,2,Qualidade dos Serviços Digitais,estadic/ESTADIC_ATEND_DISTANCIA,estadic,ESTADIC_ATEND_DISTANCIA,total,Formas de atendimento a distância ao cidadão,prop_0_100,governo_estadual,87.5,2024
DF,2,Qualidade dos Serviços Digitais,estadic/ESTADIC_ATIV_REDES,estadic,ESTADIC_ATIV_REDES,total,Atividades do governo nas redes sociais nos últimos 12 meses,prop_0_100,governo_estadual,66.67,2024
DF,2,Qualidade dos Serviços Digitais,estadic/ESTADIC_BILHETE_UNICO,estadic,ESTADIC_BILHETE_UNICO,total,Bilhete único para uso de transporte público,prop_0_100,governo_estadual,100.0,2024
DF,2,Qualidade dos Serviços Digitais,estadic/ESTADIC_FREQ_REDES,estadic,ESTADIC_FREQ_REDES,total,Frequência de atualização do conteúdo nas redes sociais,prop_0_100,governo_estadual,100.0,2024
DF,2,Qualidade dos Serviços Digitais,estadic/ESTADIC_MODELO_ACESS,estadic,ESTADIC_MODELO_ACESS,total,Modelo de acessibilidade adotado,prop_0_100,governo_estadual,75.0,2024
DF,2,Qualidade dos Serviços Digitais,estadic/ESTADIC_REDES_SOCIAIS,estadic,ESTADIC_REDES_SOCIAIS,total,Plataformas de rede social do governo estadual,prop_0_100,governo_estadual,77.78,2024
DF,2,Qualidade dos Serviços Digitais,estadic/ESTADIC_SERV_CELULAR,estadic,ESTADIC_SERV_CELULAR,total,Serviços disponibilizados por celular/smartphone,prop_0_100,governo_estadual,71.43,2024
DF,2,Qualidade dos Serviços Digitais,estadic/ESTADIC_SERV_INFORMATIVOS,estadic,ESTADIC_SERV_INFORMATIVOS,total,Serviços informativos disponibilizados na página da internet,prop_0_100,governo_estadual,87.5,2024
DF,2,Qualidade dos Serviços Digitais,estadic/ESTADIC_SERV_TRANSACIONAIS,estadic,ESTADIC_SERV_TRANSACIONAIS,total,Serviços transacionais disponibilizados na página da internet,prop_0_100,governo_estadual,92.31,2024
DF,3,Identificação Única,iospd/IOSPD_I09,iospd,IOSPD_I09,total,Assinatura eletrônica Gov.br (IOSPD I.9),indice_0_10,uf,33.3,2025
DF,3,Identificação Única,iospd/IOSPD_V07,iospd,IOSPD_V07,total,Emissão da CIN — Carteira de Identidade Nacional (IOSPD V.7),indice_0_10,uf,100.0,2025
DF,4,Segurança e LGPD,iospd/IOSPD_III07,iospd,IOSPD_III07,total,Consentimento LGPD no portal (IOSPD III.7),indice_0_10,uf,0.0,2025
DF,4,Segurança e LGPD,estadic/ESTADIC_LGPD_CANAL_TITULAR,estadic,ESTADIC_LGPD_CANAL_TITULAR,total,Canal internet para titulares de dados (LGPD),prop_0_100,governo_estadual,100.0,2024
DF,4,Segurança e LGPD,estadic/ESTADIC_LGPD_CAPACIT,estadic,ESTADIC_LGPD_CAPACIT,total,Cursos segurança da informação e proteção de dados para servidores,prop_0_100,governo_estadual,100.0,2024
DF,4,Segurança e LGPD,estadic/ESTADIC_LGPD_REGULAMENT,estadic,ESTADIC_LGPD_REGULAMENT,total,Regulamentação estadual específica sobre LGPD,prop_0_100,governo_estadual,100.0,2024
DF,4,Segurança e LGPD,estadic/ESTADIC_LGPD_RESP,estadic,ESTADIC_LGPD_RESP,total,Responsável LGPD designado,prop_0_100,governo_estadual,100.0,2024
DF,5,Dados e Interoperabilidade,iospd/IOSPD_I05,iospd,IOSPD_I05,total,Governança de dados (IOSPD I.5),indice_0_10,uf,0.0,2025
DF,5,Dados e Interoperabilidade,estadic/ESTADIC_FORMATO_DADOS,estadic,ESTADIC_FORMATO_DADOS,total,Formato de publicação dos dados da administração estadual,prop_0_100,governo_estadual,25.0,2024
DF,6,Infraestrutura,estadic/ESTADIC_INCLUSAO_PROGRAMA,estadic,ESTADIC_INCLUSAO_PROGRAMA,total,Desenvolve programa ou ação de inclusão digital,prop_0_100,governo_estadual,100.0,2024
DF,6,Infraestrutura,estadic/ESTADIC_WIFI_EXISTE,estadic,ESTADIC_WIFI_EXISTE,total,Disponibiliza acesso por conexão Wi-Fi pública,prop_0_100,governo_estadual,100.0,2024
DF,7,Inovação e Tecnologias Emergentes,iospd/IOSPD_III06,iospd,IOSPD_III06,total,Laboratório de Inovação em Governo (IOSPD III.6),indice_0_10,uf,100.0,2025
DF,7,Inovação e Tecnologias Emergentes,iospd/IOSPD_V02,iospd,IOSPD_V02,total,Uso de IA/ciência de dados em serviço público (IOSPD V.2),indice_0_10,uf,100.0,2025
DF,7,Inovação e Tecnologias Emergentes,estadic/ESTADIC_CAPACIT_EMPREEND,estadic,ESTADIC_CAPACIT_EMPREEND,total,Capacitação para empreendedorismo digital,prop_0_100,governo_estadual,100.0,2024
DF,7,Inovação e Tecnologias Emergentes,estadic/ESTADIC_ESPACO_INOVACAO,estadic,ESTADIC_ESPACO_INOVACAO,total,"Espaços de inovação, coworking ou espaços compartilhados",prop_0_100,governo_estadual,100.0,2024
DF,7,Inovação e Tecnologias Emergentes,estadic/ESTADIC_PREMIO_INOVACAO,estadic,ESTADIC_PREMIO_INOVACAO,total,Prêmio ou edital para empresas inovadoras e projetos criativos,prop_0_100,governo_estadual,0.0,2024
DF,8,Eficiência e Processos,iospd/IOSPD_III02,iospd,IOSPD_III02,total,Grupos de desburocratização regulamentados (IOSPD III.2),indice_0_10,uf,0.0,2025
DF,9,Transparência e Participação,iospd/IOSPD_I11,iospd,IOSPD_I11,total,Cartas de Serviços na Base Nacional (IOSPD I.11),indice_0_10,uf,0.0,2025
DF,9,Transparência e Participação,estadic/ESTADIC_CONSELHO_TRANSP,estadic,ESTADIC_CONSELHO_TRANSP,total,Conselho Estadual de Transparência ou similar,prop_0_100,governo_estadual,100.0,2024
DF,9,Transparência e Participação,estadic/ESTADIC_CTRL_INT_ONLINE,estadic,ESTADIC_CTRL_INT_ONLINE,total,Informações do controle interno publicadas na internet,prop_0_100,governo_estadual,100.0,2024
DF,9,Transparência e Participação,estadic/ESTADIC_LAI_CONTEUDO,estadic,ESTADIC_LAI_CONTEUDO,total,Conteúdo da legislação estadual de acesso à informação (LAI),prop_0_100,governo_estadual,100.0,2024
DF,9,Transparência e Participação,estadic/ESTADIC_LAI_MEIOS,estadic,ESTADIC_LAI_MEIOS,total,Meios de solicitação de acesso à informação pública,prop_0_100,governo_estadual,33.33,2024
DF,9,Transparência e Participação,estadic/ESTADIC_ORCAM_TEMPO_REAL,estadic,ESTADIC_ORCAM_TEMPO_REAL,total,Disponibiliza informações orçamentárias/financeiras em tempo real,prop_0_100,governo_estadual,100.0,2024
DF,9,Transparência e Participação,estadic/ESTADIC_PARTICIP_INTERNET,estadic,ESTADIC_PARTICIP_INTERNET,total,Formas de participação do cidadão pela internet,prop_0_100,governo_estadual,80.0,2024
DF,9,Transparência e Participação,estadic/ESTADIC_PORTAL_TRANSP,estadic,ESTADIC_PORTAL_TRANSP,total,Portal da transparência e portal de dados abertos,prop_0_100,governo_estadual,66.67,2024
DF,9,Transparência e Participação,estadic/ESTADIC_TRANSP_CONTEUDO,estadic,ESTADIC_TRANSP_CONTEUDO,total,Conteúdo da página internet / portal da transparência,prop_0_100,governo_estadual,81.82,2024
