categoria,objetivo,objetivo_nome,sub_indice,n_objetivos_com_dados
1100122,1,Governança do Governo Digital,100.0,7
1100122,2,Qualidade dos Serviços Digitais,36.0,7
1100122,3,Identificação Única,0.0,7
1100122,4,Segurança e LGPD,20.0,7
1100122,5,Dados e Interoperabilidade,0.0,7
1100122,6,Infraestrutura,47.35,7
1100122,7,Inovação e Tecnologias Emergentes,,7
1100122,8,Eficiência e Processos,,7
1100122,9,Transparência e Participação,66.67,7
1100122,10,Competências em Governo Digital,,7
1100205,1,Governança do Governo Digital,100.0,7
1100205,2,Qualidade dos Serviços Digitais,67.33,7
1100205,3,Identificação Única,100.0,7
1100205,4,Segurança e LGPD,100.0,7
1100205,5,Dados e Interoperabilidade,0.0,7
1100205,6,Infraestrutura,85.8,7
1100205,7,Inovação e Tecnologias Emergentes,,7
1100205,8,Eficiência e Processos,,7
1100205,9,Transparência e Participação,88.89,7
1100205,10,Competências em Governo Digital,,7
1200401,1,Governança do Governo Digital,100.0,7
1200401,2,Qualidade dos Serviços Digitais,46.67,7
1200401,3,Identificação Única,0.0,7
1200401,4,Segurança e LGPD,20.0,7
1200401,5,Dados e Interoperabilidade,0.0,7
1200401,6,Infraestrutura,85.16,7
1200401,7,Inovação e Tecnologias Emergentes,,7
1200401,8,Eficiência e Processos,,7
1200401,9,Transparência e Participação,77.78,7
1200401,10,Competências em Governo Digital,,7
1301902,1,Governança do Governo Digital,100.0,7
1301902,2,Qualidade dos Serviços Digitais,36.67,7
1301902,3,Identificação Única,0.0,7
1301902,4,Segurança e LGPD,0.0,7
1301902,5,Dados e Interoperabilidade,0.0,7
1301902,6,Infraestrutura,50.66,7
1301902,7,Inovação e Tecnologias Emergentes,,7
1301902,8,Eficiência e Processos,,7
1301902,9,Transparência e Participação,11.11,7
1301902,10,Competências em Governo Digital,,7
1302504,1,Governança do Governo Digital,100.0,7
1302504,2,Qualidade dos Serviços Digitais,31.33,7
1302504,3,Identificação Única,0.0,7
1302504,4,Segurança e LGPD,0.0,7
1302504,5,Dados e Interoperabilidade,100.0,7
1302504,6,Infraestrutura,50.78,7
1302504,7,Inovação e Tecnologias Emergentes,,7
1302504,8,Eficiência e Processos,,7
1302504,9,Transparência e Participação,44.44,7
1302504,10,Competências em Governo Digital,,7
1302603,1,Governança do Governo Digital,100.0,7
1302603,2,Qualidade dos Serviços Digitais,89.33,7
1302603,3,Identificação Única,100.0,7
1302603,4,Segurança e LGPD,100.0,7
1302603,5,Dados e Interoperabilidade,100.0,7
1302603,6,Infraestrutura,97.12,7
1302603,7,Inovação e Tecnologias Emergentes,,7
1302603,8,Eficiência e Processos,,7
1302603,9,Transparência e Participação,88.89,7
1302603,10,Competências em Governo Digital,,7
1400100,1,Governança do Governo Digital,100.0,7
1400100,2,Qualidade dos Serviços Digitais,83.33,7
1400100,3,Identificação Única,100.0,7
1400100,4,Segurança e LGPD,40.0,7
1400100,5,Dados e Interoperabilidade,0.0,7
1400100,6,Infraestrutura,46.16,7
1400100,7,Inovação e Tecnologias Emergentes,,7
1400100,8,Eficiência e Processos,,7
1400100,9,Transparência e Participação,66.67,7
1400100,10,Competências em Governo Digital,,7
1500107,1,Governança do Governo Digital,100.0,7
1500107,2,Qualidade dos Serviços Digitais,53.33,7
1500107,3,Identificação Única,0.0,7
1500107,4,Segurança e LGPD,20.0,7
1500107,5,Dados e Interoperabilidade,0.0,7
1500107,6,Infraestrutura,31.87,7
1500107,7,Inovação e Tecnologias Emergentes,,7
1500107,8,Eficiência e Processos,,7
1500107,9,Transparência e Participação,44.44,7
1500107,10,Competências em Governo Digital,,7
1500602,1,Governança do Governo Digital,100.0,7
1500602,2,Qualidade dos Serviços Digitais,60.67,7
1500602,3,Identificação Única,100.0,7
1500602,4,Segurança e LGPD,40.0,7
1500602,5,Dados e Interoperabilidade,0.0,7
1500602,6,Infraestrutura,31.86,7
1500602,7,Inovação e Tecnologias Emergentes,,7
1500602,8,Eficiência e Processos,,7
1500602,9,Transparência e Participação,66.67,7
1500602,10,Competências em Governo Digital,,7
1500800,1,Governança do Governo Digital,100.0,7
1500800,2,Qualidade dos Serviços Digitais,84.67,7
1500800,3,Identificação Única,100.0,7
1500800,4,Segurança e LGPD,0.0,7
1500800,5,Dados e Interoperabilidade,100.0,7
1500800,6,Infraestrutura,65.08,7
1500800,7,Inovação e Tecnologias Emergentes,,7
1500800,8,Eficiência e Processos,,7
1500800,9,Transparência e Participação,66.67,7
1500800,10,Competências em Governo Digital,,7
1501303,1,Governança do Governo Digital,100.0,7
1501303,2,Qualidade dos Serviços Digitais,66.0,7
1501303,3,Identificação Única,100.0,7
1501303,4,Segurança e LGPD,0.0,7
1501303,5,Dados e Interoperabilidade,0.0,7
1501303,6,Infraestrutura,55.03,7
1501303,7,Inovação e Tecnologias Emergentes,,7
1501303,8,Eficiência e Processos,,7
1501303,9,Transparência e Participação,44.44,7
1501303,10,Competências em Governo Digital,,7
1501402,1,Governança do Governo Digital,100.0,7
1501402,2,Qualidade dos Serviços Digitais,75.33,7
1501402,3,Identificação Única,100.0,7
1501402,4,Segurança e LGPD,0.0,7
1501402,5,Dados e Interoperabilidade,0.0,7
1501402,6,Infraestrutura,75.98,7
1501402,7,Inovação e Tecnologias Emergentes,,7
1501402,8,Eficiência e Processos,,7
1501402,9,Transparência e Participação,55.56,7
1501402,10,Competências em Governo Digital,,7
1501709,1,Governança do Governo Digital,100.0,7
1501709,2,Qualidade dos Serviços Digitais,48.0,7
1501709,3,Identificação Única,100.0,7
1501709,4,Segurança e LGPD,20.0,7
1501709,5,Dados e Interoperabilidade,0.0,7
1501709,6,Infraestrutura,23.47,7
1501709,7,Inovação e Tecnologias Emergentes,,7
1501709,8,Eficiência e Processos,,7
1501709,9,Transparência e Participação,55.56,7
1501709,10,Competências em Governo Digital,,7
1501808,1,Governança do Governo Digital,0.0,7
1501808,2,Qualidade dos Serviços Digitais,33.33,7
1501808,3,Identificação Única,0.0,7
1501808,4,Segurança e LGPD,0.0,7
1501808,5,Dados e Interoperabilidade,0.0,7
1501808,6,Infraestrutura,38.15,7
1501808,7,Inovação e Tecnologias Emergentes,,7
1501808,8,Eficiência e Processos,,7
1501808,9,Transparência e Participação,55.56,7
1501808,10,Competências em Governo Digital,,7
1502103,1,Governança do Governo Digital,100.0,7
1502103,2,Qualidade dos Serviços Digitais,52.67,7
1502103,3,Identificação Única,0.0,7
1502103,4,Segurança e LGPD,0.0,7
1502103,5,Dados e Interoperabilidade,0.0,7
1502103,6,Infraestrutura,30.49,7
1502103,7,Inovação e Tecnologias Emergentes,,7
1502103,8,Eficiência e Processos,,7
1502103,9,Transparência e Participação,33.33,7
1502103,10,Competências em Governo Digital,,7
1502400,1,Governança do Governo Digital,100.0,7
1502400,2,Qualidade dos Serviços Digitais,60.67,7
1502400,3,Identificação Única,100.0,7
1502400,4,Segurança e LGPD,20.0,7
1502400,5,Dados e Interoperabilidade,100.0,7
1502400,6,Infraestrutura,55.76,7
1502400,7,Inovação e Tecnologias Emergentes,,7
1502400,8,Eficiência e Processos,,7
1502400,9,Transparência e Participação,44.44,7
1502400,10,Competências em Governo Digital,,7
1503606,1,Governança do Governo Digital,100.0,7
1503606,2,Qualidade dos Serviços Digitais,68.67,7
1503606,3,Identificação Única,100.0,7
1503606,4,Segurança e LGPD,80.0,7
1503606,5,Dados e Interoperabilidade,100.0,7
1503606,6,Infraestrutura,32.6,7
1503606,7,Inovação e Tecnologias Emergentes,,7
1503606,8,Eficiência e Processos,,7
1503606,9,Transparência e Participação,66.67,7
1503606,10,Competências em Governo Digital,,7
1504208,1,Governança do Governo Digital,100.0,7
1504208,2,Qualidade dos Serviços Digitais,58.0,7
1504208,3,Identificação Única,0.0,7
1504208,4,Segurança e LGPD,60.0,7
1504208,5,Dados e Interoperabilidade,100.0,7
1504208,6,Infraestrutura,25.62,7
1504208,7,Inovação e Tecnologias Emergentes,,7
1504208,8,Eficiência e Processos,,7
1504208,9,Transparência e Participação,55.56,7
1504208,10,Competências em Governo Digital,,7
1504422,1,Governança do Governo Digital,0.0,7
1504422,2,Qualidade dos Serviços Digitais,76.0,7
1504422,3,Identificação Única,100.0,7
1504422,4,Segurança e LGPD,20.0,7
1504422,5,Dados e Interoperabilidade,0.0,7
1504422,6,Infraestrutura,54.96,7
1504422,7,Inovação e Tecnologias Emergentes,,7
1504422,8,Eficiência e Processos,,7
1504422,9,Transparência e Participação,33.33,7
1504422,10,Competências em Governo Digital,,7
1505502,1,Governança do Governo Digital,100.0,7
1505502,2,Qualidade dos Serviços Digitais,80.0,7
1505502,3,Identificação Única,100.0,7
1505502,4,Segurança e LGPD,20.0,7
1505502,5,Dados e Interoperabilidade,100.0,7
1505502,6,Infraestrutura,64.06,7
1505502,7,Inovação e Tecnologias Emergentes,,7
1505502,8,Eficiência e Processos,,7
1505502,9,Transparência e Participação,66.67,7
1505502,10,Competências em Governo Digital,,7
1505536,1,Governança do Governo Digital,100.0,7
1505536,2,Qualidade dos Serviços Digitais,70.67,7
1505536,3,Identificação Única,0.0,7
1505536,4,Segurança e LGPD,0.0,7
1505536,5,Dados e Interoperabilidade,100.0,7
1505536,6,Infraestrutura,76.57,7
1505536,7,Inovação e Tecnologias Emergentes,,7
1505536,8,Eficiência e Processos,,7
1505536,9,Transparência e Participação,66.67,7
1505536,10,Competências em Governo Digital,,7
1506807,1,Governança do Governo Digital,100.0,7
1506807,2,Qualidade dos Serviços Digitais,85.33,7
1506807,3,Identificação Única,100.0,7
1506807,4,Segurança e LGPD,80.0,7
1506807,5,Dados e Interoperabilidade,100.0,7
1506807,6,Infraestrutura,62.51,7
1506807,7,Inovação e Tecnologias Emergentes,,7
1506807,8,Eficiência e Processos,,7
1506807,9,Transparência e Participação,77.78,7
1506807,10,Competências em Governo Digital,,7
1600303,1,Governança do Governo Digital,100.0,7
1600303,2,Qualidade dos Serviços Digitais,93.33,7
1600303,3,Identificação Única,100.0,7
1600303,4,Segurança e LGPD,60.0,7
1600303,5,Dados e Interoperabilidade,100.0,7
1600303,6,Infraestrutura,74.72,7
1600303,7,Inovação e Tecnologias Emergentes,,7
1600303,8,Eficiência e Processos,,7
1600303,9,Transparência e Participação,77.78,7
1600303,10,Competências em Governo Digital,,7
1600600,1,Governança do Governo Digital,100.0,7
1600600,2,Qualidade dos Serviços Digitais,86.67,7
1600600,3,Identificação Única,100.0,7
1600600,4,Segurança e LGPD,60.0,7
1600600,5,Dados e Interoperabilidade,100.0,7
1600600,6,Infraestrutura,55.32,7
1600600,7,Inovação e Tecnologias Emergentes,,7
1600600,8,Eficiência e Processos,,7
1600600,9,Transparência e Participação,66.67,7
1600600,10,Competências em Governo Digital,,7
1702109,1,Governança do Governo Digital,100.0,7
1702109,2,Qualidade dos Serviços Digitais,90.0,7
1702109,3,Identificação Única,100.0,7
1702109,4,Segurança e LGPD,20.0,7
1702109,5,Dados e Interoperabilidade,100.0,7
1702109,6,Infraestrutura,57.62,7
1702109,7,Inovação e Tecnologias Emergentes,,7
1702109,8,Eficiência e Processos,,7
1702109,9,Transparência e Participação,55.56,7
1702109,10,Competências em Governo Digital,,7
1721000,1,Governança do Governo Digital,100.0,7
1721000,2,Qualidade dos Serviços Digitais,57.33,7
1721000,3,Identificação Única,100.0,7
1721000,4,Segurança e LGPD,40.0,7
1721000,5,Dados e Interoperabilidade,0.0,7
1721000,6,Infraestrutura,46.85,7
1721000,7,Inovação e Tecnologias Emergentes,,7
1721000,8,Eficiência e Processos,,7
1721000,9,Transparência e Participação,77.78,7
1721000,10,Competências em Governo Digital,,7
2100055,1,Governança do Governo Digital,100.0,7
2100055,2,Qualidade dos Serviços Digitais,67.33,7
2100055,3,Identificação Única,100.0,7
2100055,4,Segurança e LGPD,80.0,7
2100055,5,Dados e Interoperabilidade,100.0,7
2100055,6,Infraestrutura,55.25,7
2100055,7,Inovação e Tecnologias Emergentes,,7
2100055,8,Eficiência e Processos,,7
2100055,9,Transparência e Participação,55.56,7
2100055,10,Competências em Governo Digital,,7
2101202,1,Governança do Governo Digital,100.0,7
2101202,2,Qualidade dos Serviços Digitais,50.0,7
2101202,3,Identificação Única,0.0,7
2101202,4,Segurança e LGPD,40.0,7
2101202,5,Dados e Interoperabilidade,0.0,7
2101202,6,Infraestrutura,44.83,7
2101202,7,Inovação e Tecnologias Emergentes,,7
2101202,8,Eficiência e Processos,,7
2101202,9,Transparência e Participação,44.44,7
2101202,10,Competências em Governo Digital,,7
2101400,1,Governança do Governo Digital,100.0,7
2101400,2,Qualidade dos Serviços Digitais,62.67,7
2101400,3,Identificação Única,100.0,7
2101400,4,Segurança e LGPD,20.0,7
2101400,5,Dados e Interoperabilidade,0.0,7
2101400,6,Infraestrutura,55.09,7
2101400,7,Inovação e Tecnologias Emergentes,,7
2101400,8,Eficiência e Processos,,7
2101400,9,Transparência e Participação,77.78,7
2101400,10,Competências em Governo Digital,,7
2103000,1,Governança do Governo Digital,100.0,7
2103000,2,Qualidade dos Serviços Digitais,47.33,7
2103000,3,Identificação Única,0.0,7
2103000,4,Segurança e LGPD,20.0,7
2103000,5,Dados e Interoperabilidade,0.0,7
2103000,6,Infraestrutura,52.3,7
2103000,7,Inovação e Tecnologias Emergentes,,7
2103000,8,Eficiência e Processos,,7
2103000,9,Transparência e Participação,44.44,7
2103000,10,Competências em Governo Digital,,7
2103307,1,Governança do Governo Digital,100.0,7
2103307,2,Qualidade dos Serviços Digitais,31.33,7
2103307,3,Identificação Única,0.0,7
2103307,4,Segurança e LGPD,60.0,7
2103307,5,Dados e Interoperabilidade,0.0,7
2103307,6,Infraestrutura,52.46,7
2103307,7,Inovação e Tecnologias Emergentes,,7
2103307,8,Eficiência e Processos,,7
2103307,9,Transparência e Participação,33.33,7
2103307,10,Competências em Governo Digital,,7
2105302,1,Governança do Governo Digital,100.0,7
2105302,2,Qualidade dos Serviços Digitais,81.33,7
2105302,3,Identificação Única,100.0,7
2105302,4,Segurança e LGPD,20.0,7
2105302,5,Dados e Interoperabilidade,100.0,7
2105302,6,Infraestrutura,75.73,7
2105302,7,Inovação e Tecnologias Emergentes,,7
2105302,8,Eficiência e Processos,,7
2105302,9,Transparência e Participação,55.56,7
2105302,10,Competências em Governo Digital,,7
2107506,1,Governança do Governo Digital,100.0,7
2107506,2,Qualidade dos Serviços Digitais,73.33,7
2107506,3,Identificação Única,100.0,7
2107506,4,Segurança e LGPD,80.0,7
2107506,5,Dados e Interoperabilidade,0.0,7
2107506,6,Infraestrutura,64.16,7
2107506,7,Inovação e Tecnologias Emergentes,,7
2107506,8,Eficiência e Processos,,7
2107506,9,Transparência e Participação,55.56,7
2107506,10,Competências em Governo Digital,,7
2111201,1,Governança do Governo Digital,100.0,7
2111201,2,Qualidade dos Serviços Digitais,79.33,7
2111201,3,Identificação Única,100.0,7
2111201,4,Segurança e LGPD,0.0,7
2111201,5,Dados e Interoperabilidade,100.0,7
2111201,6,Infraestrutura,54.88,7
2111201,7,Inovação e Tecnologias Emergentes,,7
2111201,8,Eficiência e Processos,,7
2111201,9,Transparência e Participação,66.67,7
2111201,10,Competências em Governo Digital,,7
2111300,1,Governança do Governo Digital,100.0,7
2111300,2,Qualidade dos Serviços Digitais,85.33,7
2111300,3,Identificação Única,100.0,7
2111300,4,Segurança e LGPD,60.0,7
2111300,5,Dados e Interoperabilidade,100.0,7
2111300,6,Infraestrutura,66.34,7
2111300,7,Inovação e Tecnologias Emergentes,,7
2111300,8,Eficiência e Processos,,7
2111300,9,Transparência e Participação,66.67,7
2111300,10,Competências em Governo Digital,,7
2112209,1,Governança do Governo Digital,100.0,7
2112209,2,Qualidade dos Serviços Digitais,44.67,7
2112209,3,Identificação Única,0.0,7
2112209,4,Segurança e LGPD,20.0,7
2112209,5,Dados e Interoperabilidade,0.0,7
2112209,6,Infraestrutura,85.32,7
2112209,7,Inovação e Tecnologias Emergentes,,7
2112209,8,Eficiência e Processos,,7
2112209,9,Transparência e Participação,77.78,7
2112209,10,Competências em Governo Digital,,7
2207702,1,Governança do Governo Digital,100.0,7
2207702,2,Qualidade dos Serviços Digitais,54.67,7
2207702,3,Identificação Única,100.0,7
2207702,4,Segurança e LGPD,20.0,7
2207702,5,Dados e Interoperabilidade,100.0,7
2207702,6,Infraestrutura,35.28,7
2207702,7,Inovação e Tecnologias Emergentes,,7
2207702,8,Eficiência e Processos,,7
2207702,9,Transparência e Participação,66.67,7
2207702,10,Competências em Governo Digital,,7
2211001,1,Governança do Governo Digital,100.0,7
2211001,2,Qualidade dos Serviços Digitais,80.0,7
2211001,3,Identificação Única,100.0,7
2211001,4,Segurança e LGPD,100.0,7
2211001,5,Dados e Interoperabilidade,0.0,7
2211001,6,Infraestrutura,96.51,7
2211001,7,Inovação e Tecnologias Emergentes,,7
2211001,8,Eficiência e Processos,,7
2211001,9,Transparência e Participação,55.56,7
2211001,10,Competências em Governo Digital,,7
2303709,1,Governança do Governo Digital,100.0,7
2303709,2,Qualidade dos Serviços Digitais,82.0,7
2303709,3,Identificação Única,100.0,7
2303709,4,Segurança e LGPD,40.0,7
2303709,5,Dados e Interoperabilidade,0.0,7
2303709,6,Infraestrutura,66.55,7
2303709,7,Inovação e Tecnologias Emergentes,,7
2303709,8,Eficiência e Processos,,7
2303709,9,Transparência e Participação,55.56,7
2303709,10,Competências em Governo Digital,,7
2304202,1,Governança do Governo Digital,100.0,7
2304202,2,Qualidade dos Serviços Digitais,60.0,7
2304202,3,Identificação Única,100.0,7
2304202,4,Segurança e LGPD,60.0,7
2304202,5,Dados e Interoperabilidade,100.0,7
2304202,6,Infraestrutura,56.98,7
2304202,7,Inovação e Tecnologias Emergentes,,7
2304202,8,Eficiência e Processos,,7
2304202,9,Transparência e Participação,66.67,7
2304202,10,Competências em Governo Digital,,7
2304400,1,Governança do Governo Digital,100.0,7
2304400,2,Qualidade dos Serviços Digitais,84.0,7
2304400,3,Identificação Única,100.0,7
2304400,4,Segurança e LGPD,80.0,7
2304400,5,Dados e Interoperabilidade,100.0,7
2304400,6,Infraestrutura,77.11,7
2304400,7,Inovação e Tecnologias Emergentes,,7
2304400,8,Eficiência e Processos,,7
2304400,9,Transparência e Participação,55.56,7
2304400,10,Competências em Governo Digital,,7
2306405,1,Governança do Governo Digital,0.0,7
2306405,2,Qualidade dos Serviços Digitais,61.33,7
2306405,3,Identificação Única,100.0,7
2306405,4,Segurança e LGPD,20.0,7
2306405,5,Dados e Interoperabilidade,100.0,7
2306405,6,Infraestrutura,55.79,7
2306405,7,Inovação e Tecnologias Emergentes,,7
2306405,8,Eficiência e Processos,,7
2306405,9,Transparência e Participação,33.33,7
2306405,10,Competências em Governo Digital,,7
2307304,1,Governança do Governo Digital,100.0,7
2307304,2,Qualidade dos Serviços Digitais,60.0,7
2307304,3,Identificação Única,0.0,7
2307304,4,Segurança e LGPD,100.0,7
2307304,5,Dados e Interoperabilidade,100.0,7
2307304,6,Infraestrutura,77.11,7
2307304,7,Inovação e Tecnologias Emergentes,,7
2307304,8,Eficiência e Processos,,7
2307304,9,Transparência e Participação,66.67,7
2307304,10,Competências em Governo Digital,,7
2307650,1,Governança do Governo Digital,100.0,7
2307650,2,Qualidade dos Serviços Digitais,76.67,7
2307650,3,Identificação Única,100.0,7
2307650,4,Segurança e LGPD,20.0,7
2307650,5,Dados e Interoperabilidade,0.0,7
2307650,6,Infraestrutura,57.18,7
2307650,7,Inovação e Tecnologias Emergentes,,7
2307650,8,Eficiência e Processos,,7
2307650,9,Transparência e Participação,55.56,7
2307650,10,Competências em Governo Digital,,7
2307700,1,Governança do Governo Digital,0.0,7
2307700,2,Qualidade dos Serviços Digitais,53.33,7
2307700,3,Identificação Única,100.0,7
2307700,4,Segurança e LGPD,0.0,7
2307700,5,Dados e Interoperabilidade,100.0,7
2307700,6,Infraestrutura,37.21,7
2307700,7,Inovação e Tecnologias Emergentes,,7
2307700,8,Eficiência e Processos,,7
2307700,9,Transparência e Participação,33.33,7
2307700,10,Competências em Governo Digital,,7
2312908,1,Governança do Governo Digital,100.0,7
2312908,2,Qualidade dos Serviços Digitais,77.33,7
2312908,3,Identificação Única,100.0,7
2312908,4,Segurança e LGPD,20.0,7
2312908,5,Dados e Interoperabilidade,100.0,7
2312908,6,Infraestrutura,86.29,7
2312908,7,Inovação e Tecnologias Emergentes,,7
2312908,8,Eficiência e Processos,,7
2312908,9,Transparência e Participação,77.78,7
2312908,10,Competências em Governo Digital,,7
2403251,1,Governança do Governo Digital,100.0,7
2403251,2,Qualidade dos Serviços Digitais,67.33,7
2403251,3,Identificação Única,100.0,7
2403251,4,Segurança e LGPD,0.0,7
2403251,5,Dados e Interoperabilidade,0.0,7
2403251,6,Infraestrutura,76.97,7
2403251,7,Inovação e Tecnologias Emergentes,,7
2403251,8,Eficiência e Processos,,7
2403251,9,Transparência e Participação,55.56,7
2403251,10,Competências em Governo Digital,,7
2408003,1,Governança do Governo Digital,100.0,7
2408003,2,Qualidade dos Serviços Digitais,73.33,7
2408003,3,Identificação Única,100.0,7
2408003,4,Segurança e LGPD,80.0,7
2408003,5,Dados e Interoperabilidade,0.0,7
2408003,6,Infraestrutura,66.8,7
2408003,7,Inovação e Tecnologias Emergentes,,7
2408003,8,Eficiência e Processos,,7
2408003,9,Transparência e Participação,77.78,7
2408003,10,Competências em Governo Digital,,7
2408102,1,Governança do Governo Digital,100.0,7
2408102,2,Qualidade dos Serviços Digitais,82.0,7
2408102,3,Identificação Única,100.0,7
2408102,4,Segurança e LGPD,20.0,7
2408102,5,Dados e Interoperabilidade,100.0,7
2408102,6,Infraestrutura,77.22,7
2408102,7,Inovação e Tecnologias Emergentes,,7
2408102,8,Eficiência e Processos,,7
2408102,9,Transparência e Participação,61.11,7
2408102,10,Competências em Governo Digital,,7
2412005,1,Governança do Governo Digital,100.0,7
2412005,2,Qualidade dos Serviços Digitais,64.0,7
2412005,3,Identificação Única,100.0,7
2412005,4,Segurança e LGPD,20.0,7
2412005,5,Dados e Interoperabilidade,0.0,7
2412005,6,Infraestrutura,55.7,7
2412005,7,Inovação e Tecnologias Emergentes,,7
2412005,8,Eficiência e Processos,,7
2412005,9,Transparência e Participação,55.56,7
2412005,10,Competências em Governo Digital,,7
2504009,1,Governança do Governo Digital,100.0,7
2504009,2,Qualidade dos Serviços Digitais,78.67,7
2504009,3,Identificação Única,0.0,7
2504009,4,Segurança e LGPD,40.0,7
2504009,5,Dados e Interoperabilidade,100.0,7
2504009,6,Infraestrutura,75.92,7
2504009,7,Inovação e Tecnologias Emergentes,,7
2504009,8,Eficiência e Processos,,7
2504009,9,Transparência e Participação,55.56,7
2504009,10,Competências em Governo Digital,,7
2507507,1,Governança do Governo Digital,100.0,7
2507507,2,Qualidade dos Serviços Digitais,94.67,7
2507507,3,Identificação Única,100.0,7
2507507,4,Segurança e LGPD,60.0,7
2507507,5,Dados e Interoperabilidade,100.0,7
2507507,6,Infraestrutura,66.72,7
2507507,7,Inovação e Tecnologias Emergentes,,7
2507507,8,Eficiência e Processos,,7
2507507,9,Transparência e Participação,88.89,7
2507507,10,Competências em Governo Digital,,7
2510808,1,Governança do Governo Digital,100.0,7
2510808,2,Qualidade dos Serviços Digitais,73.33,7
2510808,3,Identificação Única,100.0,7
2510808,4,Segurança e LGPD,80.0,7
2510808,5,Dados e Interoperabilidade,100.0,7
2510808,6,Infraestrutura,76.36,7
2510808,7,Inovação e Tecnologias Emergentes,,7
2510808,8,Eficiência e Processos,,7
2510808,9,Transparência e Participação,77.78,7
2510808,10,Competências em Governo Digital,,7
2513703,1,Governança do Governo Digital,100.0,7
2513703,2,Qualidade dos Serviços Digitais,51.33,7
2513703,3,Identificação Única,0.0,7
2513703,4,Segurança e LGPD,0.0,7
2513703,5,Dados e Interoperabilidade,0.0,7
2513703,6,Infraestrutura,64.14,7
2513703,7,Inovação e Tecnologias Emergentes,,7
2513703,8,Eficiência e Processos,,7
2513703,9,Transparência e Participação,66.67,7
2513703,10,Competências em Governo Digital,,7
2602902,1,Governança do Governo Digital,100.0,7
2602902,2,Qualidade dos Serviços Digitais,67.33,7
2602902,3,Identificação Única,0.0,7
2602902,4,Segurança e LGPD,40.0,7
2602902,5,Dados e Interoperabilidade,100.0,7
2602902,6,Infraestrutura,45.45,7
2602902,7,Inovação e Tecnologias Emergentes,,7
2602902,8,Eficiência e Processos,,7
2602902,9,Transparência e Participação,66.67,7
2602902,10,Competências em Governo Digital,,7
2603454,1,Governança do Governo Digital,100.0,7
2603454,2,Qualidade dos Serviços Digitais,44.0,7
2603454,3,Identificação Única,100.0,7
2603454,4,Segurança e LGPD,20.0,7
2603454,5,Dados e Interoperabilidade,100.0,7
2603454,6,Infraestrutura,56.67,7
2603454,7,Inovação e Tecnologias Emergentes,,7
2603454,8,Eficiência e Processos,,7
2603454,9,Transparência e Participação,55.56,7
2603454,10,Competências em Governo Digital,,7
2604106,1,Governança do Governo Digital,100.0,7
2604106,2,Qualidade dos Serviços Digitais,92.67,7
2604106,3,Identificação Única,100.0,7
2604106,4,Segurança e LGPD,60.0,7
2604106,5,Dados e Interoperabilidade,100.0,7
2604106,6,Infraestrutura,87.24,7
2604106,7,Inovação e Tecnologias Emergentes,,7
2604106,8,Eficiência e Processos,,7
2604106,9,Transparência e Participação,77.78,7
2604106,10,Competências em Governo Digital,,7
2606002,1,Governança do Governo Digital,100.0,7
2606002,2,Qualidade dos Serviços Digitais,76.0,7
2606002,3,Identificação Única,0.0,7
2606002,4,Segurança e LGPD,0.0,7
2606002,5,Dados e Interoperabilidade,100.0,7
2606002,6,Infraestrutura,66.57,7
2606002,7,Inovação e Tecnologias Emergentes,,7
2606002,8,Eficiência e Processos,,7
2606002,9,Transparência e Participação,66.67,7
2606002,10,Competências em Governo Digital,,7
2606804,1,Governança do Governo Digital,100.0,7
2606804,2,Qualidade dos Serviços Digitais,30.0,7
2606804,3,Identificação Única,0.0,7
2606804,4,Segurança e LGPD,0.0,7
2606804,5,Dados e Interoperabilidade,0.0,7
2606804,6,Infraestrutura,46.67,7
2606804,7,Inovação e Tecnologias Emergentes,,7
2606804,8,Eficiência e Processos,,7
2606804,9,Transparência e Participação,55.56,7
2606804,10,Competências em Governo Digital,,7
2607901,1,Governança do Governo Digital,100.0,7
2607901,2,Qualidade dos Serviços Digitais,88.67,7
2607901,3,Identificação Única,100.0,7
2607901,4,Segurança e LGPD,40.0,7
2607901,5,Dados e Interoperabilidade,100.0,7
2607901,6,Infraestrutura,86.11,7
2607901,7,Inovação e Tecnologias Emergentes,,7
2607901,8,Eficiência e Processos,,7
2607901,9,Transparência e Participação,88.89,7
2607901,10,Competências em Governo Digital,,7
2609600,1,Governança do Governo Digital,100.0,7
2609600,2,Qualidade dos Serviços Digitais,57.33,7
2609600,3,Identificação Única,100.0,7
2609600,4,Segurança e LGPD,40.0,7
2609600,5,Dados e Interoperabilidade,0.0,7
2609600,6,Infraestrutura,66.24,7
2609600,7,Inovação e Tecnologias Emergentes,,7
2609600,8,Eficiência e Processos,,7
2609600,9,Transparência e Participação,66.67,7
2609600,10,Competências em Governo Digital,,7
2610707,1,Governança do Governo Digital,100.0,7
2610707,2,Qualidade dos Serviços Digitais,62.67,7
2610707,3,Identificação Única,100.0,7
2610707,4,Segurança e LGPD,60.0,7
2610707,5,Dados e Interoperabilidade,0.0,7
2610707,6,Infraestrutura,67.02,7
2610707,7,Inovação e Tecnologias Emergentes,,7
2610707,8,Eficiência e Processos,,7
2610707,9,Transparência e Participação,44.44,7
2610707,10,Competências em Governo Digital,,7
2611101,1,Governança do Governo Digital,100.0,7
2611101,2,Qualidade dos Serviços Digitais,94.67,7
2611101,3,Identificação Única,0.0,7
2611101,4,Segurança e LGPD,80.0,7
2611101,5,Dados e Interoperabilidade,0.0,7
2611101,6,Infraestrutura,96.32,7
2611101,7,Inovação e Tecnologias Emergentes,,7
2611101,8,Eficiência e Processos,,7
2611101,9,Transparência e Participação,66.67,7
2611101,10,Competências em Governo Digital,,7
2611606,1,Governança do Governo Digital,100.0,7
2611606,2,Qualidade dos Serviços Digitais,85.33,7
2611606,3,Identificação Única,100.0,7
2611606,4,Segurança e LGPD,80.0,7
2611606,5,Dados e Interoperabilidade,100.0,7
2611606,6,Infraestrutura,97.2,7
2611606,7,Inovação e Tecnologias Emergentes,,7
2611606,8,Eficiência e Processos,,7
2611606,9,Transparência e Participação,77.78,7
2611606,10,Competências em Governo Digital,,7
2613701,1,Governança do Governo Digital,100.0,7
2613701,2,Qualidade dos Serviços Digitais,58.67,7
2613701,3,Identificação Única,0.0,7
2613701,4,Segurança e LGPD,60.0,7
2613701,5,Dados e Interoperabilidade,100.0,7
2613701,6,Infraestrutura,45.1,7
2613701,7,Inovação e Tecnologias Emergentes,,7
2613701,8,Eficiência e Processos,,7
2613701,9,Transparência e Participação,77.78,7
2613701,10,Competências em Governo Digital,,7
2616407,1,Governança do Governo Digital,100.0,7
2616407,2,Qualidade dos Serviços Digitais,74.67,7
2616407,3,Identificação Única,100.0,7
2616407,4,Segurança e LGPD,60.0,7
2616407,5,Dados e Interoperabilidade,0.0,7
2616407,6,Infraestrutura,66.72,7
2616407,7,Inovação e Tecnologias Emergentes,,7
2616407,8,Eficiência e Processos,,7
2616407,9,Transparência e Participação,66.67,7
2616407,10,Competências em Governo Digital,,7
2700300,1,Governança do Governo Digital,100.0,7
2700300,2,Qualidade dos Serviços Digitais,64.67,7
2700300,3,Identificação Única,100.0,7
2700300,4,Segurança e LGPD,40.0,7
2700300,5,Dados e Interoperabilidade,0.0,7
2700300,6,Infraestrutura,57.03,7
2700300,7,Inovação e Tecnologias Emergentes,,7
2700300,8,Eficiência e Processos,,7
2700300,9,Transparência e Participação,55.56,7
2700300,10,Competências em Governo Digital,,7
2704302,1,Governança do Governo Digital,100.0,7
2704302,2,Qualidade dos Serviços Digitais,58.67,7
2704302,3,Identificação Única,100.0,7
2704302,4,Segurança e LGPD,60.0,7
2704302,5,Dados e Interoperabilidade,0.0,7
2704302,6,Infraestrutura,86.44,7
2704302,7,Inovação e Tecnologias Emergentes,,7
2704302,8,Eficiência e Processos,,7
2704302,9,Transparência e Participação,77.78,7
2704302,10,Competências em Governo Digital,,7
2800308,1,Governança do Governo Digital,100.0,7
2800308,2,Qualidade dos Serviços Digitais,73.33,7
2800308,3,Identificação Única,100.0,7
2800308,4,Segurança e LGPD,60.0,7
2800308,5,Dados e Interoperabilidade,100.0,7
2800308,6,Infraestrutura,87.4,7
2800308,7,Inovação e Tecnologias Emergentes,,7
2800308,8,Eficiência e Processos,,7
2800308,9,Transparência e Participação,44.44,7
2800308,10,Competências em Governo Digital,,7
2802908,1,Governança do Governo Digital,100.0,7
2802908,2,Qualidade dos Serviços Digitais,56.67,7
2802908,3,Identificação Única,100.0,7
2802908,4,Segurança e LGPD,0.0,7
2802908,5,Dados e Interoperabilidade,0.0,7
2802908,6,Infraestrutura,76.79,7
2802908,7,Inovação e Tecnologias Emergentes,,7
2802908,8,Eficiência e Processos,,7
2802908,9,Transparência e Participação,44.44,7
2802908,10,Competências em Governo Digital,,7
2803500,1,Governança do Governo Digital,100.0,7
2803500,2,Qualidade dos Serviços Digitais,60.67,7
2803500,3,Identificação Única,100.0,7
2803500,4,Segurança e LGPD,60.0,7
2803500,5,Dados e Interoperabilidade,100.0,7
2803500,6,Infraestrutura,55.39,7
2803500,7,Inovação e Tecnologias Emergentes,,7
2803500,8,Eficiência e Processos,,7
2803500,9,Transparência e Participação,44.44,7
2803500,10,Competências em Governo Digital,,7
2804805,1,Governança do Governo Digital,100.0,7
2804805,2,Qualidade dos Serviços Digitais,60.0,7
2804805,3,Identificação Única,0.0,7
2804805,4,Segurança e LGPD,60.0,7
2804805,5,Dados e Interoperabilidade,0.0,7
2804805,6,Infraestrutura,56.25,7
2804805,7,Inovação e Tecnologias Emergentes,,7
2804805,8,Eficiência e Processos,,7
2804805,9,Transparência e Participação,44.44,7
2804805,10,Competências em Governo Digital,,7
2900702,1,Governança do Governo Digital,100.0,7
2900702,2,Qualidade dos Serviços Digitais,78.67,7
2900702,3,Identificação Única,100.0,7
2900702,4,Segurança e LGPD,0.0,7
2900702,5,Dados e Interoperabilidade,0.0,7
2900702,6,Infraestrutura,86.32,7
2900702,7,Inovação e Tecnologias Emergentes,,7
2900702,8,Eficiência e Processos,,7
2900702,9,Transparência e Participação,55.56,7
2900702,10,Competências em Governo Digital,,7
2903201,1,Governança do Governo Digital,100.0,7
2903201,2,Qualidade dos Serviços Digitais,78.0,7
2903201,3,Identificação Única,100.0,7
2903201,4,Segurança e LGPD,0.0,7
2903201,5,Dados e Interoperabilidade,0.0,7
2903201,6,Infraestrutura,64.95,7
2903201,7,Inovação e Tecnologias Emergentes,,7
2903201,8,Eficiência e Processos,,7
2903201,9,Transparência e Participação,66.67,7
2903201,10,Competências em Governo Digital,,7
2905701,1,Governança do Governo Digital,100.0,7
2905701,2,Qualidade dos Serviços Digitais,63.33,7
2905701,3,Identificação Única,100.0,7
2905701,4,Segurança e LGPD,0.0,7
2905701,5,Dados e Interoperabilidade,0.0,7
2905701,6,Infraestrutura,67.0,7
2905701,7,Inovação e Tecnologias Emergentes,,7
2905701,8,Eficiência e Processos,,7
2905701,9,Transparência e Participação,55.56,7
2905701,10,Competências em Governo Digital,,7
2910727,1,Governança do Governo Digital,100.0,7
2910727,2,Qualidade dos Serviços Digitais,65.33,7
2910727,3,Identificação Única,0.0,7
2910727,4,Segurança e LGPD,20.0,7
2910727,5,Dados e Interoperabilidade,0.0,7
2910727,6,Infraestrutura,46.7,7
2910727,7,Inovação e Tecnologias Emergentes,,7
2910727,8,Eficiência e Processos,,7
2910727,9,Transparência e Participação,50.0,7
2910727,10,Competências em Governo Digital,,7
2910800,1,Governança do Governo Digital,100.0,7
2910800,2,Qualidade dos Serviços Digitais,66.67,7
2910800,3,Identificação Única,100.0,7
2910800,4,Segurança e LGPD,20.0,7
2910800,5,Dados e Interoperabilidade,0.0,7
2910800,6,Infraestrutura,47.45,7
2910800,7,Inovação e Tecnologias Emergentes,,7
2910800,8,Eficiência e Processos,,7
2910800,9,Transparência e Participação,33.33,7
2910800,10,Competências em Governo Digital,,7
2913606,1,Governança do Governo Digital,100.0,7
2913606,2,Qualidade dos Serviços Digitais,71.33,7
2913606,3,Identificação Única,100.0,7
2913606,4,Segurança e LGPD,60.0,7
2913606,5,Dados e Interoperabilidade,100.0,7
2913606,6,Infraestrutura,55.32,7
2913606,7,Inovação e Tecnologias Emergentes,,7
2913606,8,Eficiência e Processos,,7
2913606,9,Transparência e Participação,55.56,7
2913606,10,Competências em Governo Digital,,7
2914802,1,Governança do Governo Digital,100.0,7
2914802,2,Qualidade dos Serviços Digitais,66.67,7
2914802,3,Identificação Única,0.0,7
2914802,4,Segurança e LGPD,80.0,7
2914802,5,Dados e Interoperabilidade,0.0,7
2914802,6,Infraestrutura,66.0,7
2914802,7,Inovação e Tecnologias Emergentes,,7
2914802,8,Eficiência e Processos,,7
2914802,9,Transparência e Participação,44.44,7
2914802,10,Competências em Governo Digital,,7
2918001,1,Governança do Governo Digital,100.0,7
2918001,2,Qualidade dos Serviços Digitais,56.67,7
2918001,3,Identificação Única,100.0,7
2918001,4,Segurança e LGPD,0.0,7
2918001,5,Dados e Interoperabilidade,0.0,7
2918001,6,Infraestrutura,54.74,7
2918001,7,Inovação e Tecnologias Emergentes,,7
2918001,8,Eficiência e Processos,,7
2918001,9,Transparência e Participação,77.78,7
2918001,10,Competências em Governo Digital,,7
2918407,1,Governança do Governo Digital,100.0,7
2918407,2,Qualidade dos Serviços Digitais,71.33,7
2918407,3,Identificação Única,100.0,7
2918407,4,Segurança e LGPD,40.0,7
2918407,5,Dados e Interoperabilidade,0.0,7
2918407,6,Infraestrutura,75.58,7
2918407,7,Inovação e Tecnologias Emergentes,,7
2918407,8,Eficiência e Processos,,7
2918407,9,Transparência e Participação,44.44,7
2918407,10,Competências em Governo Digital,,7
2919207,1,Governança do Governo Digital,100.0,7
2919207,2,Qualidade dos Serviços Digitais,53.33,7
2919207,3,Identificação Única,100.0,7
2919207,4,Segurança e LGPD,0.0,7
2919207,5,Dados e Interoperabilidade,0.0,7
2919207,6,Infraestrutura,45.19,7
2919207,7,Inovação e Tecnologias Emergentes,,7
2919207,8,Eficiência e Processos,,7
2919207,9,Transparência e Participação,44.44,7
2919207,10,Competências em Governo Digital,,7
2919553,1,Governança do Governo Digital,0.0,7
2919553,2,Qualidade dos Serviços Digitais,54.67,7
2919553,3,Identificação Única,0.0,7
2919553,4,Segurança e LGPD,20.0,7
2919553,5,Dados e Interoperabilidade,0.0,7
2919553,6,Infraestrutura,56.25,7
2919553,7,Inovação e Tecnologias Emergentes,,7
2919553,8,Eficiência e Processos,,7
2919553,9,Transparência e Participação,66.67,7
2919553,10,Competências em Governo Digital,,7
2924009,1,Governança do Governo Digital,100.0,7
2924009,2,Qualidade dos Serviços Digitais,60.67,7
2924009,3,Identificação Única,100.0,7
2924009,4,Segurança e LGPD,40.0,7
2924009,5,Dados e Interoperabilidade,0.0,7
2924009,6,Infraestrutura,64.59,7
2924009,7,Inovação e Tecnologias Emergentes,,7
2924009,8,Eficiência e Processos,,7
2924009,9,Transparência e Participação,77.78,7
2924009,10,Competências em Governo Digital,,7
2925303,1,Governança do Governo Digital,100.0,7
2925303,2,Qualidade dos Serviços Digitais,64.0,7
2925303,3,Identificação Única,100.0,7
2925303,4,Segurança e LGPD,20.0,7
2925303,5,Dados e Interoperabilidade,0.0,7
2925303,6,Infraestrutura,55.24,7
2925303,7,Inovação e Tecnologias Emergentes,,7
2925303,8,Eficiência e Processos,,7
2925303,9,Transparência e Participação,77.78,7
2925303,10,Competências em Governo Digital,,7
2927408,1,Governança do Governo Digital,100.0,7
2927408,2,Qualidade dos Serviços Digitais,96.0,7
2927408,3,Identificação Única,100.0,7
2927408,4,Segurança e LGPD,100.0,7
2927408,5,Dados e Interoperabilidade,100.0,7
2927408,6,Infraestrutura,96.42,7
2927408,7,Inovação e Tecnologias Emergentes,,7
2927408,8,Eficiência e Processos,,7
2927408,9,Transparência e Participação,77.78,7
2927408,10,Competências em Governo Digital,,7
2928703,1,Governança do Governo Digital,100.0,7
2928703,2,Qualidade dos Serviços Digitais,74.0,7
2928703,3,Identificação Única,100.0,7
2928703,4,Segurança e LGPD,60.0,7
2928703,5,Dados e Interoperabilidade,0.0,7
2928703,6,Infraestrutura,55.41,7
2928703,7,Inovação e Tecnologias Emergentes,,7
2928703,8,Eficiência e Processos,,7
2928703,9,Transparência e Participação,55.56,7
2928703,10,Competências em Governo Digital,,7
2930709,1,Governança do Governo Digital,100.0,7
2930709,2,Qualidade dos Serviços Digitais,54.0,7
2930709,3,Identificação Única,100.0,7
2930709,4,Segurança e LGPD,20.0,7
2930709,5,Dados e Interoperabilidade,0.0,7
2930709,6,Infraestrutura,56.0,7
2930709,7,Inovação e Tecnologias Emergentes,,7
2930709,8,Eficiência e Processos,,7
2930709,9,Transparência e Participação,55.56,7
2930709,10,Competências em Governo Digital,,7
2931350,1,Governança do Governo Digital,100.0,7
2931350,2,Qualidade dos Serviços Digitais,62.0,7
2931350,3,Identificação Única,100.0,7
2931350,4,Segurança e LGPD,20.0,7
2931350,5,Dados e Interoperabilidade,100.0,7
2931350,6,Infraestrutura,56.04,7
2931350,7,Inovação e Tecnologias Emergentes,,7
2931350,8,Eficiência e Processos,,7
2931350,9,Transparência e Participação,55.56,7
2931350,10,Competências em Governo Digital,,7
2933307,1,Governança do Governo Digital,100.0,7
2933307,2,Qualidade dos Serviços Digitais,77.33,7
2933307,3,Identificação Única,100.0,7
2933307,4,Segurança e LGPD,80.0,7
2933307,5,Dados e Interoperabilidade,100.0,7
2933307,6,Infraestrutura,95.02,7
2933307,7,Inovação e Tecnologias Emergentes,,7
2933307,8,Eficiência e Processos,,7
2933307,9,Transparência e Participação,100.0,7
2933307,10,Competências em Governo Digital,,7
3103504,1,Governança do Governo Digital,100.0,7
3103504,2,Qualidade dos Serviços Digitais,80.67,7
3103504,3,Identificação Única,100.0,7
3103504,4,Segurança e LGPD,20.0,7
3103504,5,Dados e Interoperabilidade,100.0,7
3103504,6,Infraestrutura,57.14,7
3103504,7,Inovação e Tecnologias Emergentes,,7
3103504,8,Eficiência e Processos,,7
3103504,9,Transparência e Participação,66.67,7
3103504,10,Competências em Governo Digital,,7
3104007,1,Governança do Governo Digital,100.0,7
3104007,2,Qualidade dos Serviços Digitais,76.0,7
3104007,3,Identificação Única,100.0,7
3104007,4,Segurança e LGPD,20.0,7
3104007,5,Dados e Interoperabilidade,0.0,7
3104007,6,Infraestrutura,97.65,7
3104007,7,Inovação e Tecnologias Emergentes,,7
3104007,8,Eficiência e Processos,,7
3104007,9,Transparência e Participação,44.44,7
3104007,10,Competências em Governo Digital,,7
3105608,1,Governança do Governo Digital,100.0,7
3105608,2,Qualidade dos Serviços Digitais,82.0,7
3105608,3,Identificação Única,100.0,7
3105608,4,Segurança e LGPD,20.0,7
3105608,5,Dados e Interoperabilidade,100.0,7
3105608,6,Infraestrutura,47.38,7
3105608,7,Inovação e Tecnologias Emergentes,,7
3105608,8,Eficiência e Processos,,7
3105608,9,Transparência e Participação,66.67,7
3105608,10,Competências em Governo Digital,,7
3106200,1,Governança do Governo Digital,100.0,7
3106200,2,Qualidade dos Serviços Digitais,100.0,7
3106200,3,Identificação Única,100.0,7
3106200,4,Segurança e LGPD,100.0,7
3106200,5,Dados e Interoperabilidade,100.0,7
3106200,6,Infraestrutura,97.47,7
3106200,7,Inovação e Tecnologias Emergentes,,7
3106200,8,Eficiência e Processos,,7
3106200,9,Transparência e Participação,77.78,7
3106200,10,Competências em Governo Digital,,7
3106705,1,Governança do Governo Digital,100.0,7
3106705,2,Qualidade dos Serviços Digitais,83.33,7
3106705,3,Identificação Única,100.0,7
3106705,4,Segurança e LGPD,20.0,7
3106705,5,Dados e Interoperabilidade,0.0,7
3106705,6,Infraestrutura,67.35,7
3106705,7,Inovação e Tecnologias Emergentes,,7
3106705,8,Eficiência e Processos,,7
3106705,9,Transparência e Participação,44.44,7
3106705,10,Competências em Governo Digital,,7
3118304,1,Governança do Governo Digital,100.0,7
3118304,2,Qualidade dos Serviços Digitais,60.67,7
3118304,3,Identificação Única,0.0,7
3118304,4,Segurança e LGPD,0.0,7
3118304,5,Dados e Interoperabilidade,0.0,7
3118304,6,Infraestrutura,26.85,7
3118304,7,Inovação e Tecnologias Emergentes,,7
3118304,8,Eficiência e Processos,,7
3118304,9,Transparência e Participação,44.44,7
3118304,10,Competências em Governo Digital,,7
3118601,1,Governança do Governo Digital,100.0,7
3118601,2,Qualidade dos Serviços Digitais,81.33,7
3118601,3,Identificação Única,100.0,7
3118601,4,Segurança e LGPD,40.0,7
3118601,5,Dados e Interoperabilidade,100.0,7
3118601,6,Infraestrutura,87.61,7
3118601,7,Inovação e Tecnologias Emergentes,,7
3118601,8,Eficiência e Processos,,7
3118601,9,Transparência e Participação,55.56,7
3118601,10,Competências em Governo Digital,,7
3119401,1,Governança do Governo Digital,100.0,7
3119401,2,Qualidade dos Serviços Digitais,68.67,7
3119401,3,Identificação Única,100.0,7
3119401,4,Segurança e LGPD,40.0,7
3119401,5,Dados e Interoperabilidade,0.0,7
3119401,6,Infraestrutura,58.22,7
3119401,7,Inovação e Tecnologias Emergentes,,7
3119401,8,Eficiência e Processos,,7
3119401,9,Transparência e Participação,55.56,7
3119401,10,Competências em Governo Digital,,7
3122306,1,Governança do Governo Digital,100.0,7
3122306,2,Qualidade dos Serviços Digitais,86.67,7
3122306,3,Identificação Única,100.0,7
3122306,4,Segurança e LGPD,0.0,7
3122306,5,Dados e Interoperabilidade,0.0,7
3122306,6,Infraestrutura,67.5,7
3122306,7,Inovação e Tecnologias Emergentes,,7
3122306,8,Eficiência e Processos,,7
3122306,9,Transparência e Participação,33.33,7
3122306,10,Competências em Governo Digital,,7
3127701,1,Governança do Governo Digital,100.0,7
3127701,2,Qualidade dos Serviços Digitais,72.0,7
3127701,3,Identificação Única,100.0,7
3127701,4,Segurança e LGPD,20.0,7
3127701,5,Dados e Interoperabilidade,100.0,7
3127701,6,Infraestrutura,98.19,7
3127701,7,Inovação e Tecnologias Emergentes,,7
3127701,8,Eficiência e Processos,,7
3127701,9,Transparência e Participação,77.78,7
3127701,10,Competências em Governo Digital,,7
3129806,1,Governança do Governo Digital,100.0,7
3129806,2,Qualidade dos Serviços Digitais,96.67,7
3129806,3,Identificação Única,100.0,7
3129806,4,Segurança e LGPD,0.0,7
3129806,5,Dados e Interoperabilidade,100.0,7
3129806,6,Infraestrutura,66.51,7
3129806,7,Inovação e Tecnologias Emergentes,,7
3129806,8,Eficiência e Processos,,7
3129806,9,Transparência e Participação,77.78,7
3129806,10,Competências em Governo Digital,,7
3131307,1,Governança do Governo Digital,100.0,7
3131307,2,Qualidade dos Serviços Digitais,66.67,7
3131307,3,Identificação Única,0.0,7
3131307,4,Segurança e LGPD,20.0,7
3131307,5,Dados e Interoperabilidade,0.0,7
3131307,6,Infraestrutura,47.44,7
3131307,7,Inovação e Tecnologias Emergentes,,7
3131307,8,Eficiência e Processos,,7
3131307,9,Transparência e Participação,44.44,7
3131307,10,Competências em Governo Digital,,7
3131703,1,Governança do Governo Digital,100.0,7
3131703,2,Qualidade dos Serviços Digitais,70.67,7
3131703,3,Identificação Única,0.0,7
3131703,4,Segurança e LGPD,40.0,7
3131703,5,Dados e Interoperabilidade,0.0,7
3131703,6,Infraestrutura,67.23,7
3131703,7,Inovação e Tecnologias Emergentes,,7
3131703,8,Eficiência e Processos,,7
3131703,9,Transparência e Participação,55.56,7
3131703,10,Competências em Governo Digital,,7
3134202,1,Governança do Governo Digital,100.0,7
3134202,2,Qualidade dos Serviços Digitais,74.0,7
3134202,3,Identificação Única,100.0,7
3134202,4,Segurança e LGPD,20.0,7
3134202,5,Dados e Interoperabilidade,0.0,7
3134202,6,Infraestrutura,67.6,7
3134202,7,Inovação e Tecnologias Emergentes,,7
3134202,8,Eficiência e Processos,,7
3134202,9,Transparência e Participação,55.56,7
3134202,10,Competências em Governo Digital,,7
3136702,1,Governança do Governo Digital,100.0,7
3136702,2,Qualidade dos Serviços Digitais,73.33,7
3136702,3,Identificação Única,100.0,7
3136702,4,Segurança e LGPD,100.0,7
3136702,5,Dados e Interoperabilidade,100.0,7
3136702,6,Infraestrutura,77.1,7
3136702,7,Inovação e Tecnologias Emergentes,,7
3136702,8,Eficiência e Processos,,7
3136702,9,Transparência e Participação,77.78,7
3136702,10,Competências em Governo Digital,,7
3138203,1,Governança do Governo Digital,100.0,7
3138203,2,Qualidade dos Serviços Digitais,64.67,7
3138203,3,Identificação Única,100.0,7
3138203,4,Segurança e LGPD,80.0,7
3138203,5,Dados e Interoperabilidade,0.0,7
3138203,6,Infraestrutura,76.64,7
3138203,7,Inovação e Tecnologias Emergentes,,7
3138203,8,Eficiência e Processos,,7
3138203,9,Transparência e Participação,33.33,7
3138203,10,Competências em Governo Digital,,7
3143302,1,Governança do Governo Digital,100.0,7
3143302,2,Qualidade dos Serviços Digitais,78.0,7
3143302,3,Identificação Única,100.0,7
3143302,4,Segurança e LGPD,0.0,7
3143302,5,Dados e Interoperabilidade,100.0,7
3143302,6,Infraestrutura,57.33,7
3143302,7,Inovação e Tecnologias Emergentes,,7
3143302,8,Eficiência e Processos,,7
3143302,9,Transparência e Participação,44.44,7
3143302,10,Competências em Governo Digital,,7
3143906,1,Governança do Governo Digital,100.0,7
3143906,2,Qualidade dos Serviços Digitais,73.33,7
3143906,3,Identificação Única,0.0,7
3143906,4,Segurança e LGPD,0.0,7
3143906,5,Dados e Interoperabilidade,0.0,7
3143906,6,Infraestrutura,57.0,7
3143906,7,Inovação e Tecnologias Emergentes,,7
3143906,8,Eficiência e Processos,,7
3143906,9,Transparência e Participação,66.67,7
3143906,10,Competências em Governo Digital,,7
3144805,1,Governança do Governo Digital,100.0,7
3144805,2,Qualidade dos Serviços Digitais,82.0,7
3144805,3,Identificação Única,100.0,7
3144805,4,Segurança e LGPD,0.0,7
3144805,5,Dados e Interoperabilidade,0.0,7
3144805,6,Infraestrutura,77.32,7
3144805,7,Inovação e Tecnologias Emergentes,,7
3144805,8,Eficiência e Processos,,7
3144805,9,Transparência e Participação,44.44,7
3144805,10,Competências em Governo Digital,,7
3145208,1,Governança do Governo Digital,100.0,7
3145208,2,Qualidade dos Serviços Digitais,78.0,7
3145208,3,Identificação Única,100.0,7
3145208,4,Segurança e LGPD,0.0,7
3145208,5,Dados e Interoperabilidade,100.0,7
3145208,6,Infraestrutura,97.85,7
3145208,7,Inovação e Tecnologias Emergentes,,7
3145208,8,Eficiência e Processos,,7
3145208,9,Transparência e Participação,44.44,7
3145208,10,Competências em Governo Digital,,7
3147907,1,Governança do Governo Digital,100.0,7
3147907,2,Qualidade dos Serviços Digitais,65.33,7
3147907,3,Identificação Única,0.0,7
3147907,4,Segurança e LGPD,0.0,7
3147907,5,Dados e Interoperabilidade,0.0,7
3147907,6,Infraestrutura,66.8,7
3147907,7,Inovação e Tecnologias Emergentes,,7
3147907,8,Eficiência e Processos,,7
3147907,9,Transparência e Participação,77.78,7
3147907,10,Competências em Governo Digital,,7
3148004,1,Governança do Governo Digital,100.0,7
3148004,2,Qualidade dos Serviços Digitais,80.0,7
3148004,3,Identificação Única,100.0,7
3148004,4,Segurança e LGPD,40.0,7
3148004,5,Dados e Interoperabilidade,100.0,7
3148004,6,Infraestrutura,56.67,7
3148004,7,Inovação e Tecnologias Emergentes,,7
3148004,8,Eficiência e Processos,,7
3148004,9,Transparência e Participação,77.78,7
3148004,10,Competências em Governo Digital,,7
3151800,1,Governança do Governo Digital,100.0,7
3151800,2,Qualidade dos Serviços Digitais,63.33,7
3151800,3,Identificação Única,100.0,7
3151800,4,Segurança e LGPD,40.0,7
3151800,5,Dados e Interoperabilidade,100.0,7
3151800,6,Infraestrutura,96.97,7
3151800,7,Inovação e Tecnologias Emergentes,,7
3151800,8,Eficiência e Processos,,7
3151800,9,Transparência e Participação,44.44,7
3151800,10,Competências em Governo Digital,,7
3152501,1,Governança do Governo Digital,100.0,7
3152501,2,Qualidade dos Serviços Digitais,70.0,7
3152501,3,Identificação Única,100.0,7
3152501,4,Segurança e LGPD,20.0,7
3152501,5,Dados e Interoperabilidade,0.0,7
3152501,6,Infraestrutura,77.54,7
3152501,7,Inovação e Tecnologias Emergentes,,7
3152501,8,Eficiência e Processos,,7
3152501,9,Transparência e Participação,44.44,7
3152501,10,Competências em Governo Digital,,7
3154606,1,Governança do Governo Digital,100.0,7
3154606,2,Qualidade dos Serviços Digitais,72.67,7
3154606,3,Identificação Única,100.0,7
3154606,4,Segurança e LGPD,40.0,7
3154606,5,Dados e Interoperabilidade,0.0,7
3154606,6,Infraestrutura,67.97,7
3154606,7,Inovação e Tecnologias Emergentes,,7
3154606,8,Eficiência e Processos,,7
3154606,9,Transparência e Participação,55.56,7
3154606,10,Competências em Governo Digital,,7
3156700,1,Governança do Governo Digital,100.0,7
3156700,2,Qualidade dos Serviços Digitais,79.33,7
3156700,3,Identificação Única,100.0,7
3156700,4,Segurança e LGPD,20.0,7
3156700,5,Dados e Interoperabilidade,0.0,7
3156700,6,Infraestrutura,57.73,7
3156700,7,Inovação e Tecnologias Emergentes,,7
3156700,8,Eficiência e Processos,,7
3156700,9,Transparência e Participação,44.44,7
3156700,10,Competências em Governo Digital,,7
3157807,1,Governança do Governo Digital,100.0,7
3157807,2,Qualidade dos Serviços Digitais,74.67,7
3157807,3,Identificação Única,100.0,7
3157807,4,Segurança e LGPD,40.0,7
3157807,5,Dados e Interoperabilidade,0.0,7
3157807,6,Infraestrutura,76.41,7
3157807,7,Inovação e Tecnologias Emergentes,,7
3157807,8,Eficiência e Processos,,7
3157807,9,Transparência e Participação,88.89,7
3157807,10,Competências em Governo Digital,,7
3167202,1,Governança do Governo Digital,100.0,7
3167202,2,Qualidade dos Serviços Digitais,70.0,7
3167202,3,Identificação Única,0.0,7
3167202,4,Segurança e LGPD,0.0,7
3167202,5,Dados e Interoperabilidade,100.0,7
3167202,6,Infraestrutura,87.15,7
3167202,7,Inovação e Tecnologias Emergentes,,7
3167202,8,Eficiência e Processos,,7
3167202,9,Transparência e Participação,55.56,7
3167202,10,Competências em Governo Digital,,7
3168606,1,Governança do Governo Digital,100.0,7
3168606,2,Qualidade dos Serviços Digitais,57.33,7
3168606,3,Identificação Única,100.0,7
3168606,4,Segurança e LGPD,40.0,7
3168606,5,Dados e Interoperabilidade,0.0,7
3168606,6,Infraestrutura,64.56,7
3168606,7,Inovação e Tecnologias Emergentes,,7
3168606,8,Eficiência e Processos,,7
3168606,9,Transparência e Participação,55.56,7
3168606,10,Competências em Governo Digital,,7
3169901,1,Governança do Governo Digital,100.0,7
3169901,2,Qualidade dos Serviços Digitais,70.0,7
3169901,3,Identificação Única,100.0,7
3169901,4,Segurança e LGPD,40.0,7
3169901,5,Dados e Interoperabilidade,100.0,7
3169901,6,Infraestrutura,56.68,7
3169901,7,Inovação e Tecnologias Emergentes,,7
3169901,8,Eficiência e Processos,,7
3169901,9,Transparência e Participação,66.67,7
3169901,10,Competências em Governo Digital,,7
3170107,1,Governança do Governo Digital,100.0,7
3170107,2,Qualidade dos Serviços Digitais,82.67,7
3170107,3,Identificação Única,100.0,7
3170107,4,Segurança e LGPD,80.0,7
3170107,5,Dados e Interoperabilidade,100.0,7
3170107,6,Infraestrutura,77.81,7
3170107,7,Inovação e Tecnologias Emergentes,,7
3170107,8,Eficiência e Processos,,7
3170107,9,Transparência e Participação,55.56,7
3170107,10,Competências em Governo Digital,,7
3170206,1,Governança do Governo Digital,100.0,7
3170206,2,Qualidade dos Serviços Digitais,85.33,7
3170206,3,Identificação Única,100.0,7
3170206,4,Segurança e LGPD,80.0,7
3170206,5,Dados e Interoperabilidade,100.0,7
3170206,6,Infraestrutura,97.29,7
3170206,7,Inovação e Tecnologias Emergentes,,7
3170206,8,Eficiência e Processos,,7
3170206,9,Transparência e Participação,77.78,7
3170206,10,Competências em Governo Digital,,7
3170701,1,Governança do Governo Digital,100.0,7
3170701,2,Qualidade dos Serviços Digitais,90.0,7
3170701,3,Identificação Única,0.0,7
3170701,4,Segurança e LGPD,20.0,7
3170701,5,Dados e Interoperabilidade,0.0,7
3170701,6,Infraestrutura,77.6,7
3170701,7,Inovação e Tecnologias Emergentes,,7
3170701,8,Eficiência e Processos,,7
3170701,9,Transparência e Participação,77.78,7
3170701,10,Competências em Governo Digital,,7
3171204,1,Governança do Governo Digital,100.0,7
3171204,2,Qualidade dos Serviços Digitais,63.33,7
3171204,3,Identificação Única,0.0,7
3171204,4,Segurança e LGPD,0.0,7
3171204,5,Dados e Interoperabilidade,0.0,7
3171204,6,Infraestrutura,47.1,7
3171204,7,Inovação e Tecnologias Emergentes,,7
3171204,8,Eficiência e Processos,,7
3171204,9,Transparência e Participação,55.56,7
3171204,10,Competências em Governo Digital,,7
3201209,1,Governança do Governo Digital,100.0,7
3201209,2,Qualidade dos Serviços Digitais,93.33,7
3201209,3,Identificação Única,100.0,7
3201209,4,Segurança e LGPD,100.0,7
3201209,5,Dados e Interoperabilidade,100.0,7
3201209,6,Infraestrutura,87.78,7
3201209,7,Inovação e Tecnologias Emergentes,,7
3201209,8,Eficiência e Processos,,7
3201209,9,Transparência e Participação,88.89,7
3201209,10,Competências em Governo Digital,,7
3201308,1,Governança do Governo Digital,100.0,7
3201308,2,Qualidade dos Serviços Digitais,82.0,7
3201308,3,Identificação Única,100.0,7
3201308,4,Segurança e LGPD,100.0,7
3201308,5,Dados e Interoperabilidade,100.0,7
3201308,6,Infraestrutura,77.15,7
3201308,7,Inovação e Tecnologias Emergentes,,7
3201308,8,Eficiência e Processos,,7
3201308,9,Transparência e Participação,88.89,7
3201308,10,Competências em Governo Digital,,7
3201506,1,Governança do Governo Digital,100.0,7
3201506,2,Qualidade dos Serviços Digitais,80.0,7
3201506,3,Identificação Única,100.0,7
3201506,4,Segurança e LGPD,80.0,7
3201506,5,Dados e Interoperabilidade,0.0,7
3201506,6,Infraestrutura,67.77,7
3201506,7,Inovação e Tecnologias Emergentes,,7
3201506,8,Eficiência e Processos,,7
3201506,9,Transparência e Participação,72.22,7
3201506,10,Competências em Governo Digital,,7
3202405,1,Governança do Governo Digital,100.0,7
3202405,2,Qualidade dos Serviços Digitais,60.67,7
3202405,3,Identificação Única,100.0,7
3202405,4,Segurança e LGPD,0.0,7
3202405,5,Dados e Interoperabilidade,0.0,7
3202405,6,Infraestrutura,48.48,7
3202405,7,Inovação e Tecnologias Emergentes,,7
3202405,8,Eficiência e Processos,,7
3202405,9,Transparência e Participação,66.67,7
3202405,10,Competências em Governo Digital,,7
3203205,1,Governança do Governo Digital,100.0,7
3203205,2,Qualidade dos Serviços Digitais,92.0,7
3203205,3,Identificação Única,100.0,7
3203205,4,Segurança e LGPD,80.0,7
3203205,5,Dados e Interoperabilidade,100.0,7
3203205,6,Infraestrutura,74.99,7
3203205,7,Inovação e Tecnologias Emergentes,,7
3203205,8,Eficiência e Processos,,7
3203205,9,Transparência e Participação,55.56,7
3203205,10,Competências em Governo Digital,,7
3204906,1,Governança do Governo Digital,100.0,7
3204906,2,Qualidade dos Serviços Digitais,80.0,7
3204906,3,Identificação Única,100.0,7
3204906,4,Segurança e LGPD,20.0,7
3204906,5,Dados e Interoperabilidade,0.0,7
3204906,6,Infraestrutura,67.27,7
3204906,7,Inovação e Tecnologias Emergentes,,7
3204906,8,Eficiência e Processos,,7
3204906,9,Transparência e Participação,83.33,7
3204906,10,Competências em Governo Digital,,7
3205002,1,Governança do Governo Digital,100.0,7
3205002,2,Qualidade dos Serviços Digitais,85.33,7
3205002,3,Identificação Única,100.0,7
3205002,4,Segurança e LGPD,40.0,7
3205002,5,Dados e Interoperabilidade,100.0,7
3205002,6,Infraestrutura,77.8,7
3205002,7,Inovação e Tecnologias Emergentes,,7
3205002,8,Eficiência e Processos,,7
3205002,9,Transparência e Participação,77.78,7
3205002,10,Competências em Governo Digital,,7
3205200,1,Governança do Governo Digital,100.0,7
3205200,2,Qualidade dos Serviços Digitais,86.0,7
3205200,3,Identificação Única,100.0,7
3205200,4,Segurança e LGPD,40.0,7
3205200,5,Dados e Interoperabilidade,100.0,7
3205200,6,Infraestrutura,98.29,7
3205200,7,Inovação e Tecnologias Emergentes,,7
3205200,8,Eficiência e Processos,,7
3205200,9,Transparência e Participação,100.0,7
3205200,10,Competências em Governo Digital,,7
3205309,1,Governança do Governo Digital,100.0,7
3205309,2,Qualidade dos Serviços Digitais,83.33,7
3205309,3,Identificação Única,0.0,7
3205309,4,Segurança e LGPD,80.0,7
3205309,5,Dados e Interoperabilidade,100.0,7
3205309,6,Infraestrutura,78.23,7
3205309,7,Inovação e Tecnologias Emergentes,,7
3205309,8,Eficiência e Processos,,7
3205309,9,Transparência e Participação,88.89,7
3205309,10,Competências em Governo Digital,,7
3300100,1,Governança do Governo Digital,100.0,7
3300100,2,Qualidade dos Serviços Digitais,74.67,7
3300100,3,Identificação Única,100.0,7
3300100,4,Segurança e LGPD,100.0,7
3300100,5,Dados e Interoperabilidade,0.0,7
3300100,6,Infraestrutura,76.4,7
3300100,7,Inovação e Tecnologias Emergentes,,7
3300100,8,Eficiência e Processos,,7
3300100,9,Transparência e Participação,88.89,7
3300100,10,Competências em Governo Digital,,7
3300209,1,Governança do Governo Digital,100.0,7
3300209,2,Qualidade dos Serviços Digitais,62.0,7
3300209,3,Identificação Única,100.0,7
3300209,4,Segurança e LGPD,0.0,7
3300209,5,Dados e Interoperabilidade,100.0,7
3300209,6,Infraestrutura,44.35,7
3300209,7,Inovação e Tecnologias Emergentes,,7
3300209,8,Eficiência e Processos,,7
3300209,9,Transparência e Participação,22.22,7
3300209,10,Competências em Governo Digital,,7
3300407,1,Governança do Governo Digital,100.0,7
3300407,2,Qualidade dos Serviços Digitais,79.33,7
3300407,3,Identificação Única,100.0,7
3300407,4,Segurança e LGPD,60.0,7
3300407,5,Dados e Interoperabilidade,100.0,7
3300407,6,Infraestrutura,67.57,7
3300407,7,Inovação e Tecnologias Emergentes,,7
3300407,8,Eficiência e Processos,,7
3300407,9,Transparência e Participação,66.67,7
3300407,10,Competências em Governo Digital,,7
3300456,1,Governança do Governo Digital,100.0,7
3300456,2,Qualidade dos Serviços Digitais,63.33,7
3300456,3,Identificação Única,100.0,7
3300456,4,Segurança e LGPD,60.0,7
3300456,5,Dados e Interoperabilidade,0.0,7
3300456,6,Infraestrutura,55.62,7
3300456,7,Inovação e Tecnologias Emergentes,,7
3300456,8,Eficiência e Processos,,7
3300456,9,Transparência e Participação,66.67,7
3300456,10,Competências em Governo Digital,,7
3300704,1,Governança do Governo Digital,100.0,7
3300704,2,Qualidade dos Serviços Digitais,76.67,7
3300704,3,Identificação Única,0.0,7
3300704,4,Segurança e LGPD,40.0,7
3300704,5,Dados e Interoperabilidade,0.0,7
3300704,6,Infraestrutura,56.62,7
3300704,7,Inovação e Tecnologias Emergentes,,7
3300704,8,Eficiência e Processos,,7
3300704,9,Transparência e Participação,55.56,7
3300704,10,Competências em Governo Digital,,7
3301009,1,Governança do Governo Digital,0.0,7
3301009,2,Qualidade dos Serviços Digitais,0.0,7
3301009,3,Identificação Única,0.0,7
3301009,4,Segurança e LGPD,60.0,7
3301009,5,Dados e Interoperabilidade,0.0,7
3301009,6,Infraestrutura,16.62,7
3301009,7,Inovação e Tecnologias Emergentes,,7
3301009,8,Eficiência e Processos,,7
3301009,9,Transparência e Participação,22.22,7
3301009,10,Competências em Governo Digital,,7
3301702,1,Governança do Governo Digital,100.0,7
3301702,2,Qualidade dos Serviços Digitais,64.67,7
3301702,3,Identificação Única,100.0,7
3301702,4,Segurança e LGPD,60.0,7
3301702,5,Dados e Interoperabilidade,100.0,7
3301702,6,Infraestrutura,96.95,7
3301702,7,Inovação e Tecnologias Emergentes,,7
3301702,8,Eficiência e Processos,,7
3301702,9,Transparência e Participação,44.44,7
3301702,10,Competências em Governo Digital,,7
3301900,1,Governança do Governo Digital,100.0,7
3301900,2,Qualidade dos Serviços Digitais,62.67,7
3301900,3,Identificação Única,0.0,7
3301900,4,Segurança e LGPD,40.0,7
3301900,5,Dados e Interoperabilidade,100.0,7
3301900,6,Infraestrutura,56.49,7
3301900,7,Inovação e Tecnologias Emergentes,,7
3301900,8,Eficiência e Processos,,7
3301900,9,Transparência e Participação,55.56,7
3301900,10,Competências em Governo Digital,,7
3302007,1,Governança do Governo Digital,100.0,7
3302007,2,Qualidade dos Serviços Digitais,61.33,7
3302007,3,Identificação Única,100.0,7
3302007,4,Segurança e LGPD,0.0,7
3302007,5,Dados e Interoperabilidade,100.0,7
3302007,6,Infraestrutura,77.67,7
3302007,7,Inovação e Tecnologias Emergentes,,7
3302007,8,Eficiência e Processos,,7
3302007,9,Transparência e Participação,33.33,7
3302007,10,Competências em Governo Digital,,7
3302205,1,Governança do Governo Digital,100.0,7
3302205,2,Qualidade dos Serviços Digitais,72.67,7
3302205,3,Identificação Única,100.0,7
3302205,4,Segurança e LGPD,0.0,7
3302205,5,Dados e Interoperabilidade,0.0,7
3302205,6,Infraestrutura,26.62,7
3302205,7,Inovação e Tecnologias Emergentes,,7
3302205,8,Eficiência e Processos,,7
3302205,9,Transparência e Participação,44.44,7
3302205,10,Competências em Governo Digital,,7
3302403,1,Governança do Governo Digital,100.0,7
3302403,2,Qualidade dos Serviços Digitais,86.0,7
3302403,3,Identificação Única,0.0,7
3302403,4,Segurança e LGPD,20.0,7
3302403,5,Dados e Interoperabilidade,100.0,7
3302403,6,Infraestrutura,86.3,7
3302403,7,Inovação e Tecnologias Emergentes,,7
3302403,8,Eficiência e Processos,,7
3302403,9,Transparência e Participação,66.67,7
3302403,10,Competências em Governo Digital,,7
3302502,1,Governança do Governo Digital,100.0,7
3302502,2,Qualidade dos Serviços Digitais,81.33,7
3302502,3,Identificação Única,100.0,7
3302502,4,Segurança e LGPD,20.0,7
3302502,5,Dados e Interoperabilidade,0.0,7
3302502,6,Infraestrutura,66.3,7
3302502,7,Inovação e Tecnologias Emergentes,,7
3302502,8,Eficiência e Processos,,7
3302502,9,Transparência e Participação,77.78,7
3302502,10,Competências em Governo Digital,,7
3302700,1,Governança do Governo Digital,100.0,7
3302700,2,Qualidade dos Serviços Digitais,82.0,7
3302700,3,Identificação Única,100.0,7
3302700,4,Segurança e LGPD,80.0,7
3302700,5,Dados e Interoperabilidade,0.0,7
3302700,6,Infraestrutura,76.4,7
3302700,7,Inovação e Tecnologias Emergentes,,7
3302700,8,Eficiência e Processos,,7
3302700,9,Transparência e Participação,55.56,7
3302700,10,Competências em Governo Digital,,7
3302858,1,Governança do Governo Digital,100.0,7
3302858,2,Qualidade dos Serviços Digitais,70.0,7
3302858,3,Identificação Única,100.0,7
3302858,4,Segurança e LGPD,60.0,7
3302858,5,Dados e Interoperabilidade,100.0,7
3302858,6,Infraestrutura,87.06,7
3302858,7,Inovação e Tecnologias Emergentes,,7
3302858,8,Eficiência e Processos,,7
3302858,9,Transparência e Participação,66.67,7
3302858,10,Competências em Governo Digital,,7
3303203,1,Governança do Governo Digital,100.0,7
3303203,2,Qualidade dos Serviços Digitais,55.33,7
3303203,3,Identificação Única,100.0,7
3303203,4,Segurança e LGPD,60.0,7
3303203,5,Dados e Interoperabilidade,0.0,7
3303203,6,Infraestrutura,66.82,7
3303203,7,Inovação e Tecnologias Emergentes,,7
3303203,8,Eficiência e Processos,,7
3303203,9,Transparência e Participação,66.67,7
3303203,10,Competências em Governo Digital,,7
3303302,1,Governança do Governo Digital,100.0,7
3303302,2,Qualidade dos Serviços Digitais,82.67,7
3303302,3,Identificação Única,100.0,7
3303302,4,Segurança e LGPD,80.0,7
3303302,5,Dados e Interoperabilidade,0.0,7
3303302,6,Infraestrutura,86.91,7
3303302,7,Inovação e Tecnologias Emergentes,,7
3303302,8,Eficiência e Processos,,7
3303302,9,Transparência e Participação,66.67,7
3303302,10,Competências em Governo Digital,,7
3303401,1,Governança do Governo Digital,100.0,7
3303401,2,Qualidade dos Serviços Digitais,66.67,7
3303401,3,Identificação Única,100.0,7
3303401,4,Segurança e LGPD,0.0,7
3303401,5,Dados e Interoperabilidade,0.0,7
3303401,6,Infraestrutura,75.92,7
3303401,7,Inovação e Tecnologias Emergentes,,7
3303401,8,Eficiência e Processos,,7
3303401,9,Transparência e Participação,66.67,7
3303401,10,Competências em Governo Digital,,7
3303500,1,Governança do Governo Digital,100.0,7
3303500,2,Qualidade dos Serviços Digitais,74.67,7
3303500,3,Identificação Única,100.0,7
3303500,4,Segurança e LGPD,20.0,7
3303500,5,Dados e Interoperabilidade,100.0,7
3303500,6,Infraestrutura,76.53,7
3303500,7,Inovação e Tecnologias Emergentes,,7
3303500,8,Eficiência e Processos,,7
3303500,9,Transparência e Participação,55.56,7
3303500,10,Competências em Governo Digital,,7
3303906,1,Governança do Governo Digital,100.0,7
3303906,2,Qualidade dos Serviços Digitais,89.33,7
3303906,3,Identificação Única,100.0,7
3303906,4,Segurança e LGPD,60.0,7
3303906,5,Dados e Interoperabilidade,100.0,7
3303906,6,Infraestrutura,66.71,7
3303906,7,Inovação e Tecnologias Emergentes,,7
3303906,8,Eficiência e Processos,,7
3303906,9,Transparência e Participação,66.67,7
3303906,10,Competências em Governo Digital,,7
3304144,1,Governança do Governo Digital,100.0,7
3304144,2,Qualidade dos Serviços Digitais,80.67,7
3304144,3,Identificação Única,100.0,7
3304144,4,Segurança e LGPD,20.0,7
3304144,5,Dados e Interoperabilidade,100.0,7
3304144,6,Infraestrutura,56.99,7
3304144,7,Inovação e Tecnologias Emergentes,,7
3304144,8,Eficiência e Processos,,7
3304144,9,Transparência e Participação,55.56,7
3304144,10,Competências em Governo Digital,,7
3304201,1,Governança do Governo Digital,100.0,7
3304201,2,Qualidade dos Serviços Digitais,74.0,7
3304201,3,Identificação Única,100.0,7
3304201,4,Segurança e LGPD,20.0,7
3304201,5,Dados e Interoperabilidade,100.0,7
3304201,6,Infraestrutura,77.78,7
3304201,7,Inovação e Tecnologias Emergentes,,7
3304201,8,Eficiência e Processos,,7
3304201,9,Transparência e Participação,66.67,7
3304201,10,Competências em Governo Digital,,7
3304524,1,Governança do Governo Digital,100.0,7
3304524,2,Qualidade dos Serviços Digitais,69.33,7
3304524,3,Identificação Única,100.0,7
3304524,4,Segurança e LGPD,20.0,7
3304524,5,Dados e Interoperabilidade,0.0,7
3304524,6,Infraestrutura,67.64,7
3304524,7,Inovação e Tecnologias Emergentes,,7
3304524,8,Eficiência e Processos,,7
3304524,9,Transparência e Participação,44.44,7
3304524,10,Competências em Governo Digital,,7
3304557,1,Governança do Governo Digital,100.0,7
3304557,2,Qualidade dos Serviços Digitais,82.0,7
3304557,3,Identificação Única,100.0,7
3304557,4,Segurança e LGPD,80.0,7
3304557,5,Dados e Interoperabilidade,100.0,7
3304557,6,Infraestrutura,86.94,7
3304557,7,Inovação e Tecnologias Emergentes,,7
3304557,8,Eficiência e Processos,,7
3304557,9,Transparência e Participação,66.67,7
3304557,10,Competências em Governo Digital,,7
3304904,1,Governança do Governo Digital,100.0,7
3304904,2,Qualidade dos Serviços Digitais,64.67,7
3304904,3,Identificação Única,0.0,7
3304904,4,Segurança e LGPD,20.0,7
3304904,5,Dados e Interoperabilidade,0.0,7
3304904,6,Infraestrutura,66.32,7
3304904,7,Inovação e Tecnologias Emergentes,,7
3304904,8,Eficiência e Processos,,7
3304904,9,Transparência e Participação,55.56,7
3304904,10,Competências em Governo Digital,,7
3305109,1,Governança do Governo Digital,100.0,7
3305109,2,Qualidade dos Serviços Digitais,78.67,7
3305109,3,Identificação Única,0.0,7
3305109,4,Segurança e LGPD,40.0,7
3305109,5,Dados e Interoperabilidade,0.0,7
3305109,6,Infraestrutura,66.36,7
3305109,7,Inovação e Tecnologias Emergentes,,7
3305109,8,Eficiência e Processos,,7
3305109,9,Transparência e Participação,44.44,7
3305109,10,Competências em Governo Digital,,7
3305208,1,Governança do Governo Digital,100.0,7
3305208,2,Qualidade dos Serviços Digitais,79.33,7
3305208,3,Identificação Única,0.0,7
3305208,4,Segurança e LGPD,60.0,7
3305208,5,Dados e Interoperabilidade,0.0,7
3305208,6,Infraestrutura,45.63,7
3305208,7,Inovação e Tecnologias Emergentes,,7
3305208,8,Eficiência e Processos,,7
3305208,9,Transparência e Participação,66.67,7
3305208,10,Competências em Governo Digital,,7
3305802,1,Governança do Governo Digital,100.0,7
3305802,2,Qualidade dos Serviços Digitais,87.33,7
3305802,3,Identificação Única,100.0,7
3305802,4,Segurança e LGPD,100.0,7
3305802,5,Dados e Interoperabilidade,100.0,7
3305802,6,Infraestrutura,66.94,7
3305802,7,Inovação e Tecnologias Emergentes,,7
3305802,8,Eficiência e Processos,,7
3305802,9,Transparência e Participação,66.67,7
3305802,10,Competências em Governo Digital,,7
3306305,1,Governança do Governo Digital,100.0,7
3306305,2,Qualidade dos Serviços Digitais,74.0,7
3306305,3,Identificação Única,100.0,7
3306305,4,Segurança e LGPD,40.0,7
3306305,5,Dados e Interoperabilidade,100.0,7
3306305,6,Infraestrutura,68.2,7
3306305,7,Inovação e Tecnologias Emergentes,,7
3306305,8,Eficiência e Processos,,7
3306305,9,Transparência e Participação,55.56,7
3306305,10,Competências em Governo Digital,,7
3501608,1,Governança do Governo Digital,100.0,7
3501608,2,Qualidade dos Serviços Digitais,70.0,7
3501608,3,Identificação Única,100.0,7
3501608,4,Segurança e LGPD,20.0,7
3501608,5,Dados e Interoperabilidade,0.0,7
3501608,6,Infraestrutura,67.39,7
3501608,7,Inovação e Tecnologias Emergentes,,7
3501608,8,Eficiência e Processos,,7
3501608,9,Transparência e Participação,77.78,7
3501608,10,Competências em Governo Digital,,7
3502804,1,Governança do Governo Digital,100.0,7
3502804,2,Qualidade dos Serviços Digitais,74.0,7
3502804,3,Identificação Única,100.0,7
3502804,4,Segurança e LGPD,60.0,7
3502804,5,Dados e Interoperabilidade,100.0,7
3502804,6,Infraestrutura,68.23,7
3502804,7,Inovação e Tecnologias Emergentes,,7
3502804,8,Eficiência e Processos,,7
3502804,9,Transparência e Participação,55.56,7
3502804,10,Competências em Governo Digital,,7
3503208,1,Governança do Governo Digital,100.0,7
3503208,2,Qualidade dos Serviços Digitais,85.33,7
3503208,3,Identificação Única,100.0,7
3503208,4,Segurança e LGPD,80.0,7
3503208,5,Dados e Interoperabilidade,0.0,7
3503208,6,Infraestrutura,78.1,7
3503208,7,Inovação e Tecnologias Emergentes,,7
3503208,8,Eficiência e Processos,,7
3503208,9,Transparência e Participação,66.67,7
3503208,10,Competências em Governo Digital,,7
3503307,1,Governança do Governo Digital,100.0,7
3503307,2,Qualidade dos Serviços Digitais,71.33,7
3503307,3,Identificação Única,100.0,7
3503307,4,Segurança e LGPD,0.0,7
3503307,5,Dados e Interoperabilidade,100.0,7
3503307,6,Infraestrutura,68.05,7
3503307,7,Inovação e Tecnologias Emergentes,,7
3503307,8,Eficiência e Processos,,7
3503307,9,Transparência e Participação,66.67,7
3503307,10,Competências em Governo Digital,,7
3504008,1,Governança do Governo Digital,100.0,7
3504008,2,Qualidade dos Serviços Digitais,60.67,7
3504008,3,Identificação Única,100.0,7
3504008,4,Segurança e LGPD,40.0,7
3504008,5,Dados e Interoperabilidade,0.0,7
3504008,6,Infraestrutura,87.98,7
3504008,7,Inovação e Tecnologias Emergentes,,7
3504008,8,Eficiência e Processos,,7
3504008,9,Transparência e Participação,77.78,7
3504008,10,Competências em Governo Digital,,7
3504107,1,Governança do Governo Digital,100.0,7
3504107,2,Qualidade dos Serviços Digitais,71.33,7
3504107,3,Identificação Única,100.0,7
3504107,4,Segurança e LGPD,20.0,7
3504107,5,Dados e Interoperabilidade,0.0,7
3504107,6,Infraestrutura,57.45,7
3504107,7,Inovação e Tecnologias Emergentes,,7
3504107,8,Eficiência e Processos,,7
3504107,9,Transparência e Participação,55.56,7
3504107,10,Competências em Governo Digital,,7
3505500,1,Governança do Governo Digital,100.0,7
3505500,2,Qualidade dos Serviços Digitais,82.0,7
3505500,3,Identificação Única,100.0,7
3505500,4,Segurança e LGPD,60.0,7
3505500,5,Dados e Interoperabilidade,100.0,7
3505500,6,Infraestrutura,67.28,7
3505500,7,Inovação e Tecnologias Emergentes,,7
3505500,8,Eficiência e Processos,,7
3505500,9,Transparência e Participação,55.56,7
3505500,10,Competências em Governo Digital,,7
3505708,1,Governança do Governo Digital,100.0,7
3505708,2,Qualidade dos Serviços Digitais,93.33,7
3505708,3,Identificação Única,100.0,7
3505708,4,Segurança e LGPD,40.0,7
3505708,5,Dados e Interoperabilidade,0.0,7
3505708,6,Infraestrutura,88.47,7
3505708,7,Inovação e Tecnologias Emergentes,,7
3505708,8,Eficiência e Processos,,7
3505708,9,Transparência e Participação,77.78,7
3505708,10,Competências em Governo Digital,,7
3506003,1,Governança do Governo Digital,100.0,7
3506003,2,Qualidade dos Serviços Digitais,74.0,7
3506003,3,Identificação Única,100.0,7
3506003,4,Segurança e LGPD,20.0,7
3506003,5,Dados e Interoperabilidade,0.0,7
3506003,6,Infraestrutura,57.5,7
3506003,7,Inovação e Tecnologias Emergentes,,7
3506003,8,Eficiência e Processos,,7
3506003,9,Transparência e Participação,55.56,7
3506003,10,Competências em Governo Digital,,7
3506508,1,Governança do Governo Digital,100.0,7
3506508,2,Qualidade dos Serviços Digitais,64.67,7
3506508,3,Identificação Única,0.0,7
3506508,4,Segurança e LGPD,20.0,7
3506508,5,Dados e Interoperabilidade,100.0,7
3506508,6,Infraestrutura,48.21,7
3506508,7,Inovação e Tecnologias Emergentes,,7
3506508,8,Eficiência e Processos,,7
3506508,9,Transparência e Participação,55.56,7
3506508,10,Competências em Governo Digital,,7
3507506,1,Governança do Governo Digital,100.0,7
3507506,2,Qualidade dos Serviços Digitais,79.33,7
3507506,3,Identificação Única,100.0,7
3507506,4,Segurança e LGPD,80.0,7
3507506,5,Dados e Interoperabilidade,0.0,7
3507506,6,Infraestrutura,67.43,7
3507506,7,Inovação e Tecnologias Emergentes,,7
3507506,8,Eficiência e Processos,,7
3507506,9,Transparência e Participação,55.56,7
3507506,10,Competências em Governo Digital,,7
3507605,1,Governança do Governo Digital,100.0,7
3507605,2,Qualidade dos Serviços Digitais,80.0,7
3507605,3,Identificação Única,100.0,7
3507605,4,Segurança e LGPD,60.0,7
3507605,5,Dados e Interoperabilidade,0.0,7
3507605,6,Infraestrutura,88.0,7
3507605,7,Inovação e Tecnologias Emergentes,,7
3507605,8,Eficiência e Processos,,7
3507605,9,Transparência e Participação,66.67,7
3507605,10,Competências em Governo Digital,,7
3509502,1,Governança do Governo Digital,100.0,7
3509502,2,Qualidade dos Serviços Digitais,82.0,7
3509502,3,Identificação Única,100.0,7
3509502,4,Segurança e LGPD,100.0,7
3509502,5,Dados e Interoperabilidade,100.0,7
3509502,6,Infraestrutura,97.8,7
3509502,7,Inovação e Tecnologias Emergentes,,7
3509502,8,Eficiência e Processos,,7
3509502,9,Transparência e Participação,66.67,7
3509502,10,Competências em Governo Digital,,7
3510500,1,Governança do Governo Digital,100.0,7
3510500,2,Qualidade dos Serviços Digitais,86.67,7
3510500,3,Identificação Única,100.0,7
3510500,4,Segurança e LGPD,0.0,7
3510500,5,Dados e Interoperabilidade,0.0,7
3510500,6,Infraestrutura,78.11,7
3510500,7,Inovação e Tecnologias Emergentes,,7
3510500,8,Eficiência e Processos,,7
3510500,9,Transparência e Participação,66.67,7
3510500,10,Competências em Governo Digital,,7
3510609,1,Governança do Governo Digital,100.0,7
3510609,2,Qualidade dos Serviços Digitais,76.67,7
3510609,3,Identificação Única,100.0,7
3510609,4,Segurança e LGPD,0.0,7
3510609,5,Dados e Interoperabilidade,0.0,7
3510609,6,Infraestrutura,67.1,7
3510609,7,Inovação e Tecnologias Emergentes,,7
3510609,8,Eficiência e Processos,,7
3510609,9,Transparência e Participação,11.11,7
3510609,10,Competências em Governo Digital,,7
3511102,1,Governança do Governo Digital,100.0,7
3511102,2,Qualidade dos Serviços Digitais,75.33,7
3511102,3,Identificação Única,100.0,7
3511102,4,Segurança e LGPD,80.0,7
3511102,5,Dados e Interoperabilidade,0.0,7
3511102,6,Infraestrutura,87.83,7
3511102,7,Inovação e Tecnologias Emergentes,,7
3511102,8,Eficiência e Processos,,7
3511102,9,Transparência e Participação,55.56,7
3511102,10,Competências em Governo Digital,,7
3513009,1,Governança do Governo Digital,100.0,7
3513009,2,Qualidade dos Serviços Digitais,68.67,7
3513009,3,Identificação Única,0.0,7
3513009,4,Segurança e LGPD,60.0,7
3513009,5,Dados e Interoperabilidade,0.0,7
3513009,6,Infraestrutura,86.96,7
3513009,7,Inovação e Tecnologias Emergentes,,7
3513009,8,Eficiência e Processos,,7
3513009,9,Transparência e Participação,88.89,7
3513009,10,Competências em Governo Digital,,7
3513504,1,Governança do Governo Digital,100.0,7
3513504,2,Qualidade dos Serviços Digitais,60.67,7
3513504,3,Identificação Única,100.0,7
3513504,4,Segurança e LGPD,0.0,7
3513504,5,Dados e Interoperabilidade,0.0,7
3513504,6,Infraestrutura,47.48,7
3513504,7,Inovação e Tecnologias Emergentes,,7
3513504,8,Eficiência e Processos,,7
3513504,9,Transparência e Participação,44.44,7
3513504,10,Competências em Governo Digital,,7
3513801,1,Governança do Governo Digital,100.0,7
3513801,2,Qualidade dos Serviços Digitais,77.33,7
3513801,3,Identificação Única,100.0,7
3513801,4,Segurança e LGPD,40.0,7
3513801,5,Dados e Interoperabilidade,100.0,7
3513801,6,Infraestrutura,98.01,7
3513801,7,Inovação e Tecnologias Emergentes,,7
3513801,8,Eficiência e Processos,,7
3513801,9,Transparência e Participação,77.78,7
3513801,10,Competências em Governo Digital,,7
3515004,1,Governança do Governo Digital,100.0,7
3515004,2,Qualidade dos Serviços Digitais,54.0,7
3515004,3,Identificação Única,0.0,7
3515004,4,Segurança e LGPD,60.0,7
3515004,5,Dados e Interoperabilidade,0.0,7
3515004,6,Infraestrutura,57.55,7
3515004,7,Inovação e Tecnologias Emergentes,,7
3515004,8,Eficiência e Processos,,7
3515004,9,Transparência e Participação,44.44,7
3515004,10,Competências em Governo Digital,,7
3515707,1,Governança do Governo Digital,100.0,7
3515707,2,Qualidade dos Serviços Digitais,68.0,7
3515707,3,Identificação Única,0.0,7
3515707,4,Segurança e LGPD,0.0,7
3515707,5,Dados e Interoperabilidade,0.0,7
3515707,6,Infraestrutura,57.3,7
3515707,7,Inovação e Tecnologias Emergentes,,7
3515707,8,Eficiência e Processos,,7
3515707,9,Transparência e Participação,55.56,7
3515707,10,Competências em Governo Digital,,7
3516200,1,Governança do Governo Digital,100.0,7
3516200,2,Qualidade dos Serviços Digitais,90.67,7
3516200,3,Identificação Única,100.0,7
3516200,4,Segurança e LGPD,60.0,7
3516200,5,Dados e Interoperabilidade,100.0,7
3516200,6,Infraestrutura,77.8,7
3516200,7,Inovação e Tecnologias Emergentes,,7
3516200,8,Eficiência e Processos,,7
3516200,9,Transparência e Participação,77.78,7
3516200,10,Competências em Governo Digital,,7
3516309,1,Governança do Governo Digital,100.0,7
3516309,2,Qualidade dos Serviços Digitais,70.67,7
3516309,3,Identificação Única,100.0,7
3516309,4,Segurança e LGPD,60.0,7
3516309,5,Dados e Interoperabilidade,0.0,7
3516309,6,Infraestrutura,66.9,7
3516309,7,Inovação e Tecnologias Emergentes,,7
3516309,8,Eficiência e Processos,,7
3516309,9,Transparência e Participação,66.67,7
3516309,10,Competências em Governo Digital,,7
3516408,1,Governança do Governo Digital,100.0,7
3516408,2,Qualidade dos Serviços Digitais,82.0,7
3516408,3,Identificação Única,100.0,7
3516408,4,Segurança e LGPD,80.0,7
3516408,5,Dados e Interoperabilidade,0.0,7
3516408,6,Infraestrutura,86.77,7
3516408,7,Inovação e Tecnologias Emergentes,,7
3516408,8,Eficiência e Processos,,7
3516408,9,Transparência e Participação,33.33,7
3516408,10,Competências em Governo Digital,,7
3518404,1,Governança do Governo Digital,100.0,7
3518404,2,Qualidade dos Serviços Digitais,60.67,7
3518404,3,Identificação Única,100.0,7
3518404,4,Segurança e LGPD,20.0,7
3518404,5,Dados e Interoperabilidade,0.0,7
3518404,6,Infraestrutura,67.65,7
3518404,7,Inovação e Tecnologias Emergentes,,7
3518404,8,Eficiência e Processos,,7
3518404,9,Transparência e Participação,44.44,7
3518404,10,Competências em Governo Digital,,7
3518701,1,Governança do Governo Digital,100.0,7
3518701,2,Qualidade dos Serviços Digitais,64.67,7
3518701,3,Identificação Única,100.0,7
3518701,4,Segurança e LGPD,80.0,7
3518701,5,Dados e Interoperabilidade,0.0,7
3518701,6,Infraestrutura,67.29,7
3518701,7,Inovação e Tecnologias Emergentes,,7
3518701,8,Eficiência e Processos,,7
3518701,9,Transparência e Participação,55.56,7
3518701,10,Competências em Governo Digital,,7
3518800,1,Governança do Governo Digital,100.0,7
3518800,2,Qualidade dos Serviços Digitais,79.33,7
3518800,3,Identificação Única,100.0,7
3518800,4,Segurança e LGPD,80.0,7
3518800,5,Dados e Interoperabilidade,0.0,7
3518800,6,Infraestrutura,87.81,7
3518800,7,Inovação e Tecnologias Emergentes,,7
3518800,8,Eficiência e Processos,,7
3518800,9,Transparência e Participação,55.56,7
3518800,10,Competências em Governo Digital,,7
3519071,1,Governança do Governo Digital,100.0,7
3519071,2,Qualidade dos Serviços Digitais,76.67,7
3519071,3,Identificação Única,100.0,7
3519071,4,Segurança e LGPD,60.0,7
3519071,5,Dados e Interoperabilidade,0.0,7
3519071,6,Infraestrutura,47.26,7
3519071,7,Inovação e Tecnologias Emergentes,,7
3519071,8,Eficiência e Processos,,7
3519071,9,Transparência e Participação,55.56,7
3519071,10,Competências em Governo Digital,,7
3520509,1,Governança do Governo Digital,100.0,7
3520509,2,Qualidade dos Serviços Digitais,85.33,7
3520509,3,Identificação Única,100.0,7
3520509,4,Segurança e LGPD,20.0,7
3520509,5,Dados e Interoperabilidade,0.0,7
3520509,6,Infraestrutura,77.89,7
3520509,7,Inovação e Tecnologias Emergentes,,7
3520509,8,Eficiência e Processos,,7
3520509,9,Transparência e Participação,66.67,7
3520509,10,Competências em Governo Digital,,7
3522109,1,Governança do Governo Digital,100.0,7
3522109,2,Qualidade dos Serviços Digitais,86.67,7
3522109,3,Identificação Única,100.0,7
3522109,4,Segurança e LGPD,0.0,7
3522109,5,Dados e Interoperabilidade,100.0,7
3522109,6,Infraestrutura,57.54,7
3522109,7,Inovação e Tecnologias Emergentes,,7
3522109,8,Eficiência e Processos,,7
3522109,9,Transparência e Participação,77.78,7
3522109,10,Competências em Governo Digital,,7
3522208,1,Governança do Governo Digital,100.0,7
3522208,2,Qualidade dos Serviços Digitais,61.33,7
3522208,3,Identificação Única,100.0,7
3522208,4,Segurança e LGPD,40.0,7
3522208,5,Dados e Interoperabilidade,100.0,7
3522208,6,Infraestrutura,87.34,7
3522208,7,Inovação e Tecnologias Emergentes,,7
3522208,8,Eficiência e Processos,,7
3522208,9,Transparência e Participação,44.44,7
3522208,10,Competências em Governo Digital,,7
3522307,1,Governança do Governo Digital,100.0,7
3522307,2,Qualidade dos Serviços Digitais,53.33,7
3522307,3,Identificação Única,100.0,7
3522307,4,Segurança e LGPD,20.0,7
3522307,5,Dados e Interoperabilidade,0.0,7
3522307,6,Infraestrutura,67.31,7
3522307,7,Inovação e Tecnologias Emergentes,,7
3522307,8,Eficiência e Processos,,7
3522307,9,Transparência e Participação,66.67,7
3522307,10,Competências em Governo Digital,,7
3522505,1,Governança do Governo Digital,100.0,7
3522505,2,Qualidade dos Serviços Digitais,63.33,7
3522505,3,Identificação Única,100.0,7
3522505,4,Segurança e LGPD,80.0,7
3522505,5,Dados e Interoperabilidade,0.0,7
3522505,6,Infraestrutura,77.92,7
3522505,7,Inovação e Tecnologias Emergentes,,7
3522505,8,Eficiência e Processos,,7
3522505,9,Transparência e Participação,66.67,7
3522505,10,Competências em Governo Digital,,7
3523107,1,Governança do Governo Digital,100.0,7
3523107,2,Qualidade dos Serviços Digitais,72.67,7
3523107,3,Identificação Única,100.0,7
3523107,4,Segurança e LGPD,0.0,7
3523107,5,Dados e Interoperabilidade,0.0,7
3523107,6,Infraestrutura,87.01,7
3523107,7,Inovação e Tecnologias Emergentes,,7
3523107,8,Eficiência e Processos,,7
3523107,9,Transparência e Participação,44.44,7
3523107,10,Competências em Governo Digital,,7
3523404,1,Governança do Governo Digital,100.0,7
3523404,2,Qualidade dos Serviços Digitais,75.33,7
3523404,3,Identificação Única,100.0,7
3523404,4,Segurança e LGPD,0.0,7
3523404,5,Dados e Interoperabilidade,0.0,7
3523404,6,Infraestrutura,87.72,7
3523404,7,Inovação e Tecnologias Emergentes,,7
3523404,8,Eficiência e Processos,,7
3523404,9,Transparência e Participação,55.56,7
3523404,10,Competências em Governo Digital,,7
3523909,1,Governança do Governo Digital,100.0,7
3523909,2,Qualidade dos Serviços Digitais,54.0,7
3523909,3,Identificação Única,100.0,7
3523909,4,Segurança e LGPD,40.0,7
3523909,5,Dados e Interoperabilidade,0.0,7
3523909,6,Infraestrutura,78.63,7
3523909,7,Inovação e Tecnologias Emergentes,,7
3523909,8,Eficiência e Processos,,7
3523909,9,Transparência e Participação,66.67,7
3523909,10,Competências em Governo Digital,,7
3524402,1,Governança do Governo Digital,100.0,7
3524402,2,Qualidade dos Serviços Digitais,81.33,7
3524402,3,Identificação Única,100.0,7
3524402,4,Segurança e LGPD,60.0,7
3524402,5,Dados e Interoperabilidade,100.0,7
3524402,6,Infraestrutura,97.5,7
3524402,7,Inovação e Tecnologias Emergentes,,7
3524402,8,Eficiência e Processos,,7
3524402,9,Transparência e Participação,55.56,7
3524402,10,Competências em Governo Digital,,7
3525003,1,Governança do Governo Digital,100.0,7
3525003,2,Qualidade dos Serviços Digitais,64.0,7
3525003,3,Identificação Única,0.0,7
3525003,4,Segurança e LGPD,0.0,7
3525003,5,Dados e Interoperabilidade,0.0,7
3525003,6,Infraestrutura,47.13,7
3525003,7,Inovação e Tecnologias Emergentes,,7
3525003,8,Eficiência e Processos,,7
3525003,9,Transparência e Participação,55.56,7
3525003,10,Competências em Governo Digital,,7
3525300,1,Governança do Governo Digital,100.0,7
3525300,2,Qualidade dos Serviços Digitais,64.67,7
3525300,3,Identificação Única,100.0,7
3525300,4,Segurança e LGPD,60.0,7
3525300,5,Dados e Interoperabilidade,100.0,7
3525300,6,Infraestrutura,67.69,7
3525300,7,Inovação e Tecnologias Emergentes,,7
3525300,8,Eficiência e Processos,,7
3525300,9,Transparência e Participação,66.67,7
3525300,10,Competências em Governo Digital,,7
3525904,1,Governança do Governo Digital,100.0,7
3525904,2,Qualidade dos Serviços Digitais,92.67,7
3525904,3,Identificação Única,100.0,7
3525904,4,Segurança e LGPD,60.0,7
3525904,5,Dados e Interoperabilidade,100.0,7
3525904,6,Infraestrutura,87.43,7
3525904,7,Inovação e Tecnologias Emergentes,,7
3525904,8,Eficiência e Processos,,7
3525904,9,Transparência e Participação,77.78,7
3525904,10,Competências em Governo Digital,,7
3526902,1,Governança do Governo Digital,100.0,7
3526902,2,Qualidade dos Serviços Digitais,85.33,7
3526902,3,Identificação Única,100.0,7
3526902,4,Segurança e LGPD,60.0,7
3526902,5,Dados e Interoperabilidade,100.0,7
3526902,6,Infraestrutura,68.13,7
3526902,7,Inovação e Tecnologias Emergentes,,7
3526902,8,Eficiência e Processos,,7
3526902,9,Transparência e Participação,77.78,7
3526902,10,Competências em Governo Digital,,7
3529005,1,Governança do Governo Digital,100.0,7
3529005,2,Qualidade dos Serviços Digitais,74.67,7
3529005,3,Identificação Única,100.0,7
3529005,4,Segurança e LGPD,80.0,7
3529005,5,Dados e Interoperabilidade,0.0,7
3529005,6,Infraestrutura,68.0,7
3529005,7,Inovação e Tecnologias Emergentes,,7
3529005,8,Eficiência e Processos,,7
3529005,9,Transparência e Participação,66.67,7
3529005,10,Competências em Governo Digital,,7
3529401,1,Governança do Governo Digital,100.0,7
3529401,2,Qualidade dos Serviços Digitais,68.0,7
3529401,3,Identificação Única,0.0,7
3529401,4,Segurança e LGPD,40.0,7
3529401,5,Dados e Interoperabilidade,0.0,7
3529401,6,Infraestrutura,67.92,7
3529401,7,Inovação e Tecnologias Emergentes,,7
3529401,8,Eficiência e Processos,,7
3529401,9,Transparência e Participação,66.67,7
3529401,10,Competências em Governo Digital,,7
3530607,1,Governança do Governo Digital,100.0,7
3530607,2,Qualidade dos Serviços Digitais,88.0,7
3530607,3,Identificação Única,100.0,7
3530607,4,Segurança e LGPD,100.0,7
3530607,5,Dados e Interoperabilidade,100.0,7
3530607,6,Infraestrutura,88.05,7
3530607,7,Inovação e Tecnologias Emergentes,,7
3530607,8,Eficiência e Processos,,7
3530607,9,Transparência e Participação,88.89,7
3530607,10,Competências em Governo Digital,,7
3530706,1,Governança do Governo Digital,100.0,7
3530706,2,Qualidade dos Serviços Digitais,78.0,7
3530706,3,Identificação Única,100.0,7
3530706,4,Segurança e LGPD,60.0,7
3530706,5,Dados e Interoperabilidade,0.0,7
3530706,6,Infraestrutura,67.42,7
3530706,7,Inovação e Tecnologias Emergentes,,7
3530706,8,Eficiência e Processos,,7
3530706,9,Transparência e Participação,55.56,7
3530706,10,Competências em Governo Digital,,7
3534401,1,Governança do Governo Digital,100.0,7
3534401,2,Qualidade dos Serviços Digitais,89.33,7
3534401,3,Identificação Única,100.0,7
3534401,4,Segurança e LGPD,80.0,7
3534401,5,Dados e Interoperabilidade,0.0,7
3534401,6,Infraestrutura,97.48,7
3534401,7,Inovação e Tecnologias Emergentes,,7
3534401,8,Eficiência e Processos,,7
3534401,9,Transparência e Participação,77.78,7
3534401,10,Competências em Governo Digital,,7
3534708,1,Governança do Governo Digital,100.0,7
3534708,2,Qualidade dos Serviços Digitais,74.67,7
3534708,3,Identificação Única,100.0,7
3534708,4,Segurança e LGPD,80.0,7
3534708,5,Dados e Interoperabilidade,100.0,7
3534708,6,Infraestrutura,88.12,7
3534708,7,Inovação e Tecnologias Emergentes,,7
3534708,8,Eficiência e Processos,,7
3534708,9,Transparência e Participação,77.78,7
3534708,10,Competências em Governo Digital,,7
3536505,1,Governança do Governo Digital,100.0,7
3536505,2,Qualidade dos Serviços Digitais,83.33,7
3536505,3,Identificação Única,100.0,7
3536505,4,Segurança e LGPD,20.0,7
3536505,5,Dados e Interoperabilidade,0.0,7
3536505,6,Infraestrutura,95.5,7
3536505,7,Inovação e Tecnologias Emergentes,,7
3536505,8,Eficiência e Processos,,7
3536505,9,Transparência e Participação,66.67,7
3536505,10,Competências em Governo Digital,,7
3538006,1,Governança do Governo Digital,100.0,7
3538006,2,Qualidade dos Serviços Digitais,94.67,7
3538006,3,Identificação Única,100.0,7
3538006,4,Segurança e LGPD,80.0,7
3538006,5,Dados e Interoperabilidade,100.0,7
3538006,6,Infraestrutura,87.56,7
3538006,7,Inovação e Tecnologias Emergentes,,7
3538006,8,Eficiência e Processos,,7
3538006,9,Transparência e Participação,66.67,7
3538006,10,Competências em Governo Digital,,7
3538709,1,Governança do Governo Digital,100.0,7
3538709,2,Qualidade dos Serviços Digitais,72.0,7
3538709,3,Identificação Única,100.0,7
3538709,4,Segurança e LGPD,60.0,7
3538709,5,Dados e Interoperabilidade,0.0,7
3538709,6,Infraestrutura,67.61,7
3538709,7,Inovação e Tecnologias Emergentes,,7
3538709,8,Eficiência e Processos,,7
3538709,9,Transparência e Participação,66.67,7
3538709,10,Competências em Governo Digital,,7
3539806,1,Governança do Governo Digital,100.0,7
3539806,2,Qualidade dos Serviços Digitais,64.0,7
3539806,3,Identificação Única,100.0,7
3539806,4,Segurança e LGPD,0.0,7
3539806,5,Dados e Interoperabilidade,0.0,7
3539806,6,Infraestrutura,47.37,7
3539806,7,Inovação e Tecnologias Emergentes,,7
3539806,8,Eficiência e Processos,,7
3539806,9,Transparência e Participação,55.56,7
3539806,10,Competências em Governo Digital,,7
3541000,1,Governança do Governo Digital,100.0,7
3541000,2,Qualidade dos Serviços Digitais,84.67,7
3541000,3,Identificação Única,100.0,7
3541000,4,Segurança e LGPD,100.0,7
3541000,5,Dados e Interoperabilidade,100.0,7
3541000,6,Infraestrutura,78.33,7
3541000,7,Inovação e Tecnologias Emergentes,,7
3541000,8,Eficiência e Processos,,7
3541000,9,Transparência e Participação,88.89,7
3541000,10,Competências em Governo Digital,,7
3541406,1,Governança do Governo Digital,100.0,7
3541406,2,Qualidade dos Serviços Digitais,96.67,7
3541406,3,Identificação Única,100.0,7
3541406,4,Segurança e LGPD,100.0,7
3541406,5,Dados e Interoperabilidade,100.0,7
3541406,6,Infraestrutura,67.96,7
3541406,7,Inovação e Tecnologias Emergentes,,7
3541406,8,Eficiência e Processos,,7
3541406,9,Transparência e Participação,77.78,7
3541406,10,Competências em Governo Digital,,7
3543303,1,Governança do Governo Digital,100.0,7
3543303,2,Qualidade dos Serviços Digitais,60.67,7
3543303,3,Identificação Única,100.0,7
3543303,4,Segurança e LGPD,80.0,7
3543303,5,Dados e Interoperabilidade,100.0,7
3543303,6,Infraestrutura,67.79,7
3543303,7,Inovação e Tecnologias Emergentes,,7
3543303,8,Eficiência e Processos,,7
3543303,9,Transparência e Participação,55.56,7
3543303,10,Competências em Governo Digital,,7
3543402,1,Governança do Governo Digital,100.0,7
3543402,2,Qualidade dos Serviços Digitais,63.33,7
3543402,3,Identificação Única,100.0,7
3543402,4,Segurança e LGPD,20.0,7
3543402,5,Dados e Interoperabilidade,100.0,7
3543402,6,Infraestrutura,97.77,7
3543402,7,Inovação e Tecnologias Emergentes,,7
3543402,8,Eficiência e Processos,,7
3543402,9,Transparência e Participação,44.44,7
3543402,10,Competências em Governo Digital,,7
3543907,1,Governança do Governo Digital,100.0,7
3543907,2,Qualidade dos Serviços Digitais,72.0,7
3543907,3,Identificação Única,0.0,7
3543907,4,Segurança e LGPD,0.0,7
3543907,5,Dados e Interoperabilidade,0.0,7
3543907,6,Infraestrutura,47.44,7
3543907,7,Inovação e Tecnologias Emergentes,,7
3543907,8,Eficiência e Processos,,7
3543907,9,Transparência e Participação,55.56,7
3543907,10,Competências em Governo Digital,,7
3545209,1,Governança do Governo Digital,100.0,7
3545209,2,Qualidade dos Serviços Digitais,64.67,7
3545209,3,Identificação Única,100.0,7
3545209,4,Segurança e LGPD,0.0,7
3545209,5,Dados e Interoperabilidade,0.0,7
3545209,6,Infraestrutura,78.59,7
3545209,7,Inovação e Tecnologias Emergentes,,7
3545209,8,Eficiência e Processos,,7
3545209,9,Transparência e Participação,66.67,7
3545209,10,Competências em Governo Digital,,7
3545803,1,Governança do Governo Digital,100.0,7
3545803,2,Qualidade dos Serviços Digitais,77.33,7
3545803,3,Identificação Única,100.0,7
3545803,4,Segurança e LGPD,20.0,7
3545803,5,Dados e Interoperabilidade,0.0,7
3545803,6,Infraestrutura,77.87,7
3545803,7,Inovação e Tecnologias Emergentes,,7
3545803,8,Eficiência e Processos,,7
3545803,9,Transparência e Participação,44.44,7
3545803,10,Competências em Governo Digital,,7
3547304,1,Governança do Governo Digital,100.0,7
3547304,2,Qualidade dos Serviços Digitais,94.67,7
3547304,3,Identificação Única,100.0,7
3547304,4,Segurança e LGPD,80.0,7
3547304,5,Dados e Interoperabilidade,0.0,7
3547304,6,Infraestrutura,68.02,7
3547304,7,Inovação e Tecnologias Emergentes,,7
3547304,8,Eficiência e Processos,,7
3547304,9,Transparência e Participação,66.67,7
3547304,10,Competências em Governo Digital,,7
3547809,1,Governança do Governo Digital,100.0,7
3547809,2,Qualidade dos Serviços Digitais,61.33,7
3547809,3,Identificação Única,100.0,7
3547809,4,Segurança e LGPD,60.0,7
3547809,5,Dados e Interoperabilidade,0.0,7
3547809,6,Infraestrutura,98.15,7
3547809,7,Inovação e Tecnologias Emergentes,,7
3547809,8,Eficiência e Processos,,7
3547809,9,Transparência e Participação,44.44,7
3547809,10,Competências em Governo Digital,,7
3548500,1,Governança do Governo Digital,100.0,7
3548500,2,Qualidade dos Serviços Digitais,90.0,7
3548500,3,Identificação Única,100.0,7
3548500,4,Segurança e LGPD,80.0,7
3548500,5,Dados e Interoperabilidade,100.0,7
3548500,6,Infraestrutura,88.16,7
3548500,7,Inovação e Tecnologias Emergentes,,7
3548500,8,Eficiência e Processos,,7
3548500,9,Transparência e Participação,88.89,7
3548500,10,Competências em Governo Digital,,7
3548708,1,Governança do Governo Digital,100.0,7
3548708,2,Qualidade dos Serviços Digitais,82.0,7
3548708,3,Identificação Única,100.0,7
3548708,4,Segurança e LGPD,0.0,7
3548708,5,Dados e Interoperabilidade,100.0,7
3548708,6,Infraestrutura,97.94,7
3548708,7,Inovação e Tecnologias Emergentes,,7
3548708,8,Eficiência e Processos,,7
3548708,9,Transparência e Participação,55.56,7
3548708,10,Competências em Governo Digital,,7
3548807,1,Governança do Governo Digital,100.0,7
3548807,2,Qualidade dos Serviços Digitais,91.33,7
3548807,3,Identificação Única,100.0,7
3548807,4,Segurança e LGPD,40.0,7
3548807,5,Dados e Interoperabilidade,0.0,7
3548807,6,Infraestrutura,97.71,7
3548807,7,Inovação e Tecnologias Emergentes,,7
3548807,8,Eficiência e Processos,,7
3548807,9,Transparência e Participação,77.78,7
3548807,10,Competências em Governo Digital,,7
3548906,1,Governança do Governo Digital,100.0,7
3548906,2,Qualidade dos Serviços Digitais,74.67,7
3548906,3,Identificação Única,100.0,7
3548906,4,Segurança e LGPD,0.0,7
3548906,5,Dados e Interoperabilidade,0.0,7
3548906,6,Infraestrutura,77.43,7
3548906,7,Inovação e Tecnologias Emergentes,,7
3548906,8,Eficiência e Processos,,7
3548906,9,Transparência e Participação,55.56,7
3548906,10,Competências em Governo Digital,,7
3549805,1,Governança do Governo Digital,100.0,7
3549805,2,Qualidade dos Serviços Digitais,79.33,7
3549805,3,Identificação Única,100.0,7
3549805,4,Segurança e LGPD,80.0,7
3549805,5,Dados e Interoperabilidade,100.0,7
3549805,6,Infraestrutura,78.34,7
3549805,7,Inovação e Tecnologias Emergentes,,7
3549805,8,Eficiência e Processos,,7
3549805,9,Transparência e Participação,66.67,7
3549805,10,Competências em Governo Digital,,7
3549904,1,Governança do Governo Digital,100.0,7
3549904,2,Qualidade dos Serviços Digitais,89.33,7
3549904,3,Identificação Única,100.0,7
3549904,4,Segurança e LGPD,100.0,7
3549904,5,Dados e Interoperabilidade,0.0,7
3549904,6,Infraestrutura,87.9,7
3549904,7,Inovação e Tecnologias Emergentes,,7
3549904,8,Eficiência e Processos,,7
3549904,9,Transparência e Participação,77.78,7
3549904,10,Competências em Governo Digital,,7
3550308,1,Governança do Governo Digital,100.0,7
3550308,2,Qualidade dos Serviços Digitais,76.0,7
3550308,3,Identificação Única,100.0,7
3550308,4,Segurança e LGPD,100.0,7
3550308,5,Dados e Interoperabilidade,100.0,7
3550308,6,Infraestrutura,96.15,7
3550308,7,Inovação e Tecnologias Emergentes,,7
3550308,8,Eficiência e Processos,,7
3550308,9,Transparência e Participação,77.78,7
3550308,10,Competências em Governo Digital,,7
3551009,1,Governança do Governo Digital,100.0,7
3551009,2,Qualidade dos Serviços Digitais,84.67,7
3551009,3,Identificação Única,100.0,7
3551009,4,Segurança e LGPD,20.0,7
3551009,5,Dados e Interoperabilidade,0.0,7
3551009,6,Infraestrutura,66.95,7
3551009,7,Inovação e Tecnologias Emergentes,,7
3551009,8,Eficiência e Processos,,7
3551009,9,Transparência e Participação,55.56,7
3551009,10,Competências em Governo Digital,,7
3551702,1,Governança do Governo Digital,100.0,7
3551702,2,Qualidade dos Serviços Digitais,64.67,7
3551702,3,Identificação Única,100.0,7
3551702,4,Segurança e LGPD,0.0,7
3551702,5,Dados e Interoperabilidade,0.0,7
3551702,6,Infraestrutura,57.89,7
3551702,7,Inovação e Tecnologias Emergentes,,7
3551702,8,Eficiência e Processos,,7
3551702,9,Transparência e Participação,44.44,7
3551702,10,Competências em Governo Digital,,7
3552205,1,Governança do Governo Digital,100.0,7
3552205,2,Qualidade dos Serviços Digitais,82.0,7
3552205,3,Identificação Única,100.0,7
3552205,4,Segurança e LGPD,100.0,7
3552205,5,Dados e Interoperabilidade,0.0,7
3552205,6,Infraestrutura,87.3,7
3552205,7,Inovação e Tecnologias Emergentes,,7
3552205,8,Eficiência e Processos,,7
3552205,9,Transparência e Participação,77.78,7
3552205,10,Competências em Governo Digital,,7
3552403,1,Governança do Governo Digital,100.0,7
3552403,2,Qualidade dos Serviços Digitais,80.0,7
3552403,3,Identificação Única,100.0,7
3552403,4,Segurança e LGPD,0.0,7
3552403,5,Dados e Interoperabilidade,100.0,7
3552403,6,Infraestrutura,47.48,7
3552403,7,Inovação e Tecnologias Emergentes,,7
3552403,8,Eficiência e Processos,,7
3552403,9,Transparência e Participação,44.44,7
3552403,10,Competências em Governo Digital,,7
3552502,1,Governança do Governo Digital,100.0,7
3552502,2,Qualidade dos Serviços Digitais,79.33,7
3552502,3,Identificação Única,100.0,7
3552502,4,Segurança e LGPD,40.0,7
3552502,5,Dados e Interoperabilidade,0.0,7
3552502,6,Infraestrutura,87.92,7
3552502,7,Inovação e Tecnologias Emergentes,,7
3552502,8,Eficiência e Processos,,7
3552502,9,Transparência e Participação,66.67,7
3552502,10,Competências em Governo Digital,,7
3552809,1,Governança do Governo Digital,100.0,7
3552809,2,Qualidade dos Serviços Digitais,74.0,7
3552809,3,Identificação Única,100.0,7
3552809,4,Segurança e LGPD,40.0,7
3552809,5,Dados e Interoperabilidade,0.0,7
3552809,6,Infraestrutura,88.14,7
3552809,7,Inovação e Tecnologias Emergentes,,7
3552809,8,Eficiência e Processos,,7
3552809,9,Transparência e Participação,55.56,7
3552809,10,Competências em Governo Digital,,7
3554003,1,Governança do Governo Digital,100.0,7
3554003,2,Qualidade dos Serviços Digitais,76.0,7
3554003,3,Identificação Única,100.0,7
3554003,4,Segurança e LGPD,20.0,7
3554003,5,Dados e Interoperabilidade,0.0,7
3554003,6,Infraestrutura,66.57,7
3554003,7,Inovação e Tecnologias Emergentes,,7
3554003,8,Eficiência e Processos,,7
3554003,9,Transparência e Participação,77.78,7
3554003,10,Competências em Governo Digital,,7
3554102,1,Governança do Governo Digital,100.0,7
3554102,2,Qualidade dos Serviços Digitais,82.0,7
3554102,3,Identificação Única,100.0,7
3554102,4,Segurança e LGPD,60.0,7
3554102,5,Dados e Interoperabilidade,0.0,7
3554102,6,Infraestrutura,77.54,7
3554102,7,Inovação e Tecnologias Emergentes,,7
3554102,8,Eficiência e Processos,,7
3554102,9,Transparência e Participação,77.78,7
3554102,10,Competências em Governo Digital,,7
3556206,1,Governança do Governo Digital,100.0,7
3556206,2,Qualidade dos Serviços Digitais,81.33,7
3556206,3,Identificação Única,100.0,7
3556206,4,Segurança e LGPD,40.0,7
3556206,5,Dados e Interoperabilidade,100.0,7
3556206,6,Infraestrutura,77.66,7
3556206,7,Inovação e Tecnologias Emergentes,,7
3556206,8,Eficiência e Processos,,7
3556206,9,Transparência e Participação,44.44,7
3556206,10,Competências em Governo Digital,,7
3556503,1,Governança do Governo Digital,100.0,7
3556503,2,Qualidade dos Serviços Digitais,78.0,7
3556503,3,Identificação Única,100.0,7
3556503,4,Segurança e LGPD,0.0,7
3556503,5,Dados e Interoperabilidade,100.0,7
3556503,6,Infraestrutura,68.15,7
3556503,7,Inovação e Tecnologias Emergentes,,7
3556503,8,Eficiência e Processos,,7
3556503,9,Transparência e Participação,66.67,7
3556503,10,Competências em Governo Digital,,7
3557006,1,Governança do Governo Digital,100.0,7
3557006,2,Qualidade dos Serviços Digitais,82.67,7
3557006,3,Identificação Única,100.0,7
3557006,4,Segurança e LGPD,60.0,7
3557006,5,Dados e Interoperabilidade,0.0,7
3557006,6,Infraestrutura,67.75,7
3557006,7,Inovação e Tecnologias Emergentes,,7
3557006,8,Eficiência e Processos,,7
3557006,9,Transparência e Participação,66.67,7
3557006,10,Competências em Governo Digital,,7
4100400,1,Governança do Governo Digital,100.0,7
4100400,2,Qualidade dos Serviços Digitais,55.33,7
4100400,3,Identificação Única,0.0,7
4100400,4,Segurança e LGPD,80.0,7
4100400,5,Dados e Interoperabilidade,0.0,7
4100400,6,Infraestrutura,56.8,7
4100400,7,Inovação e Tecnologias Emergentes,,7
4100400,8,Eficiência e Processos,,7
4100400,9,Transparência e Participação,66.67,7
4100400,10,Competências em Governo Digital,,7
4101408,1,Governança do Governo Digital,100.0,7
4101408,2,Qualidade dos Serviços Digitais,83.33,7
4101408,3,Identificação Única,100.0,7
4101408,4,Segurança e LGPD,100.0,7
4101408,5,Dados e Interoperabilidade,100.0,7
4101408,6,Infraestrutura,78.9,7
4101408,7,Inovação e Tecnologias Emergentes,,7
4101408,8,Eficiência e Processos,,7
4101408,9,Transparência e Participação,66.67,7
4101408,10,Competências em Governo Digital,,7
4101507,1,Governança do Governo Digital,100.0,7
4101507,2,Qualidade dos Serviços Digitais,72.0,7
4101507,3,Identificação Única,100.0,7
4101507,4,Segurança e LGPD,60.0,7
4101507,5,Dados e Interoperabilidade,0.0,7
4101507,6,Infraestrutura,67.08,7
4101507,7,Inovação e Tecnologias Emergentes,,7
4101507,8,Eficiência e Processos,,7
4101507,9,Transparência e Participação,66.67,7
4101507,10,Competências em Governo Digital,,7
4101804,1,Governança do Governo Digital,100.0,7
4101804,2,Qualidade dos Serviços Digitais,70.0,7
4101804,3,Identificação Única,100.0,7
4101804,4,Segurança e LGPD,40.0,7
4101804,5,Dados e Interoperabilidade,0.0,7
4101804,6,Infraestrutura,56.81,7
4101804,7,Inovação e Tecnologias Emergentes,,7
4101804,8,Eficiência e Processos,,7
4101804,9,Transparência e Participação,44.44,7
4101804,10,Competências em Governo Digital,,7
4103701,1,Governança do Governo Digital,100.0,7
4103701,2,Qualidade dos Serviços Digitais,57.33,7
4103701,3,Identificação Única,0.0,7
4103701,4,Segurança e LGPD,20.0,7
4103701,5,Dados e Interoperabilidade,0.0,7
4103701,6,Infraestrutura,66.41,7
4103701,7,Inovação e Tecnologias Emergentes,,7
4103701,8,Eficiência e Processos,,7
4103701,9,Transparência e Participação,22.22,7
4103701,10,Competências em Governo Digital,,7
4104204,1,Governança do Governo Digital,100.0,7
4104204,2,Qualidade dos Serviços Digitais,77.33,7
4104204,3,Identificação Única,100.0,7
4104204,4,Segurança e LGPD,60.0,7
4104204,5,Dados e Interoperabilidade,100.0,7
4104204,6,Infraestrutura,77.99,7
4104204,7,Inovação e Tecnologias Emergentes,,7
4104204,8,Eficiência e Processos,,7
4104204,9,Transparência e Participação,66.67,7
4104204,10,Competências em Governo Digital,,7
4104808,1,Governança do Governo Digital,100.0,7
4104808,2,Qualidade dos Serviços Digitais,89.33,7
4104808,3,Identificação Única,100.0,7
4104808,4,Segurança e LGPD,80.0,7
4104808,5,Dados e Interoperabilidade,100.0,7
4104808,6,Infraestrutura,67.82,7
4104808,7,Inovação e Tecnologias Emergentes,,7
4104808,8,Eficiência e Processos,,7
4104808,9,Transparência e Participação,55.56,7
4104808,10,Competências em Governo Digital,,7
4105805,1,Governança do Governo Digital,100.0,7
4105805,2,Qualidade dos Serviços Digitais,74.67,7
4105805,3,Identificação Única,100.0,7
4105805,4,Segurança e LGPD,0.0,7
4105805,5,Dados e Interoperabilidade,0.0,7
4105805,6,Infraestrutura,67.45,7
4105805,7,Inovação e Tecnologias Emergentes,,7
4105805,8,Eficiência e Processos,,7
4105805,9,Transparência e Participação,44.44,7
4105805,10,Competências em Governo Digital,,7
4106902,1,Governança do Governo Digital,100.0,7
4106902,2,Qualidade dos Serviços Digitais,100.0,7
4106902,3,Identificação Única,100.0,7
4106902,4,Segurança e LGPD,100.0,7
4106902,5,Dados e Interoperabilidade,100.0,7
4106902,6,Infraestrutura,87.84,7
4106902,7,Inovação e Tecnologias Emergentes,,7
4106902,8,Eficiência e Processos,,7
4106902,9,Transparência e Participação,77.78,7
4106902,10,Competências em Governo Digital,,7
4107652,1,Governança do Governo Digital,100.0,7
4107652,2,Qualidade dos Serviços Digitais,70.67,7
4107652,3,Identificação Única,100.0,7
4107652,4,Segurança e LGPD,80.0,7
4107652,5,Dados e Interoperabilidade,0.0,7
4107652,6,Infraestrutura,77.07,7
4107652,7,Inovação e Tecnologias Emergentes,,7
4107652,8,Eficiência e Processos,,7
4107652,9,Transparência e Participação,66.67,7
4107652,10,Competências em Governo Digital,,7
4108304,1,Governança do Governo Digital,100.0,7
4108304,2,Qualidade dos Serviços Digitais,70.67,7
4108304,3,Identificação Única,100.0,7
4108304,4,Segurança e LGPD,40.0,7
4108304,5,Dados e Interoperabilidade,100.0,7
4108304,6,Infraestrutura,67.96,7
4108304,7,Inovação e Tecnologias Emergentes,,7
4108304,8,Eficiência e Processos,,7
4108304,9,Transparência e Participação,33.33,7
4108304,10,Competências em Governo Digital,,7
4109401,1,Governança do Governo Digital,100.0,7
4109401,2,Qualidade dos Serviços Digitais,83.33,7
4109401,3,Identificação Única,100.0,7
4109401,4,Segurança e LGPD,0.0,7
4109401,5,Dados e Interoperabilidade,0.0,7
4109401,6,Infraestrutura,78.63,7
4109401,7,Inovação e Tecnologias Emergentes,,7
4109401,8,Eficiência e Processos,,7
4109401,9,Transparência e Participação,77.78,7
4109401,10,Competências em Governo Digital,,7
4113700,1,Governança do Governo Digital,100.0,7
4113700,2,Qualidade dos Serviços Digitais,72.0,7
4113700,3,Identificação Única,100.0,7
4113700,4,Segurança e LGPD,60.0,7
4113700,5,Dados e Interoperabilidade,100.0,7
4113700,6,Infraestrutura,67.4,7
4113700,7,Inovação e Tecnologias Emergentes,,7
4113700,8,Eficiência e Processos,,7
4113700,9,Transparência e Participação,77.78,7
4113700,10,Competências em Governo Digital,,7
4115200,1,Governança do Governo Digital,100.0,7
4115200,2,Qualidade dos Serviços Digitais,90.0,7
4115200,3,Identificação Única,100.0,7
4115200,4,Segurança e LGPD,100.0,7
4115200,5,Dados e Interoperabilidade,100.0,7
4115200,6,Infraestrutura,77.14,7
4115200,7,Inovação e Tecnologias Emergentes,,7
4115200,8,Eficiência e Processos,,7
4115200,9,Transparência e Participação,88.89,7
4115200,10,Competências em Governo Digital,,7
4118204,1,Governança do Governo Digital,100.0,7
4118204,2,Qualidade dos Serviços Digitais,80.0,7
4118204,3,Identificação Única,100.0,7
4118204,4,Segurança e LGPD,80.0,7
4118204,5,Dados e Interoperabilidade,100.0,7
4118204,6,Infraestrutura,56.8,7
4118204,7,Inovação e Tecnologias Emergentes,,7
4118204,8,Eficiência e Processos,,7
4118204,9,Transparência e Participação,55.56,7
4118204,10,Competências em Governo Digital,,7
4119152,1,Governança do Governo Digital,100.0,7
4119152,2,Qualidade dos Serviços Digitais,78.67,7
4119152,3,Identificação Única,100.0,7
4119152,4,Segurança e LGPD,80.0,7
4119152,5,Dados e Interoperabilidade,0.0,7
4119152,6,Infraestrutura,77.85,7
4119152,7,Inovação e Tecnologias Emergentes,,7
4119152,8,Eficiência e Processos,,7
4119152,9,Transparência e Participação,77.78,7
4119152,10,Competências em Governo Digital,,7
4119509,1,Governança do Governo Digital,100.0,7
4119509,2,Qualidade dos Serviços Digitais,73.33,7
4119509,3,Identificação Única,100.0,7
4119509,4,Segurança e LGPD,0.0,7
4119509,5,Dados e Interoperabilidade,100.0,7
4119509,6,Infraestrutura,58.6,7
4119509,7,Inovação e Tecnologias Emergentes,,7
4119509,8,Eficiência e Processos,,7
4119509,9,Transparência e Participação,33.33,7
4119509,10,Competências em Governo Digital,,7
4119905,1,Governança do Governo Digital,100.0,7
4119905,2,Qualidade dos Serviços Digitais,83.33,7
4119905,3,Identificação Única,100.0,7
4119905,4,Segurança e LGPD,60.0,7
4119905,5,Dados e Interoperabilidade,0.0,7
4119905,6,Infraestrutura,87.52,7
4119905,7,Inovação e Tecnologias Emergentes,,7
4119905,8,Eficiência e Processos,,7
4119905,9,Transparência e Participação,66.67,7
4119905,10,Competências em Governo Digital,,7
4125506,1,Governança do Governo Digital,100.0,7
4125506,2,Qualidade dos Serviços Digitais,80.0,7
4125506,3,Identificação Única,100.0,7
4125506,4,Segurança e LGPD,20.0,7
4125506,5,Dados e Interoperabilidade,100.0,7
4125506,6,Infraestrutura,67.0,7
4125506,7,Inovação e Tecnologias Emergentes,,7
4125506,8,Eficiência e Processos,,7
4125506,9,Transparência e Participação,55.56,7
4125506,10,Competências em Governo Digital,,7
4126256,1,Governança do Governo Digital,100.0,7
4126256,2,Qualidade dos Serviços Digitais,64.0,7
4126256,3,Identificação Única,100.0,7
4126256,4,Segurança e LGPD,40.0,7
4126256,5,Dados e Interoperabilidade,0.0,7
4126256,6,Infraestrutura,57.11,7
4126256,7,Inovação e Tecnologias Emergentes,,7
4126256,8,Eficiência e Processos,,7
4126256,9,Transparência e Participação,77.78,7
4126256,10,Competências em Governo Digital,,7
4127700,1,Governança do Governo Digital,100.0,7
4127700,2,Qualidade dos Serviços Digitais,81.33,7
4127700,3,Identificação Única,100.0,7
4127700,4,Segurança e LGPD,80.0,7
4127700,5,Dados e Interoperabilidade,0.0,7
4127700,6,Infraestrutura,98.59,7
4127700,7,Inovação e Tecnologias Emergentes,,7
4127700,8,Eficiência e Processos,,7
4127700,9,Transparência e Participação,55.56,7
4127700,10,Competências em Governo Digital,,7
4128104,1,Governança do Governo Digital,100.0,7
4128104,2,Qualidade dos Serviços Digitais,69.33,7
4128104,3,Identificação Única,100.0,7
4128104,4,Segurança e LGPD,80.0,7
4128104,5,Dados e Interoperabilidade,100.0,7
4128104,6,Infraestrutura,47.56,7
4128104,7,Inovação e Tecnologias Emergentes,,7
4128104,8,Eficiência e Processos,,7
4128104,9,Transparência e Participação,55.56,7
4128104,10,Competências em Governo Digital,,7
4202008,1,Governança do Governo Digital,100.0,7
4202008,2,Qualidade dos Serviços Digitais,83.33,7
4202008,3,Identificação Única,100.0,7
4202008,4,Segurança e LGPD,0.0,7
4202008,5,Dados e Interoperabilidade,100.0,7
4202008,6,Infraestrutura,77.34,7
4202008,7,Inovação e Tecnologias Emergentes,,7
4202008,8,Eficiência e Processos,,7
4202008,9,Transparência e Participação,55.56,7
4202008,10,Competências em Governo Digital,,7
4202404,1,Governança do Governo Digital,100.0,7
4202404,2,Qualidade dos Serviços Digitais,82.0,7
4202404,3,Identificação Única,0.0,7
4202404,4,Segurança e LGPD,100.0,7
4202404,5,Dados e Interoperabilidade,0.0,7
4202404,6,Infraestrutura,97.33,7
4202404,7,Inovação e Tecnologias Emergentes,,7
4202404,8,Eficiência e Processos,,7
4202404,9,Transparência e Participação,88.89,7
4202404,10,Competências em Governo Digital,,7
4202909,1,Governança do Governo Digital,100.0,7
4202909,2,Qualidade dos Serviços Digitais,82.0,7
4202909,3,Identificação Única,100.0,7
4202909,4,Segurança e LGPD,100.0,7
4202909,5,Dados e Interoperabilidade,0.0,7
4202909,6,Infraestrutura,77.49,7
4202909,7,Inovação e Tecnologias Emergentes,,7
4202909,8,Eficiência e Processos,,7
4202909,9,Transparência e Participação,77.78,7
4202909,10,Competências em Governo Digital,,7
4203204,1,Governança do Governo Digital,100.0,7
4203204,2,Qualidade dos Serviços Digitais,68.67,7
4203204,3,Identificação Única,100.0,7
4203204,4,Segurança e LGPD,40.0,7
4203204,5,Dados e Interoperabilidade,0.0,7
4203204,6,Infraestrutura,66.09,7
4203204,7,Inovação e Tecnologias Emergentes,,7
4203204,8,Eficiência e Processos,,7
4203204,9,Transparência e Participação,55.56,7
4203204,10,Competências em Governo Digital,,7
4204202,1,Governança do Governo Digital,100.0,7
4204202,2,Qualidade dos Serviços Digitais,78.67,7
4204202,3,Identificação Única,100.0,7
4204202,4,Segurança e LGPD,100.0,7
4204202,5,Dados e Interoperabilidade,100.0,7
4204202,6,Infraestrutura,67.55,7
4204202,7,Inovação e Tecnologias Emergentes,,7
4204202,8,Eficiência e Processos,,7
4204202,9,Transparência e Participação,77.78,7
4204202,10,Competências em Governo Digital,,7
4204608,1,Governança do Governo Digital,100.0,7
4204608,2,Qualidade dos Serviços Digitais,85.33,7
4204608,3,Identificação Única,100.0,7
4204608,4,Segurança e LGPD,80.0,7
4204608,5,Dados e Interoperabilidade,100.0,7
4204608,6,Infraestrutura,77.55,7
4204608,7,Inovação e Tecnologias Emergentes,,7
4204608,8,Eficiência e Processos,,7
4204608,9,Transparência e Participação,66.67,7
4204608,10,Competências em Governo Digital,,7
4205407,1,Governança do Governo Digital,100.0,7
4205407,2,Qualidade dos Serviços Digitais,77.33,7
4205407,3,Identificação Única,100.0,7
4205407,4,Segurança e LGPD,80.0,7
4205407,5,Dados e Interoperabilidade,0.0,7
4205407,6,Infraestrutura,57.18,7
4205407,7,Inovação e Tecnologias Emergentes,,7
4205407,8,Eficiência e Processos,,7
4205407,9,Transparência e Participação,88.89,7
4205407,10,Competências em Governo Digital,,7
4208203,1,Governança do Governo Digital,100.0,7
4208203,2,Qualidade dos Serviços Digitais,88.0,7
4208203,3,Identificação Única,100.0,7
4208203,4,Segurança e LGPD,60.0,7
4208203,5,Dados e Interoperabilidade,100.0,7
4208203,6,Infraestrutura,86.96,7
4208203,7,Inovação e Tecnologias Emergentes,,7
4208203,8,Eficiência e Processos,,7
4208203,9,Transparência e Participação,66.67,7
4208203,10,Competências em Governo Digital,,7
4208906,1,Governança do Governo Digital,100.0,7
4208906,2,Qualidade dos Serviços Digitais,84.67,7
4208906,3,Identificação Única,100.0,7
4208906,4,Segurança e LGPD,80.0,7
4208906,5,Dados e Interoperabilidade,0.0,7
4208906,6,Infraestrutura,97.63,7
4208906,7,Inovação e Tecnologias Emergentes,,7
4208906,8,Eficiência e Processos,,7
4208906,9,Transparência e Participação,66.67,7
4208906,10,Competências em Governo Digital,,7
4209102,1,Governança do Governo Digital,100.0,7
4209102,2,Qualidade dos Serviços Digitais,72.67,7
4209102,3,Identificação Única,100.0,7
4209102,4,Segurança e LGPD,80.0,7
4209102,5,Dados e Interoperabilidade,0.0,7
4209102,6,Infraestrutura,97.33,7
4209102,7,Inovação e Tecnologias Emergentes,,7
4209102,8,Eficiência e Processos,,7
4209102,9,Transparência e Participação,55.56,7
4209102,10,Competências em Governo Digital,,7
4209300,1,Governança do Governo Digital,100.0,7
4209300,2,Qualidade dos Serviços Digitais,68.67,7
4209300,3,Identificação Única,100.0,7
4209300,4,Segurança e LGPD,40.0,7
4209300,5,Dados e Interoperabilidade,100.0,7
4209300,6,Infraestrutura,86.17,7
4209300,7,Inovação e Tecnologias Emergentes,,7
4209300,8,Eficiência e Processos,,7
4209300,9,Transparência e Participação,55.56,7
4209300,10,Competências em Governo Digital,,7
4211900,1,Governança do Governo Digital,100.0,7
4211900,2,Qualidade dos Serviços Digitais,82.0,7
4211900,3,Identificação Única,100.0,7
4211900,4,Segurança e LGPD,20.0,7
4211900,5,Dados e Interoperabilidade,0.0,7
4211900,6,Infraestrutura,66.92,7
4211900,7,Inovação e Tecnologias Emergentes,,7
4211900,8,Eficiência e Processos,,7
4211900,9,Transparência e Participação,55.56,7
4211900,10,Competências em Governo Digital,,7
4216602,1,Governança do Governo Digital,100.0,7
4216602,2,Qualidade dos Serviços Digitais,95.33,7
4216602,3,Identificação Única,100.0,7
4216602,4,Segurança e LGPD,20.0,7
4216602,5,Dados e Interoperabilidade,100.0,7
4216602,6,Infraestrutura,87.43,7
4216602,7,Inovação e Tecnologias Emergentes,,7
4216602,8,Eficiência e Processos,,7
4216602,9,Transparência e Participação,77.78,7
4216602,10,Competências em Governo Digital,,7
4218707,1,Governança do Governo Digital,100.0,7
4218707,2,Qualidade dos Serviços Digitais,68.0,7
4218707,3,Identificação Única,100.0,7
4218707,4,Segurança e LGPD,40.0,7
4218707,5,Dados e Interoperabilidade,100.0,7
4218707,6,Infraestrutura,57.43,7
4218707,7,Inovação e Tecnologias Emergentes,,7
4218707,8,Eficiência e Processos,,7
4218707,9,Transparência e Participação,66.67,7
4218707,10,Competências em Governo Digital,,7
4300604,1,Governança do Governo Digital,100.0,7
4300604,2,Qualidade dos Serviços Digitais,61.33,7
4300604,3,Identificação Única,100.0,7
4300604,4,Segurança e LGPD,0.0,7
4300604,5,Dados e Interoperabilidade,0.0,7
4300604,6,Infraestrutura,66.59,7
4300604,7,Inovação e Tecnologias Emergentes,,7
4300604,8,Eficiência e Processos,,7
4300604,9,Transparência e Participação,44.44,7
4300604,10,Competências em Governo Digital,,7
4301602,1,Governança do Governo Digital,0.0,7
4301602,2,Qualidade dos Serviços Digitais,0.0,7
4301602,3,Identificação Única,0.0,7
4301602,4,Segurança e LGPD,0.0,7
4301602,5,Dados e Interoperabilidade,0.0,7
4301602,6,Infraestrutura,16.96,7
4301602,7,Inovação e Tecnologias Emergentes,,7
4301602,8,Eficiência e Processos,,7
4301602,9,Transparência e Participação,0.0,7
4301602,10,Competências em Governo Digital,,7
4302105,1,Governança do Governo Digital,100.0,7
4302105,2,Qualidade dos Serviços Digitais,72.0,7
4302105,3,Identificação Única,100.0,7
4302105,4,Segurança e LGPD,20.0,7
4302105,5,Dados e Interoperabilidade,100.0,7
4302105,6,Infraestrutura,76.72,7
4302105,7,Inovação e Tecnologias Emergentes,,7
4302105,8,Eficiência e Processos,,7
4302105,9,Transparência e Participação,66.67,7
4302105,10,Competências em Governo Digital,,7
4303103,1,Governança do Governo Digital,100.0,7
4303103,2,Qualidade dos Serviços Digitais,79.33,7
4303103,3,Identificação Única,100.0,7
4303103,4,Segurança e LGPD,0.0,7
4303103,5,Dados e Interoperabilidade,100.0,7
4303103,6,Infraestrutura,76.7,7
4303103,7,Inovação e Tecnologias Emergentes,,7
4303103,8,Eficiência e Processos,,7
4303103,9,Transparência e Participação,55.56,7
4303103,10,Competências em Governo Digital,,7
4304606,1,Governança do Governo Digital,100.0,7
4304606,2,Qualidade dos Serviços Digitais,84.67,7
4304606,3,Identificação Única,100.0,7
4304606,4,Segurança e LGPD,20.0,7
4304606,5,Dados e Interoperabilidade,0.0,7
4304606,6,Infraestrutura,77.27,7
4304606,7,Inovação e Tecnologias Emergentes,,7
4304606,8,Eficiência e Processos,,7
4304606,9,Transparência e Participação,77.78,7
4304606,10,Competências em Governo Digital,,7
4305108,1,Governança do Governo Digital,100.0,7
4305108,2,Qualidade dos Serviços Digitais,73.33,7
4305108,3,Identificação Única,100.0,7
4305108,4,Segurança e LGPD,80.0,7
4305108,5,Dados e Interoperabilidade,0.0,7
4305108,6,Infraestrutura,87.01,7
4305108,7,Inovação e Tecnologias Emergentes,,7
4305108,8,Eficiência e Processos,,7
4305108,9,Transparência e Participação,66.67,7
4305108,10,Competências em Governo Digital,,7
4307005,1,Governança do Governo Digital,100.0,7
4307005,2,Qualidade dos Serviços Digitais,89.33,7
4307005,3,Identificação Única,100.0,7
4307005,4,Segurança e LGPD,100.0,7
4307005,5,Dados e Interoperabilidade,100.0,7
4307005,6,Infraestrutura,77.56,7
4307005,7,Inovação e Tecnologias Emergentes,,7
4307005,8,Eficiência e Processos,,7
4307005,9,Transparência e Participação,66.67,7
4307005,10,Competências em Governo Digital,,7
4309209,1,Governança do Governo Digital,100.0,7
4309209,2,Qualidade dos Serviços Digitais,92.0,7
4309209,3,Identificação Única,100.0,7
4309209,4,Segurança e LGPD,60.0,7
4309209,5,Dados e Interoperabilidade,100.0,7
4309209,6,Infraestrutura,76.4,7
4309209,7,Inovação e Tecnologias Emergentes,,7
4309209,8,Eficiência e Processos,,7
4309209,9,Transparência e Participação,66.67,7
4309209,10,Competências em Governo Digital,,7
4313409,1,Governança do Governo Digital,100.0,7
4313409,2,Qualidade dos Serviços Digitais,73.33,7
4313409,3,Identificação Única,100.0,7
4313409,4,Segurança e LGPD,80.0,7
4313409,5,Dados e Interoperabilidade,0.0,7
4313409,6,Infraestrutura,57.75,7
4313409,7,Inovação e Tecnologias Emergentes,,7
4313409,8,Eficiência e Processos,,7
4313409,9,Transparência e Participação,55.56,7
4313409,10,Competências em Governo Digital,,7
4314100,1,Governança do Governo Digital,100.0,7
4314100,2,Qualidade dos Serviços Digitais,85.33,7
4314100,3,Identificação Única,100.0,7
4314100,4,Segurança e LGPD,60.0,7
4314100,5,Dados e Interoperabilidade,0.0,7
4314100,6,Infraestrutura,67.45,7
4314100,7,Inovação e Tecnologias Emergentes,,7
4314100,8,Eficiência e Processos,,7
4314100,9,Transparência e Participação,66.67,7
4314100,10,Competências em Governo Digital,,7
4314407,1,Governança do Governo Digital,100.0,7
4314407,2,Qualidade dos Serviços Digitais,66.67,7
4314407,3,Identificação Única,100.0,7
4314407,4,Segurança e LGPD,40.0,7
4314407,5,Dados e Interoperabilidade,0.0,7
4314407,6,Infraestrutura,37.15,7
4314407,7,Inovação e Tecnologias Emergentes,,7
4314407,8,Eficiência e Processos,,7
4314407,9,Transparência e Participação,55.56,7
4314407,10,Competências em Governo Digital,,7
4314902,1,Governança do Governo Digital,100.0,7
4314902,2,Qualidade dos Serviços Digitais,92.0,7
4314902,3,Identificação Única,0.0,7
4314902,4,Segurança e LGPD,100.0,7
4314902,5,Dados e Interoperabilidade,100.0,7
4314902,6,Infraestrutura,86.54,7
4314902,7,Inovação e Tecnologias Emergentes,,7
4314902,8,Eficiência e Processos,,7
4314902,9,Transparência e Participação,77.78,7
4314902,10,Competências em Governo Digital,,7
4315602,1,Governança do Governo Digital,100.0,7
4315602,2,Qualidade dos Serviços Digitais,54.67,7
4315602,3,Identificação Única,100.0,7
4315602,4,Segurança e LGPD,60.0,7
4315602,5,Dados e Interoperabilidade,0.0,7
4315602,6,Infraestrutura,56.66,7
4315602,7,Inovação e Tecnologias Emergentes,,7
4315602,8,Eficiência e Processos,,7
4315602,9,Transparência e Participação,66.67,7
4315602,10,Competências em Governo Digital,,7
4316808,1,Governança do Governo Digital,100.0,7
4316808,2,Qualidade dos Serviços Digitais,84.67,7
4316808,3,Identificação Única,100.0,7
4316808,4,Segurança e LGPD,60.0,7
4316808,5,Dados e Interoperabilidade,0.0,7
4316808,6,Infraestrutura,47.28,7
4316808,7,Inovação e Tecnologias Emergentes,,7
4316808,8,Eficiência e Processos,,7
4316808,9,Transparência e Participação,66.67,7
4316808,10,Competências em Governo Digital,,7
4316907,1,Governança do Governo Digital,100.0,7
4316907,2,Qualidade dos Serviços Digitais,81.33,7
4316907,3,Identificação Única,100.0,7
4316907,4,Segurança e LGPD,60.0,7
4316907,5,Dados e Interoperabilidade,0.0,7
4316907,6,Infraestrutura,77.69,7
4316907,7,Inovação e Tecnologias Emergentes,,7
4316907,8,Eficiência e Processos,,7
4316907,9,Transparência e Participação,77.78,7
4316907,10,Competências em Governo Digital,,7
4318705,1,Governança do Governo Digital,100.0,7
4318705,2,Qualidade dos Serviços Digitais,80.67,7
4318705,3,Identificação Única,100.0,7
4318705,4,Segurança e LGPD,20.0,7
4318705,5,Dados e Interoperabilidade,0.0,7
4318705,6,Infraestrutura,56.66,7
4318705,7,Inovação e Tecnologias Emergentes,,7
4318705,8,Eficiência e Processos,,7
4318705,9,Transparência e Participação,66.67,7
4318705,10,Competências em Governo Digital,,7
4320008,1,Governança do Governo Digital,100.0,7
4320008,2,Qualidade dos Serviços Digitais,77.33,7
4320008,3,Identificação Única,100.0,7
4320008,4,Segurança e LGPD,100.0,7
4320008,5,Dados e Interoperabilidade,100.0,7
4320008,6,Infraestrutura,67.49,7
4320008,7,Inovação e Tecnologias Emergentes,,7
4320008,8,Eficiência e Processos,,7
4320008,9,Transparência e Participação,55.56,7
4320008,10,Competências em Governo Digital,,7
4322400,1,Governança do Governo Digital,100.0,7
4322400,2,Qualidade dos Serviços Digitais,65.33,7
4322400,3,Identificação Única,0.0,7
4322400,4,Segurança e LGPD,0.0,7
4322400,5,Dados e Interoperabilidade,100.0,7
4322400,6,Infraestrutura,66.86,7
4322400,7,Inovação e Tecnologias Emergentes,,7
4322400,8,Eficiência e Processos,,7
4322400,9,Transparência e Participação,55.56,7
4322400,10,Competências em Governo Digital,,7
4323002,1,Governança do Governo Digital,100.0,7
4323002,2,Qualidade dos Serviços Digitais,66.67,7
4323002,3,Identificação Única,100.0,7
4323002,4,Segurança e LGPD,20.0,7
4323002,5,Dados e Interoperabilidade,0.0,7
4323002,6,Infraestrutura,86.58,7
4323002,7,Inovação e Tecnologias Emergentes,,7
4323002,8,Eficiência e Processos,,7
4323002,9,Transparência e Participação,44.44,7
4323002,10,Competências em Governo Digital,,7
5002704,1,Governança do Governo Digital,100.0,7
5002704,2,Qualidade dos Serviços Digitais,74.0,7
5002704,3,Identificação Única,100.0,7
5002704,4,Segurança e LGPD,40.0,7
5002704,5,Dados e Interoperabilidade,100.0,7
5002704,6,Infraestrutura,87.03,7
5002704,7,Inovação e Tecnologias Emergentes,,7
5002704,8,Eficiência e Processos,,7
5002704,9,Transparência e Participação,66.67,7
5002704,10,Competências em Governo Digital,,7
5003702,1,Governança do Governo Digital,100.0,7
5003702,2,Qualidade dos Serviços Digitais,62.0,7
5003702,3,Identificação Única,100.0,7
5003702,4,Segurança e LGPD,80.0,7
5003702,5,Dados e Interoperabilidade,100.0,7
5003702,6,Infraestrutura,77.43,7
5003702,7,Inovação e Tecnologias Emergentes,,7
5003702,8,Eficiência e Processos,,7
5003702,9,Transparência e Participação,55.56,7
5003702,10,Competências em Governo Digital,,7
5008305,1,Governança do Governo Digital,100.0,7
5008305,2,Qualidade dos Serviços Digitais,57.33,7
5008305,3,Identificação Única,100.0,7
5008305,4,Segurança e LGPD,80.0,7
5008305,5,Dados e Interoperabilidade,0.0,7
5008305,6,Infraestrutura,67.7,7
5008305,7,Inovação e Tecnologias Emergentes,,7
5008305,8,Eficiência e Processos,,7
5008305,9,Transparência e Participação,77.78,7
5008305,10,Competências em Governo Digital,,7
5103403,1,Governança do Governo Digital,100.0,7
5103403,2,Qualidade dos Serviços Digitais,81.33,7
5103403,3,Identificação Única,100.0,7
5103403,4,Segurança e LGPD,80.0,7
5103403,5,Dados e Interoperabilidade,100.0,7
5103403,6,Infraestrutura,76.57,7
5103403,7,Inovação e Tecnologias Emergentes,,7
5103403,8,Eficiência e Processos,,7
5103403,9,Transparência e Participação,66.67,7
5103403,10,Competências em Governo Digital,,7
5107602,1,Governança do Governo Digital,100.0,7
5107602,2,Qualidade dos Serviços Digitais,59.33,7
5107602,3,Identificação Única,100.0,7
5107602,4,Segurança e LGPD,80.0,7
5107602,5,Dados e Interoperabilidade,0.0,7
5107602,6,Infraestrutura,86.42,7
5107602,7,Inovação e Tecnologias Emergentes,,7
5107602,8,Eficiência e Processos,,7
5107602,9,Transparência e Participação,55.56,7
5107602,10,Competências em Governo Digital,,7
5107909,1,Governança do Governo Digital,100.0,7
5107909,2,Qualidade dos Serviços Digitais,60.67,7
5107909,3,Identificação Única,0.0,7
5107909,4,Segurança e LGPD,60.0,7
5107909,5,Dados e Interoperabilidade,0.0,7
5107909,6,Infraestrutura,67.79,7
5107909,7,Inovação e Tecnologias Emergentes,,7
5107909,8,Eficiência e Processos,,7
5107909,9,Transparência e Participação,66.67,7
5107909,10,Competências em Governo Digital,,7
5107925,1,Governança do Governo Digital,100.0,7
5107925,2,Qualidade dos Serviços Digitais,74.0,7
5107925,3,Identificação Única,100.0,7
5107925,4,Segurança e LGPD,80.0,7
5107925,5,Dados e Interoperabilidade,100.0,7
5107925,6,Infraestrutura,77.33,7
5107925,7,Inovação e Tecnologias Emergentes,,7
5107925,8,Eficiência e Processos,,7
5107925,9,Transparência e Participação,77.78,7
5107925,10,Competências em Governo Digital,,7
5107958,1,Governança do Governo Digital,100.0,7
5107958,2,Qualidade dos Serviços Digitais,76.0,7
5107958,3,Identificação Única,100.0,7
5107958,4,Segurança e LGPD,100.0,7
5107958,5,Dados e Interoperabilidade,0.0,7
5107958,6,Infraestrutura,56.68,7
5107958,7,Inovação e Tecnologias Emergentes,,7
5107958,8,Eficiência e Processos,,7
5107958,9,Transparência e Participação,66.67,7
5107958,10,Competências em Governo Digital,,7
5108402,1,Governança do Governo Digital,0.0,7
5108402,2,Qualidade dos Serviços Digitais,83.33,7
5108402,3,Identificação Única,0.0,7
5108402,4,Segurança e LGPD,100.0,7
5108402,5,Dados e Interoperabilidade,100.0,7
5108402,6,Infraestrutura,57.0,7
5108402,7,Inovação e Tecnologias Emergentes,,7
5108402,8,Eficiência e Processos,,7
5108402,9,Transparência e Participação,55.56,7
5108402,10,Competências em Governo Digital,,7
5200258,1,Governança do Governo Digital,100.0,7
5200258,2,Qualidade dos Serviços Digitais,78.0,7
5200258,3,Identificação Única,100.0,7
5200258,4,Segurança e LGPD,80.0,7
5200258,5,Dados e Interoperabilidade,0.0,7
5200258,6,Infraestrutura,47.39,7
5200258,7,Inovação e Tecnologias Emergentes,,7
5200258,8,Eficiência e Processos,,7
5200258,9,Transparência e Participação,44.44,7
5200258,10,Competências em Governo Digital,,7
5201108,1,Governança do Governo Digital,100.0,7
5201108,2,Qualidade dos Serviços Digitais,90.0,7
5201108,3,Identificação Única,100.0,7
5201108,4,Segurança e LGPD,60.0,7
5201108,5,Dados e Interoperabilidade,0.0,7
5201108,6,Infraestrutura,76.73,7
5201108,7,Inovação e Tecnologias Emergentes,,7
5201108,8,Eficiência e Processos,,7
5201108,9,Transparência e Participação,55.56,7
5201108,10,Competências em Governo Digital,,7
5201405,1,Governança do Governo Digital,100.0,7
5201405,2,Qualidade dos Serviços Digitais,64.0,7
5201405,3,Identificação Única,100.0,7
5201405,4,Segurança e LGPD,40.0,7
5201405,5,Dados e Interoperabilidade,0.0,7
5201405,6,Infraestrutura,67.13,7
5201405,7,Inovação e Tecnologias Emergentes,,7
5201405,8,Eficiência e Processos,,7
5201405,9,Transparência e Participação,66.67,7
5201405,10,Competências em Governo Digital,,7
5205109,1,Governança do Governo Digital,100.0,7
5205109,2,Qualidade dos Serviços Digitais,73.33,7
5205109,3,Identificação Única,100.0,7
5205109,4,Segurança e LGPD,0.0,7
5205109,5,Dados e Interoperabilidade,0.0,7
5205109,6,Infraestrutura,76.32,7
5205109,7,Inovação e Tecnologias Emergentes,,7
5205109,8,Eficiência e Processos,,7
5205109,9,Transparência e Participação,66.67,7
5205109,10,Competências em Governo Digital,,7
5208004,1,Governança do Governo Digital,100.0,7
5208004,2,Qualidade dos Serviços Digitais,67.33,7
5208004,3,Identificação Única,100.0,7
5208004,4,Segurança e LGPD,60.0,7
5208004,5,Dados e Interoperabilidade,100.0,7
5208004,6,Infraestrutura,56.18,7
5208004,7,Inovação e Tecnologias Emergentes,,7
5208004,8,Eficiência e Processos,,7
5208004,9,Transparência e Participação,55.56,7
5208004,10,Competências em Governo Digital,,7
5208707,1,Governança do Governo Digital,100.0,7
5208707,2,Qualidade dos Serviços Digitais,63.33,7
5208707,3,Identificação Única,100.0,7
5208707,4,Segurança e LGPD,20.0,7
5208707,5,Dados e Interoperabilidade,100.0,7
5208707,6,Infraestrutura,77.2,7
5208707,7,Inovação e Tecnologias Emergentes,,7
5208707,8,Eficiência e Processos,,7
5208707,9,Transparência e Participação,88.89,7
5208707,10,Competências em Governo Digital,,7
5211503,1,Governança do Governo Digital,100.0,7
5211503,2,Qualidade dos Serviços Digitais,70.67,7
5211503,3,Identificação Única,100.0,7
5211503,4,Segurança e LGPD,20.0,7
5211503,5,Dados e Interoperabilidade,0.0,7
5211503,6,Infraestrutura,67.75,7
5211503,7,Inovação e Tecnologias Emergentes,,7
5211503,8,Eficiência e Processos,,7
5211503,9,Transparência e Participação,55.56,7
5211503,10,Competências em Governo Digital,,7
5211909,1,Governança do Governo Digital,100.0,7
5211909,2,Qualidade dos Serviços Digitais,62.0,7
5211909,3,Identificação Única,100.0,7
5211909,4,Segurança e LGPD,0.0,7
5211909,5,Dados e Interoperabilidade,0.0,7
5211909,6,Infraestrutura,67.34,7
5211909,7,Inovação e Tecnologias Emergentes,,7
5211909,8,Eficiência e Processos,,7
5211909,9,Transparência e Participação,44.44,7
5211909,10,Competências em Governo Digital,,7
5212501,1,Governança do Governo Digital,100.0,7
5212501,2,Qualidade dos Serviços Digitais,64.0,7
5212501,3,Identificação Única,0.0,7
5212501,4,Segurança e LGPD,20.0,7
5212501,5,Dados e Interoperabilidade,0.0,7
5212501,6,Infraestrutura,56.46,7
5212501,7,Inovação e Tecnologias Emergentes,,7
5212501,8,Eficiência e Processos,,7
5212501,9,Transparência e Participação,33.33,7
5212501,10,Competências em Governo Digital,,7
5215231,1,Governança do Governo Digital,100.0,7
5215231,2,Qualidade dos Serviços Digitais,51.33,7
5215231,3,Identificação Única,0.0,7
5215231,4,Segurança e LGPD,0.0,7
5215231,5,Dados e Interoperabilidade,100.0,7
5215231,6,Infraestrutura,46.66,7
5215231,7,Inovação e Tecnologias Emergentes,,7
5215231,8,Eficiência e Processos,,7
5215231,9,Transparência e Participação,61.11,7
5215231,10,Competências em Governo Digital,,7
5217609,1,Governança do Governo Digital,100.0,7
5217609,2,Qualidade dos Serviços Digitais,79.33,7
5217609,3,Identificação Única,0.0,7
5217609,4,Segurança e LGPD,20.0,7
5217609,5,Dados e Interoperabilidade,100.0,7
5217609,6,Infraestrutura,57.75,7
5217609,7,Inovação e Tecnologias Emergentes,,7
5217609,8,Eficiência e Processos,,7
5217609,9,Transparência e Participação,77.78,7
5217609,10,Competências em Governo Digital,,7
5218805,1,Governança do Governo Digital,100.0,7
5218805,2,Qualidade dos Serviços Digitais,66.67,7
5218805,3,Identificação Única,100.0,7
5218805,4,Segurança e LGPD,60.0,7
5218805,5,Dados e Interoperabilidade,0.0,7
5218805,6,Infraestrutura,67.05,7
5218805,7,Inovação e Tecnologias Emergentes,,7
5218805,8,Eficiência e Processos,,7
5218805,9,Transparência e Participação,55.56,7
5218805,10,Competências em Governo Digital,,7
5220454,1,Governança do Governo Digital,100.0,7
5220454,2,Qualidade dos Serviços Digitais,84.0,7
5220454,3,Identificação Única,100.0,7
5220454,4,Segurança e LGPD,40.0,7
5220454,5,Dados e Interoperabilidade,100.0,7
5220454,6,Infraestrutura,77.09,7
5220454,7,Inovação e Tecnologias Emergentes,,7
5220454,8,Eficiência e Processos,,7
5220454,9,Transparência e Participação,88.89,7
5220454,10,Competências em Governo Digital,,7
5221403,1,Governança do Governo Digital,100.0,7
5221403,2,Qualidade dos Serviços Digitais,74.0,7
5221403,3,Identificação Única,100.0,7
5221403,4,Segurança e LGPD,60.0,7
5221403,5,Dados e Interoperabilidade,0.0,7
5221403,6,Infraestrutura,87.68,7
5221403,7,Inovação e Tecnologias Emergentes,,7
5221403,8,Eficiência e Processos,,7
5221403,9,Transparência e Participação,55.56,7
5221403,10,Competências em Governo Digital,,7
5221858,1,Governança do Governo Digital,100.0,7
5221858,2,Qualidade dos Serviços Digitais,55.33,7
5221858,3,Identificação Única,0.0,7
5221858,4,Segurança e LGPD,40.0,7
5221858,5,Dados e Interoperabilidade,0.0,7
5221858,6,Infraestrutura,46.76,7
5221858,7,Inovação e Tecnologias Emergentes,,7
5221858,8,Eficiência e Processos,,7
5221858,9,Transparência e Participação,55.56,7
5221858,10,Competências em Governo Digital,,7
5300108,1,Governança do Governo Digital,100.0,7
5300108,2,Qualidade dos Serviços Digitais,96.0,7
5300108,3,Identificação Única,100.0,7
5300108,4,Segurança e LGPD,100.0,7
5300108,5,Dados e Interoperabilidade,100.0,7
5300108,6,Infraestrutura,86.93,7
5300108,7,Inovação e Tecnologias Emergentes,,7
5300108,8,Eficiência e Processos,,7
5300108,9,Transparência e Participação,88.89,7
5300108,10,Competências em Governo Digital,,7
