posicao,objetivo,objetivo_nome,categoria,sub_indice,n_objetivos_com_dados
1,1,Governança do Governo Digital,5300108,100.0,7
2,1,Governança do Governo Digital,1100122,100.0,7
3,1,Governança do Governo Digital,1100205,100.0,7
4,1,Governança do Governo Digital,1200401,100.0,7
5,1,Governança do Governo Digital,1301902,100.0,7
6,1,Governança do Governo Digital,1302504,100.0,7
7,1,Governança do Governo Digital,1302603,100.0,7
8,1,Governança do Governo Digital,1400100,100.0,7
9,1,Governança do Governo Digital,1500107,100.0,7
10,1,Governança do Governo Digital,1500602,100.0,7
11,1,Governança do Governo Digital,1500800,100.0,7
12,1,Governança do Governo Digital,1501303,100.0,7
13,1,Governança do Governo Digital,1501402,100.0,7
14,1,Governança do Governo Digital,1501709,100.0,7
15,1,Governança do Governo Digital,5107958,100.0,7
16,1,Governança do Governo Digital,5107925,100.0,7
17,1,Governança do Governo Digital,5107909,100.0,7
18,1,Governança do Governo Digital,5107602,100.0,7
19,1,Governança do Governo Digital,5103403,100.0,7
20,1,Governança do Governo Digital,5008305,100.0,7
21,1,Governança do Governo Digital,5003702,100.0,7
22,1,Governança do Governo Digital,5002704,100.0,7
23,1,Governança do Governo Digital,4323002,100.0,7
24,1,Governança do Governo Digital,4322400,100.0,7
25,1,Governança do Governo Digital,4320008,100.0,7
26,1,Governança do Governo Digital,4318705,100.0,7
27,1,Governança do Governo Digital,4316907,100.0,7
28,1,Governança do Governo Digital,4316808,100.0,7
29,1,Governança do Governo Digital,4315602,100.0,7
30,1,Governança do Governo Digital,4314902,100.0,7
31,1,Governança do Governo Digital,2312908,100.0,7
32,1,Governança do Governo Digital,2307650,100.0,7
33,1,Governança do Governo Digital,2307304,100.0,7
34,1,Governança do Governo Digital,2304400,100.0,7
35,1,Governança do Governo Digital,2304202,100.0,7
36,1,Governança do Governo Digital,2303709,100.0,7
37,1,Governança do Governo Digital,2211001,100.0,7
38,1,Governança do Governo Digital,2207702,100.0,7
39,1,Governança do Governo Digital,2112209,100.0,7
40,1,Governança do Governo Digital,2111300,100.0,7
41,1,Governança do Governo Digital,2111201,100.0,7
42,1,Governança do Governo Digital,2107506,100.0,7
43,1,Governança do Governo Digital,2105302,100.0,7
44,1,Governança do Governo Digital,2103307,100.0,7
45,1,Governança do Governo Digital,2610707,100.0,7
46,1,Governança do Governo Digital,2609600,100.0,7
47,1,Governança do Governo Digital,2607901,100.0,7
48,1,Governança do Governo Digital,2606804,100.0,7
49,1,Governança do Governo Digital,2606002,100.0,7
50,1,Governança do Governo Digital,2604106,100.0,7
51,1,Governança do Governo Digital,2603454,100.0,7
52,1,Governança do Governo Digital,2602902,100.0,7
53,1,Governança do Governo Digital,2513703,100.0,7
54,1,Governança do Governo Digital,2510808,100.0,7
55,1,Governança do Governo Digital,2507507,100.0,7
56,1,Governança do Governo Digital,2504009,100.0,7
57,1,Governança do Governo Digital,2412005,100.0,7
58,1,Governança do Governo Digital,2408102,100.0,7
59,1,Governança do Governo Digital,2408003,100.0,7
60,1,Governança do Governo Digital,2403251,100.0,7
61,1,Governança do Governo Digital,2913606,100.0,7
62,1,Governança do Governo Digital,2910800,100.0,7
63,1,Governança do Governo Digital,2910727,100.0,7
64,1,Governança do Governo Digital,2905701,100.0,7
65,1,Governança do Governo Digital,2903201,100.0,7
66,1,Governança do Governo Digital,2900702,100.0,7
67,1,Governança do Governo Digital,2804805,100.0,7
68,1,Governança do Governo Digital,2803500,100.0,7
69,1,Governança do Governo Digital,2802908,100.0,7
70,1,Governança do Governo Digital,2800308,100.0,7
71,1,Governança do Governo Digital,2704302,100.0,7
72,1,Governança do Governo Digital,2700300,100.0,7
73,1,Governança do Governo Digital,2616407,100.0,7
74,1,Governança do Governo Digital,2613701,100.0,7
75,1,Governança do Governo Digital,2611606,100.0,7
76,1,Governança do Governo Digital,2611101,100.0,7
77,1,Governança do Governo Digital,3106200,100.0,7
78,1,Governança do Governo Digital,3105608,100.0,7
79,1,Governança do Governo Digital,3104007,100.0,7
80,1,Governança do Governo Digital,3103504,100.0,7
81,1,Governança do Governo Digital,2933307,100.0,7
82,1,Governança do Governo Digital,2931350,100.0,7
83,1,Governança do Governo Digital,2930709,100.0,7
84,1,Governança do Governo Digital,2928703,100.0,7
85,1,Governança do Governo Digital,2927408,100.0,7
86,1,Governança do Governo Digital,2925303,100.0,7
87,1,Governança do Governo Digital,2924009,100.0,7
88,1,Governança do Governo Digital,2919207,100.0,7
89,1,Governança do Governo Digital,2918407,100.0,7
90,1,Governança do Governo Digital,2918001,100.0,7
91,1,Governança do Governo Digital,2914802,100.0,7
92,1,Governança do Governo Digital,3145208,100.0,7
93,1,Governança do Governo Digital,3144805,100.0,7
94,1,Governança do Governo Digital,3143906,100.0,7
95,1,Governança do Governo Digital,3143302,100.0,7
96,1,Governança do Governo Digital,3138203,100.0,7
97,1,Governança do Governo Digital,3136702,100.0,7
98,1,Governança do Governo Digital,3134202,100.0,7
99,1,Governança do Governo Digital,3131703,100.0,7
100,1,Governança do Governo Digital,3131307,100.0,7
101,1,Governança do Governo Digital,3129806,100.0,7
102,1,Governança do Governo Digital,3127701,100.0,7
103,1,Governança do Governo Digital,3122306,100.0,7
104,1,Governança do Governo Digital,3119401,100.0,7
105,1,Governança do Governo Digital,3118601,100.0,7
106,1,Governança do Governo Digital,3118304,100.0,7
107,1,Governança do Governo Digital,3106705,100.0,7
108,1,Governança do Governo Digital,3201308,100.0,7
109,1,Governança do Governo Digital,3201209,100.0,7
110,1,Governança do Governo Digital,3171204,100.0,7
111,1,Governança do Governo Digital,3170701,100.0,7
112,1,Governança do Governo Digital,3170206,100.0,7
113,1,Governança do Governo Digital,3170107,100.0,7
114,1,Governança do Governo Digital,3169901,100.0,7
115,1,Governança do Governo Digital,3168606,100.0,7
116,1,Governança do Governo Digital,3167202,100.0,7
117,1,Governança do Governo Digital,3157807,100.0,7
118,1,Governança do Governo Digital,3156700,100.0,7
119,1,Governança do Governo Digital,3154606,100.0,7
120,1,Governança do Governo Digital,3152501,100.0,7
121,1,Governança do Governo Digital,3151800,100.0,7
122,1,Governança do Governo Digital,3148004,100.0,7
123,1,Governança do Governo Digital,3147907,100.0,7
124,1,Governança do Governo Digital,3302007,100.0,7
125,1,Governança do Governo Digital,3301900,100.0,7
126,1,Governança do Governo Digital,3301702,100.0,7
127,1,Governança do Governo Digital,3300704,100.0,7
128,1,Governança do Governo Digital,3300456,100.0,7
129,1,Governança do Governo Digital,3300407,100.0,7
130,1,Governança do Governo Digital,3300209,100.0,7
131,1,Governança do Governo Digital,3300100,100.0,7
132,1,Governança do Governo Digital,3205309,100.0,7
133,1,Governança do Governo Digital,3205200,100.0,7
134,1,Governança do Governo Digital,3205002,100.0,7
135,1,Governança do Governo Digital,3204906,100.0,7
136,1,Governança do Governo Digital,3203205,100.0,7
137,1,Governança do Governo Digital,3202405,100.0,7
138,1,Governança do Governo Digital,3201506,100.0,7
139,1,Governança do Governo Digital,3305109,100.0,7
140,1,Governança do Governo Digital,3304904,100.0,7
141,1,Governança do Governo Digital,3304557,100.0,7
142,1,Governança do Governo Digital,3304524,100.0,7
143,1,Governança do Governo Digital,3304201,100.0,7
144,1,Governança do Governo Digital,3304144,100.0,7
145,1,Governança do Governo Digital,3303906,100.0,7
146,1,Governança do Governo Digital,3303500,100.0,7
147,1,Governança do Governo Digital,3303401,100.0,7
148,1,Governança do Governo Digital,3303302,100.0,7
149,1,Governança do Governo Digital,3303203,100.0,7
150,1,Governança do Governo Digital,3302858,100.0,7
151,1,Governança do Governo Digital,3302700,100.0,7
152,1,Governança do Governo Digital,3302502,100.0,7
153,1,Governança do Governo Digital,3302403,100.0,7
154,1,Governança do Governo Digital,3302205,100.0,7
155,1,Governança do Governo Digital,3509502,100.0,7
156,1,Governança do Governo Digital,3507605,100.0,7
157,1,Governança do Governo Digital,3507506,100.0,7
158,1,Governança do Governo Digital,3506508,100.0,7
159,1,Governança do Governo Digital,3506003,100.0,7
160,1,Governança do Governo Digital,3505708,100.0,7
161,1,Governança do Governo Digital,3505500,100.0,7
162,1,Governança do Governo Digital,3504107,100.0,7
163,1,Governança do Governo Digital,3504008,100.0,7
164,1,Governança do Governo Digital,3503307,100.0,7
165,1,Governança do Governo Digital,3503208,100.0,7
166,1,Governança do Governo Digital,3502804,100.0,7
167,1,Governança do Governo Digital,3501608,100.0,7
168,1,Governança do Governo Digital,3306305,100.0,7
169,1,Governança do Governo Digital,3305802,100.0,7
170,1,Governança do Governo Digital,3305208,100.0,7
171,1,Governança do Governo Digital,3520509,100.0,7
172,1,Governança do Governo Digital,3519071,100.0,7
173,1,Governança do Governo Digital,3518800,100.0,7
174,1,Governança do Governo Digital,3518701,100.0,7
175,1,Governança do Governo Digital,3518404,100.0,7
176,1,Governança do Governo Digital,3516408,100.0,7
177,1,Governança do Governo Digital,3516309,100.0,7
178,1,Governança do Governo Digital,3516200,100.0,7
179,1,Governança do Governo Digital,3515707,100.0,7
180,1,Governança do Governo Digital,3515004,100.0,7
181,1,Governança do Governo Digital,3513801,100.0,7
182,1,Governança do Governo Digital,3513504,100.0,7
183,1,Governança do Governo Digital,3513009,100.0,7
184,1,Governança do Governo Digital,3511102,100.0,7
185,1,Governança do Governo Digital,3510609,100.0,7
186,1,Governança do Governo Digital,3510500,100.0,7
187,1,Governança do Governo Digital,3530706,100.0,7
188,1,Governança do Governo Digital,3530607,100.0,7
189,1,Governança do Governo Digital,3529401,100.0,7
190,1,Governança do Governo Digital,3529005,100.0,7
191,1,Governança do Governo Digital,3526902,100.0,7
192,1,Governança do Governo Digital,3525904,100.0,7
193,1,Governança do Governo Digital,3525300,100.0,7
194,1,Governança do Governo Digital,3525003,100.0,7
195,1,Governança do Governo Digital,3524402,100.0,7
196,1,Governança do Governo Digital,3523909,100.0,7
197,1,Governança do Governo Digital,3523404,100.0,7
198,1,Governança do Governo Digital,3523107,100.0,7
199,1,Governança do Governo Digital,3522505,100.0,7
200,1,Governança do Governo Digital,3522307,100.0,7
201,1,Governança do Governo Digital,3522208,100.0,7
202,1,Governança do Governo Digital,3522109,100.0,7
203,1,Governança do Governo Digital,3548500,100.0,7
204,1,Governança do Governo Digital,3547809,100.0,7
205,1,Governança do Governo Digital,3547304,100.0,7
206,1,Governança do Governo Digital,3545803,100.0,7
207,1,Governança do Governo Digital,3545209,100.0,7
208,1,Governança do Governo Digital,3543907,100.0,7
209,1,Governança do Governo Digital,3543402,100.0,7
210,1,Governança do Governo Digital,3543303,100.0,7
211,1,Governança do Governo Digital,3541406,100.0,7
212,1,Governança do Governo Digital,3541000,100.0,7
213,1,Governança do Governo Digital,3539806,100.0,7
214,1,Governança do Governo Digital,3538709,100.0,7
215,1,Governança do Governo Digital,3538006,100.0,7
216,1,Governança do Governo Digital,3536505,100.0,7
217,1,Governança do Governo Digital,3534708,100.0,7
218,1,Governança do Governo Digital,3534401,100.0,7
219,1,Governança do Governo Digital,3556503,100.0,7
220,1,Governança do Governo Digital,3556206,100.0,7
221,1,Governança do Governo Digital,3554102,100.0,7
222,1,Governança do Governo Digital,3554003,100.0,7
223,1,Governança do Governo Digital,3552809,100.0,7
224,1,Governança do Governo Digital,3552502,100.0,7
225,1,Governança do Governo Digital,3552403,100.0,7
226,1,Governança do Governo Digital,3552205,100.0,7
227,1,Governança do Governo Digital,3551702,100.0,7
228,1,Governança do Governo Digital,3551009,100.0,7
229,1,Governança do Governo Digital,3550308,100.0,7
230,1,Governança do Governo Digital,3549904,100.0,7
231,1,Governança do Governo Digital,3549805,100.0,7
232,1,Governança do Governo Digital,3548906,100.0,7
233,1,Governança do Governo Digital,3548807,100.0,7
234,1,Governança do Governo Digital,3548708,100.0,7
235,1,Governança do Governo Digital,4118204,100.0,7
236,1,Governança do Governo Digital,4115200,100.0,7
237,1,Governança do Governo Digital,4113700,100.0,7
238,1,Governança do Governo Digital,4109401,100.0,7
239,1,Governança do Governo Digital,4108304,100.0,7
240,1,Governança do Governo Digital,4107652,100.0,7
241,1,Governança do Governo Digital,4106902,100.0,7
242,1,Governança do Governo Digital,4105805,100.0,7
243,1,Governança do Governo Digital,4104808,100.0,7
244,1,Governança do Governo Digital,4104204,100.0,7
245,1,Governança do Governo Digital,4103701,100.0,7
246,1,Governança do Governo Digital,4101804,100.0,7
247,1,Governança do Governo Digital,4101507,100.0,7
248,1,Governança do Governo Digital,4101408,100.0,7
249,1,Governança do Governo Digital,4100400,100.0,7
250,1,Governança do Governo Digital,3557006,100.0,7
251,1,Governança do Governo Digital,4208906,100.0,7
252,1,Governança do Governo Digital,4208203,100.0,7
253,1,Governança do Governo Digital,4205407,100.0,7
254,1,Governança do Governo Digital,4204608,100.0,7
255,1,Governança do Governo Digital,4204202,100.0,7
256,1,Governança do Governo Digital,4203204,100.0,7
257,1,Governança do Governo Digital,4202909,100.0,7
258,1,Governança do Governo Digital,4202404,100.0,7
259,1,Governança do Governo Digital,4202008,100.0,7
260,1,Governança do Governo Digital,4128104,100.0,7
261,1,Governança do Governo Digital,4127700,100.0,7
262,1,Governança do Governo Digital,4126256,100.0,7
263,1,Governança do Governo Digital,4125506,100.0,7
264,1,Governança do Governo Digital,4119905,100.0,7
265,1,Governança do Governo Digital,4119509,100.0,7
266,1,Governança do Governo Digital,4119152,100.0,7
267,1,Governança do Governo Digital,4314407,100.0,7
268,1,Governança do Governo Digital,4314100,100.0,7
269,1,Governança do Governo Digital,4313409,100.0,7
270,1,Governança do Governo Digital,4309209,100.0,7
271,1,Governança do Governo Digital,4307005,100.0,7
272,1,Governança do Governo Digital,4305108,100.0,7
273,1,Governança do Governo Digital,4304606,100.0,7
274,1,Governança do Governo Digital,4303103,100.0,7
275,1,Governança do Governo Digital,4302105,100.0,7
276,1,Governança do Governo Digital,4300604,100.0,7
277,1,Governança do Governo Digital,4218707,100.0,7
278,1,Governança do Governo Digital,4216602,100.0,7
279,1,Governança do Governo Digital,4211900,100.0,7
280,1,Governança do Governo Digital,4209300,100.0,7
281,1,Governança do Governo Digital,4209102,100.0,7
282,1,Governança do Governo Digital,5221858,100.0,7
283,1,Governança do Governo Digital,5221403,100.0,7
284,1,Governança do Governo Digital,5220454,100.0,7
285,1,Governança do Governo Digital,5218805,100.0,7
286,1,Governança do Governo Digital,5217609,100.0,7
287,1,Governança do Governo Digital,5215231,100.0,7
288,1,Governança do Governo Digital,5212501,100.0,7
289,1,Governança do Governo Digital,5211909,100.0,7
290,1,Governança do Governo Digital,5211503,100.0,7
291,1,Governança do Governo Digital,5208707,100.0,7
292,1,Governança do Governo Digital,5208004,100.0,7
293,1,Governança do Governo Digital,5205109,100.0,7
294,1,Governança do Governo Digital,5201405,100.0,7
295,1,Governança do Governo Digital,5201108,100.0,7
296,1,Governança do Governo Digital,5200258,100.0,7
297,1,Governança do Governo Digital,2103000,100.0,7
298,1,Governança do Governo Digital,2101400,100.0,7
299,1,Governança do Governo Digital,2101202,100.0,7
300,1,Governança do Governo Digital,2100055,100.0,7
301,1,Governança do Governo Digital,1721000,100.0,7
302,1,Governança do Governo Digital,1702109,100.0,7
303,1,Governança do Governo Digital,1600600,100.0,7
304,1,Governança do Governo Digital,1600303,100.0,7
305,1,Governança do Governo Digital,1506807,100.0,7
306,1,Governança do Governo Digital,1505536,100.0,7
307,1,Governança do Governo Digital,1505502,100.0,7
308,1,Governança do Governo Digital,1504208,100.0,7
309,1,Governança do Governo Digital,1503606,100.0,7
310,1,Governança do Governo Digital,1502400,100.0,7
311,1,Governança do Governo Digital,1502103,100.0,7
312,1,Governança do Governo Digital,1504422,0.0,7
313,1,Governança do Governo Digital,5108402,0.0,7
314,1,Governança do Governo Digital,4301602,0.0,7
315,1,Governança do Governo Digital,3301009,0.0,7
316,1,Governança do Governo Digital,2919553,0.0,7
317,1,Governança do Governo Digital,2306405,0.0,7
318,1,Governança do Governo Digital,2307700,0.0,7
319,1,Governança do Governo Digital,1501808,0.0,7
1,2,Qualidade dos Serviços Digitais,4106902,100.0,7
2,2,Qualidade dos Serviços Digitais,3106200,100.0,7
3,2,Qualidade dos Serviços Digitais,3129806,96.67,7
4,2,Qualidade dos Serviços Digitais,3541406,96.67,7
5,2,Qualidade dos Serviços Digitais,5300108,96.0,7
6,2,Qualidade dos Serviços Digitais,2927408,96.0,7
7,2,Qualidade dos Serviços Digitais,4216602,95.33,7
8,2,Qualidade dos Serviços Digitais,3538006,94.67,7
9,2,Qualidade dos Serviços Digitais,3547304,94.67,7
10,2,Qualidade dos Serviços Digitais,2507507,94.67,7
11,2,Qualidade dos Serviços Digitais,2611101,94.67,7
12,2,Qualidade dos Serviços Digitais,3505708,93.33,7
13,2,Qualidade dos Serviços Digitais,3201209,93.33,7
14,2,Qualidade dos Serviços Digitais,1600303,93.33,7
15,2,Qualidade dos Serviços Digitais,3525904,92.67,7
16,2,Qualidade dos Serviços Digitais,2604106,92.67,7
17,2,Qualidade dos Serviços Digitais,4309209,92.0,7
18,2,Qualidade dos Serviços Digitais,3203205,92.0,7
19,2,Qualidade dos Serviços Digitais,4314902,92.0,7
20,2,Qualidade dos Serviços Digitais,3548807,91.33,7
21,2,Qualidade dos Serviços Digitais,3516200,90.67,7
22,2,Qualidade dos Serviços Digitais,3548500,90.0,7
23,2,Qualidade dos Serviços Digitais,3170701,90.0,7
24,2,Qualidade dos Serviços Digitais,4115200,90.0,7
25,2,Qualidade dos Serviços Digitais,1702109,90.0,7
26,2,Qualidade dos Serviços Digitais,5201108,90.0,7
27,2,Qualidade dos Serviços Digitais,3534401,89.33,7
28,2,Qualidade dos Serviços Digitais,3303906,89.33,7
29,2,Qualidade dos Serviços Digitais,1302603,89.33,7
30,2,Qualidade dos Serviços Digitais,4307005,89.33,7
31,2,Qualidade dos Serviços Digitais,4104808,89.33,7
32,2,Qualidade dos Serviços Digitais,3549904,89.33,7
33,2,Qualidade dos Serviços Digitais,2607901,88.67,7
34,2,Qualidade dos Serviços Digitais,3530607,88.0,7
35,2,Qualidade dos Serviços Digitais,4208203,88.0,7
36,2,Qualidade dos Serviços Digitais,3305802,87.33,7
37,2,Qualidade dos Serviços Digitais,1600600,86.67,7
38,2,Qualidade dos Serviços Digitais,3122306,86.67,7
39,2,Qualidade dos Serviços Digitais,3510500,86.67,7
40,2,Qualidade dos Serviços Digitais,3522109,86.67,7
41,2,Qualidade dos Serviços Digitais,3302403,86.0,7
42,2,Qualidade dos Serviços Digitais,3205200,86.0,7
43,2,Qualidade dos Serviços Digitais,2611606,85.33,7
44,2,Qualidade dos Serviços Digitais,4204608,85.33,7
45,2,Qualidade dos Serviços Digitais,3520509,85.33,7
46,2,Qualidade dos Serviços Digitais,3503208,85.33,7
47,2,Qualidade dos Serviços Digitais,3170206,85.33,7
48,2,Qualidade dos Serviços Digitais,3526902,85.33,7
49,2,Qualidade dos Serviços Digitais,3205002,85.33,7
50,2,Qualidade dos Serviços Digitais,1506807,85.33,7
51,2,Qualidade dos Serviços Digitais,2111300,85.33,7
52,2,Qualidade dos Serviços Digitais,4314100,85.33,7
53,2,Qualidade dos Serviços Digitais,3541000,84.67,7
54,2,Qualidade dos Serviços Digitais,4208906,84.67,7
55,2,Qualidade dos Serviços Digitais,4304606,84.67,7
56,2,Qualidade dos Serviços Digitais,1500800,84.67,7
57,2,Qualidade dos Serviços Digitais,4316808,84.67,7
58,2,Qualidade dos Serviços Digitais,3551009,84.67,7
59,2,Qualidade dos Serviços Digitais,2304400,84.0,7
60,2,Qualidade dos Serviços Digitais,5220454,84.0,7
61,2,Qualidade dos Serviços Digitais,4101408,83.33,7
62,2,Qualidade dos Serviços Digitais,3106705,83.33,7
63,2,Qualidade dos Serviços Digitais,3536505,83.33,7
64,2,Qualidade dos Serviços Digitais,4119905,83.33,7
65,2,Qualidade dos Serviços Digitais,4109401,83.33,7
66,2,Qualidade dos Serviços Digitais,4202008,83.33,7
67,2,Qualidade dos Serviços Digitais,5108402,83.33,7
68,2,Qualidade dos Serviços Digitais,1400100,83.33,7
69,2,Qualidade dos Serviços Digitais,3205309,83.33,7
70,2,Qualidade dos Serviços Digitais,3303302,82.67,7
71,2,Qualidade dos Serviços Digitais,3170107,82.67,7
72,2,Qualidade dos Serviços Digitais,3557006,82.67,7
73,2,Qualidade dos Serviços Digitais,3509502,82.0,7
74,2,Qualidade dos Serviços Digitais,3516408,82.0,7
75,2,Qualidade dos Serviços Digitais,3505500,82.0,7
76,2,Qualidade dos Serviços Digitais,3554102,82.0,7
77,2,Qualidade dos Serviços Digitais,4202909,82.0,7
78,2,Qualidade dos Serviços Digitais,4202404,82.0,7
79,2,Qualidade dos Serviços Digitais,2408102,82.0,7
80,2,Qualidade dos Serviços Digitais,3304557,82.0,7
81,2,Qualidade dos Serviços Digitais,4211900,82.0,7
82,2,Qualidade dos Serviços Digitais,3201308,82.0,7
83,2,Qualidade dos Serviços Digitais,3302700,82.0,7
84,2,Qualidade dos Serviços Digitais,3144805,82.0,7
85,2,Qualidade dos Serviços Digitais,3105608,82.0,7
86,2,Qualidade dos Serviços Digitais,3552205,82.0,7
87,2,Qualidade dos Serviços Digitais,3548708,82.0,7
88,2,Qualidade dos Serviços Digitais,2303709,82.0,7
89,2,Qualidade dos Serviços Digitais,2105302,81.33,7
90,2,Qualidade dos Serviços Digitais,4127700,81.33,7
91,2,Qualidade dos Serviços Digitais,3556206,81.33,7
92,2,Qualidade dos Serviços Digitais,3524402,81.33,7
93,2,Qualidade dos Serviços Digitais,5103403,81.33,7
94,2,Qualidade dos Serviços Digitais,3118601,81.33,7
95,2,Qualidade dos Serviços Digitais,3302502,81.33,7
96,2,Qualidade dos Serviços Digitais,4316907,81.33,7
97,2,Qualidade dos Serviços Digitais,3304144,80.67,7
98,2,Qualidade dos Serviços Digitais,4318705,80.67,7
99,2,Qualidade dos Serviços Digitais,3103504,80.67,7
100,2,Qualidade dos Serviços Digitais,4125506,80.0,7
101,2,Qualidade dos Serviços Digitais,4118204,80.0,7
102,2,Qualidade dos Serviços Digitais,2211001,80.0,7
103,2,Qualidade dos Serviços Digitais,3148004,80.0,7
104,2,Qualidade dos Serviços Digitais,3552403,80.0,7
105,2,Qualidade dos Serviços Digitais,3201506,80.0,7
106,2,Qualidade dos Serviços Digitais,3507605,80.0,7
107,2,Qualidade dos Serviços Digitais,1505502,80.0,7
108,2,Qualidade dos Serviços Digitais,3204906,80.0,7
109,2,Qualidade dos Serviços Digitais,3156700,79.33,7
110,2,Qualidade dos Serviços Digitais,3300407,79.33,7
111,2,Qualidade dos Serviços Digitais,5217609,79.33,7
112,2,Qualidade dos Serviços Digitais,3507506,79.33,7
113,2,Qualidade dos Serviços Digitais,3305208,79.33,7
114,2,Qualidade dos Serviços Digitais,3552502,79.33,7
115,2,Qualidade dos Serviços Digitais,2111201,79.33,7
116,2,Qualidade dos Serviços Digitais,3518800,79.33,7
117,2,Qualidade dos Serviços Digitais,4303103,79.33,7
118,2,Qualidade dos Serviços Digitais,3549805,79.33,7
119,2,Qualidade dos Serviços Digitais,2504009,78.67,7
120,2,Qualidade dos Serviços Digitais,4119152,78.67,7
121,2,Qualidade dos Serviços Digitais,4204202,78.67,7
122,2,Qualidade dos Serviços Digitais,3305109,78.67,7
123,2,Qualidade dos Serviços Digitais,2900702,78.67,7
124,2,Qualidade dos Serviços Digitais,3530706,78.0,7
125,2,Qualidade dos Serviços Digitais,3556503,78.0,7
126,2,Qualidade dos Serviços Digitais,5200258,78.0,7
127,2,Qualidade dos Serviços Digitais,2903201,78.0,7
128,2,Qualidade dos Serviços Digitais,3143302,78.0,7
129,2,Qualidade dos Serviços Digitais,3145208,78.0,7
130,2,Qualidade dos Serviços Digitais,4104204,77.33,7
131,2,Qualidade dos Serviços Digitais,3545803,77.33,7
132,2,Qualidade dos Serviços Digitais,2312908,77.33,7
133,2,Qualidade dos Serviços Digitais,3513801,77.33,7
134,2,Qualidade dos Serviços Digitais,4320008,77.33,7
135,2,Qualidade dos Serviços Digitais,2933307,77.33,7
136,2,Qualidade dos Serviços Digitais,4205407,77.33,7
137,2,Qualidade dos Serviços Digitais,3300704,76.67,7
138,2,Qualidade dos Serviços Digitais,3510609,76.67,7
139,2,Qualidade dos Serviços Digitais,2307650,76.67,7
140,2,Qualidade dos Serviços Digitais,3519071,76.67,7
141,2,Qualidade dos Serviços Digitais,3104007,76.0,7
142,2,Qualidade dos Serviços Digitais,2606002,76.0,7
143,2,Qualidade dos Serviços Digitais,3554003,76.0,7
144,2,Qualidade dos Serviços Digitais,1504422,76.0,7
145,2,Qualidade dos Serviços Digitais,5107958,76.0,7
146,2,Qualidade dos Serviços Digitais,3550308,76.0,7
147,2,Qualidade dos Serviços Digitais,1501402,75.33,7
148,2,Qualidade dos Serviços Digitais,3511102,75.33,7
149,2,Qualidade dos Serviços Digitais,3523404,75.33,7
150,2,Qualidade dos Serviços Digitais,3548906,74.67,7
151,2,Qualidade dos Serviços Digitais,2616407,74.67,7
152,2,Qualidade dos Serviços Digitais,4105805,74.67,7
153,2,Qualidade dos Serviços Digitais,3157807,74.67,7
154,2,Qualidade dos Serviços Digitais,3534708,74.67,7
155,2,Qualidade dos Serviços Digitais,3303500,74.67,7
156,2,Qualidade dos Serviços Digitais,3529005,74.67,7
157,2,Qualidade dos Serviços Digitais,3300100,74.67,7
158,2,Qualidade dos Serviços Digitais,3552809,74.0,7
159,2,Qualidade dos Serviços Digitais,2928703,74.0,7
160,2,Qualidade dos Serviços Digitais,3134202,74.0,7
161,2,Qualidade dos Serviços Digitais,3304201,74.0,7
162,2,Qualidade dos Serviços Digitais,3506003,74.0,7
163,2,Qualidade dos Serviços Digitais,3306305,74.0,7
164,2,Qualidade dos Serviços Digitais,3502804,74.0,7
165,2,Qualidade dos Serviços Digitais,5107925,74.0,7
166,2,Qualidade dos Serviços Digitais,5002704,74.0,7
167,2,Qualidade dos Serviços Digitais,5221403,74.0,7
168,2,Qualidade dos Serviços Digitais,4305108,73.33,7
169,2,Qualidade dos Serviços Digitais,3143906,73.33,7
170,2,Qualidade dos Serviços Digitais,4119509,73.33,7
171,2,Qualidade dos Serviços Digitais,3136702,73.33,7
172,2,Qualidade dos Serviços Digitais,2800308,73.33,7
173,2,Qualidade dos Serviços Digitais,2408003,73.33,7
174,2,Qualidade dos Serviços Digitais,2510808,73.33,7
175,2,Qualidade dos Serviços Digitais,2107506,73.33,7
176,2,Qualidade dos Serviços Digitais,4313409,73.33,7
177,2,Qualidade dos Serviços Digitais,5205109,73.33,7
178,2,Qualidade dos Serviços Digitais,4209102,72.67,7
179,2,Qualidade dos Serviços Digitais,3302205,72.67,7
180,2,Qualidade dos Serviços Digitais,3523107,72.67,7
181,2,Qualidade dos Serviços Digitais,3154606,72.67,7
182,2,Qualidade dos Serviços Digitais,3127701,72.0,7
183,2,Qualidade dos Serviços Digitais,4302105,72.0,7
184,2,Qualidade dos Serviços Digitais,3543907,72.0,7
185,2,Qualidade dos Serviços Digitais,3538709,72.0,7
186,2,Qualidade dos Serviços Digitais,4101507,72.0,7
187,2,Qualidade dos Serviços Digitais,4113700,72.0,7
188,2,Qualidade dos Serviços Digitais,2918407,71.33,7
189,2,Qualidade dos Serviços Digitais,2913606,71.33,7
190,2,Qualidade dos Serviços Digitais,3504107,71.33,7
191,2,Qualidade dos Serviços Digitais,3503307,71.33,7
192,2,Qualidade dos Serviços Digitais,5211503,70.67,7
193,2,Qualidade dos Serviços Digitais,1505536,70.67,7
194,2,Qualidade dos Serviços Digitais,4108304,70.67,7
195,2,Qualidade dos Serviços Digitais,3131703,70.67,7
196,2,Qualidade dos Serviços Digitais,3516309,70.67,7
197,2,Qualidade dos Serviços Digitais,4107652,70.67,7
198,2,Qualidade dos Serviços Digitais,3152501,70.0,7
199,2,Qualidade dos Serviços Digitais,3302858,70.0,7
200,2,Qualidade dos Serviços Digitais,3501608,70.0,7
201,2,Qualidade dos Serviços Digitais,4101804,70.0,7
202,2,Qualidade dos Serviços Digitais,3167202,70.0,7
203,2,Qualidade dos Serviços Digitais,3169901,70.0,7
204,2,Qualidade dos Serviços Digitais,3304524,69.33,7
205,2,Qualidade dos Serviços Digitais,4128104,69.33,7
206,2,Qualidade dos Serviços Digitais,4209300,68.67,7
207,2,Qualidade dos Serviços Digitais,3119401,68.67,7
208,2,Qualidade dos Serviços Digitais,4203204,68.67,7
209,2,Qualidade dos Serviços Digitais,1503606,68.67,7
210,2,Qualidade dos Serviços Digitais,3513009,68.67,7
211,2,Qualidade dos Serviços Digitais,3515707,68.0,7
212,2,Qualidade dos Serviços Digitais,3529401,68.0,7
213,2,Qualidade dos Serviços Digitais,4218707,68.0,7
214,2,Qualidade dos Serviços Digitais,2100055,67.33,7
215,2,Qualidade dos Serviços Digitais,1100205,67.33,7
216,2,Qualidade dos Serviços Digitais,5208004,67.33,7
217,2,Qualidade dos Serviços Digitais,2403251,67.33,7
218,2,Qualidade dos Serviços Digitais,2602902,67.33,7
219,2,Qualidade dos Serviços Digitais,4314407,66.67,7
220,2,Qualidade dos Serviços Digitais,2914802,66.67,7
221,2,Qualidade dos Serviços Digitais,5218805,66.67,7
222,2,Qualidade dos Serviços Digitais,2910800,66.67,7
223,2,Qualidade dos Serviços Digitais,3131307,66.67,7
224,2,Qualidade dos Serviços Digitais,3303401,66.67,7
225,2,Qualidade dos Serviços Digitais,4323002,66.67,7
226,2,Qualidade dos Serviços Digitais,1501303,66.0,7
227,2,Qualidade dos Serviços Digitais,4322400,65.33,7
228,2,Qualidade dos Serviços Digitais,3147907,65.33,7
229,2,Qualidade dos Serviços Digitais,2910727,65.33,7
230,2,Qualidade dos Serviços Digitais,2700300,64.67,7
231,2,Qualidade dos Serviços Digitais,3138203,64.67,7
232,2,Qualidade dos Serviços Digitais,3551702,64.67,7
233,2,Qualidade dos Serviços Digitais,3301702,64.67,7
234,2,Qualidade dos Serviços Digitais,3506508,64.67,7
235,2,Qualidade dos Serviços Digitais,3545209,64.67,7
236,2,Qualidade dos Serviços Digitais,3518701,64.67,7
237,2,Qualidade dos Serviços Digitais,3304904,64.67,7
238,2,Qualidade dos Serviços Digitais,3525300,64.67,7
239,2,Qualidade dos Serviços Digitais,2925303,64.0,7
240,2,Qualidade dos Serviços Digitais,3539806,64.0,7
241,2,Qualidade dos Serviços Digitais,4126256,64.0,7
242,2,Qualidade dos Serviços Digitais,5201405,64.0,7
243,2,Qualidade dos Serviços Digitais,5212501,64.0,7
244,2,Qualidade dos Serviços Digitais,2412005,64.0,7
245,2,Qualidade dos Serviços Digitais,3525003,64.0,7
246,2,Qualidade dos Serviços Digitais,5208707,63.33,7
247,2,Qualidade dos Serviços Digitais,2905701,63.33,7
248,2,Qualidade dos Serviços Digitais,3522505,63.33,7
249,2,Qualidade dos Serviços Digitais,3543402,63.33,7
250,2,Qualidade dos Serviços Digitais,3171204,63.33,7
251,2,Qualidade dos Serviços Digitais,3151800,63.33,7
252,2,Qualidade dos Serviços Digitais,3300456,63.33,7
253,2,Qualidade dos Serviços Digitais,2101400,62.67,7
254,2,Qualidade dos Serviços Digitais,2610707,62.67,7
255,2,Qualidade dos Serviços Digitais,3301900,62.67,7
256,2,Qualidade dos Serviços Digitais,5003702,62.0,7
257,2,Qualidade dos Serviços Digitais,3300209,62.0,7
258,2,Qualidade dos Serviços Digitais,2931350,62.0,7
259,2,Qualidade dos Serviços Digitais,5211909,62.0,7
260,2,Qualidade dos Serviços Digitais,3522208,61.33,7
261,2,Qualidade dos Serviços Digitais,2306405,61.33,7
262,2,Qualidade dos Serviços Digitais,3302007,61.33,7
263,2,Qualidade dos Serviços Digitais,4300604,61.33,7
264,2,Qualidade dos Serviços Digitais,3547809,61.33,7
265,2,Qualidade dos Serviços Digitais,1500602,60.67,7
266,2,Qualidade dos Serviços Digitais,2924009,60.67,7
267,2,Qualidade dos Serviços Digitais,2803500,60.67,7
268,2,Qualidade dos Serviços Digitais,3118304,60.67,7
269,2,Qualidade dos Serviços Digitais,3513504,60.67,7
270,2,Qualidade dos Serviços Digitais,3518404,60.67,7
271,2,Qualidade dos Serviços Digitais,1502400,60.67,7
272,2,Qualidade dos Serviços Digitais,5107909,60.67,7
273,2,Qualidade dos Serviços Digitais,3504008,60.67,7
274,2,Qualidade dos Serviços Digitais,3543303,60.67,7
275,2,Qualidade dos Serviços Digitais,3202405,60.67,7
276,2,Qualidade dos Serviços Digitais,2304202,60.0,7
277,2,Qualidade dos Serviços Digitais,2307304,60.0,7
278,2,Qualidade dos Serviços Digitais,2804805,60.0,7
279,2,Qualidade dos Serviços Digitais,5107602,59.33,7
280,2,Qualidade dos Serviços Digitais,2704302,58.67,7
281,2,Qualidade dos Serviços Digitais,2613701,58.67,7
282,2,Qualidade dos Serviços Digitais,1504208,58.0,7
283,2,Qualidade dos Serviços Digitais,5008305,57.33,7
284,2,Qualidade dos Serviços Digitais,1721000,57.33,7
285,2,Qualidade dos Serviços Digitais,3168606,57.33,7
286,2,Qualidade dos Serviços Digitais,2609600,57.33,7
287,2,Qualidade dos Serviços Digitais,4103701,57.33,7
288,2,Qualidade dos Serviços Digitais,2802908,56.67,7
289,2,Qualidade dos Serviços Digitais,2918001,56.67,7
290,2,Qualidade dos Serviços Digitais,3303203,55.33,7
291,2,Qualidade dos Serviços Digitais,4100400,55.33,7
292,2,Qualidade dos Serviços Digitais,5221858,55.33,7
293,2,Qualidade dos Serviços Digitais,2919553,54.67,7
294,2,Qualidade dos Serviços Digitais,2207702,54.67,7
295,2,Qualidade dos Serviços Digitais,4315602,54.67,7
296,2,Qualidade dos Serviços Digitais,3523909,54.0,7
297,2,Qualidade dos Serviços Digitais,2930709,54.0,7
298,2,Qualidade dos Serviços Digitais,3515004,54.0,7
299,2,Qualidade dos Serviços Digitais,2919207,53.33,7
300,2,Qualidade dos Serviços Digitais,2307700,53.33,7
301,2,Qualidade dos Serviços Digitais,3522307,53.33,7
302,2,Qualidade dos Serviços Digitais,1500107,53.33,7
303,2,Qualidade dos Serviços Digitais,1502103,52.67,7
304,2,Qualidade dos Serviços Digitais,5215231,51.33,7
305,2,Qualidade dos Serviços Digitais,2513703,51.33,7
306,2,Qualidade dos Serviços Digitais,2101202,50.0,7
307,2,Qualidade dos Serviços Digitais,1501709,48.0,7
308,2,Qualidade dos Serviços Digitais,2103000,47.33,7
309,2,Qualidade dos Serviços Digitais,1200401,46.67,7
310,2,Qualidade dos Serviços Digitais,2112209,44.67,7
311,2,Qualidade dos Serviços Digitais,2603454,44.0,7
312,2,Qualidade dos Serviços Digitais,1301902,36.67,7
313,2,Qualidade dos Serviços Digitais,1100122,36.0,7
314,2,Qualidade dos Serviços Digitais,1501808,33.33,7
315,2,Qualidade dos Serviços Digitais,2103307,31.33,7
316,2,Qualidade dos Serviços Digitais,1302504,31.33,7
317,2,Qualidade dos Serviços Digitais,2606804,30.0,7
318,2,Qualidade dos Serviços Digitais,3301009,0.0,7
319,2,Qualidade dos Serviços Digitais,4301602,0.0,7
1,3,Identificação Única,5300108,100.0,7
2,3,Identificação Única,5221403,100.0,7
3,3,Identificação Única,1100205,100.0,7
4,3,Identificação Única,5220454,100.0,7
5,3,Identificação Única,5218805,100.0,7
6,3,Identificação Única,5211909,100.0,7
7,3,Identificação Única,1302603,100.0,7
8,3,Identificação Única,5002704,100.0,7
9,3,Identificação Única,4323002,100.0,7
10,3,Identificação Única,4320008,100.0,7
11,3,Identificação Única,4318705,100.0,7
12,3,Identificação Única,4316907,100.0,7
13,3,Identificação Única,4316808,100.0,7
14,3,Identificação Única,4315602,100.0,7
15,3,Identificação Única,4314407,100.0,7
16,3,Identificação Única,4314100,100.0,7
17,3,Identificação Única,4313409,100.0,7
18,3,Identificação Única,4309209,100.0,7
19,3,Identificação Única,4307005,100.0,7
20,3,Identificação Única,4305108,100.0,7
21,3,Identificação Única,4304606,100.0,7
22,3,Identificação Única,2303709,100.0,7
23,3,Identificação Única,2211001,100.0,7
24,3,Identificação Única,2207702,100.0,7
25,3,Identificação Única,2111300,100.0,7
26,3,Identificação Única,2111201,100.0,7
27,3,Identificação Única,2107506,100.0,7
28,3,Identificação Única,2105302,100.0,7
29,3,Identificação Única,2101400,100.0,7
30,3,Identificação Única,2100055,100.0,7
31,3,Identificação Única,1721000,100.0,7
32,3,Identificação Única,1702109,100.0,7
33,3,Identificação Única,1600600,100.0,7
34,3,Identificação Única,2510808,100.0,7
35,3,Identificação Única,2507507,100.0,7
36,3,Identificação Única,2412005,100.0,7
37,3,Identificação Única,2408102,100.0,7
38,3,Identificação Única,2408003,100.0,7
39,3,Identificação Única,2403251,100.0,7
40,3,Identificação Única,2312908,100.0,7
41,3,Identificação Única,2307700,100.0,7
42,3,Identificação Única,2307650,100.0,7
43,3,Identificação Única,2306405,100.0,7
44,3,Identificação Única,2304400,100.0,7
45,3,Identificação Única,2304202,100.0,7
46,3,Identificação Única,2803500,100.0,7
47,3,Identificação Única,2802908,100.0,7
48,3,Identificação Única,2800308,100.0,7
49,3,Identificação Única,2704302,100.0,7
50,3,Identificação Única,2700300,100.0,7
51,3,Identificação Única,2616407,100.0,7
52,3,Identificação Única,2611606,100.0,7
53,3,Identificação Única,2610707,100.0,7
54,3,Identificação Única,2609600,100.0,7
55,3,Identificação Única,2607901,100.0,7
56,3,Identificação Única,2604106,100.0,7
57,3,Identificação Única,2603454,100.0,7
58,3,Identificação Única,2928703,100.0,7
59,3,Identificação Única,2927408,100.0,7
60,3,Identificação Única,2925303,100.0,7
61,3,Identificação Única,2924009,100.0,7
62,3,Identificação Única,2919207,100.0,7
63,3,Identificação Única,2918407,100.0,7
64,3,Identificação Única,2918001,100.0,7
65,3,Identificação Única,2913606,100.0,7
66,3,Identificação Única,2910800,100.0,7
67,3,Identificação Única,2905701,100.0,7
68,3,Identificação Única,2903201,100.0,7
69,3,Identificação Única,2900702,100.0,7
70,3,Identificação Única,4303103,100.0,7
71,3,Identificação Única,4302105,100.0,7
72,3,Identificação Única,4300604,100.0,7
73,3,Identificação Única,4218707,100.0,7
74,3,Identificação Única,4216602,100.0,7
75,3,Identificação Única,4211900,100.0,7
76,3,Identificação Única,4209300,100.0,7
77,3,Identificação Única,4209102,100.0,7
78,3,Identificação Única,4208906,100.0,7
79,3,Identificação Única,4208203,100.0,7
80,3,Identificação Única,4205407,100.0,7
81,3,Identificação Única,4204608,100.0,7
82,3,Identificação Única,4204202,100.0,7
83,3,Identificação Única,4203204,100.0,7
84,3,Identificação Única,4202909,100.0,7
85,3,Identificação Única,3129806,100.0,7
86,3,Identificação Única,3127701,100.0,7
87,3,Identificação Única,3122306,100.0,7
88,3,Identificação Única,3119401,100.0,7
89,3,Identificação Única,3118601,100.0,7
90,3,Identificação Única,3106705,100.0,7
91,3,Identificação Única,3106200,100.0,7
92,3,Identificação Única,3105608,100.0,7
93,3,Identificação Única,3104007,100.0,7
94,3,Identificação Única,3103504,100.0,7
95,3,Identificação Única,2933307,100.0,7
96,3,Identificação Única,2931350,100.0,7
97,3,Identificação Única,2930709,100.0,7
98,3,Identificação Única,3168606,100.0,7
99,3,Identificação Única,3157807,100.0,7
100,3,Identificação Única,3156700,100.0,7
101,3,Identificação Única,3154606,100.0,7
102,3,Identificação Única,3152501,100.0,7
103,3,Identificação Única,3151800,100.0,7
104,3,Identificação Única,3148004,100.0,7
105,3,Identificação Única,3145208,100.0,7
106,3,Identificação Única,3144805,100.0,7
107,3,Identificação Única,3143302,100.0,7
108,3,Identificação Única,3138203,100.0,7
109,3,Identificação Única,3136702,100.0,7
110,3,Identificação Única,3134202,100.0,7
111,3,Identificação Única,3300209,100.0,7
112,3,Identificação Única,3300100,100.0,7
113,3,Identificação Única,3205200,100.0,7
114,3,Identificação Única,3205002,100.0,7
115,3,Identificação Única,3204906,100.0,7
116,3,Identificação Única,3203205,100.0,7
117,3,Identificação Única,3202405,100.0,7
118,3,Identificação Única,3201506,100.0,7
119,3,Identificação Única,3201308,100.0,7
120,3,Identificação Única,3201209,100.0,7
121,3,Identificação Única,3170206,100.0,7
122,3,Identificação Única,3170107,100.0,7
123,3,Identificação Única,3169901,100.0,7
124,3,Identificação Única,3303500,100.0,7
125,3,Identificação Única,3303401,100.0,7
126,3,Identificação Única,3303302,100.0,7
127,3,Identificação Única,3303203,100.0,7
128,3,Identificação Única,3302858,100.0,7
129,3,Identificação Única,3302700,100.0,7
130,3,Identificação Única,3302502,100.0,7
131,3,Identificação Única,3302205,100.0,7
132,3,Identificação Única,3302007,100.0,7
133,3,Identificação Única,3301702,100.0,7
134,3,Identificação Única,3300456,100.0,7
135,3,Identificação Única,3300407,100.0,7
136,3,Identificação Única,4202008,100.0,7
137,3,Identificação Única,4128104,100.0,7
138,3,Identificação Única,4127700,100.0,7
139,3,Identificação Única,4126256,100.0,7
140,3,Identificação Única,4125506,100.0,7
141,3,Identificação Única,4119905,100.0,7
142,3,Identificação Única,4119509,100.0,7
143,3,Identificação Única,4119152,100.0,7
144,3,Identificação Única,4118204,100.0,7
145,3,Identificação Única,4115200,100.0,7
146,3,Identificação Única,4113700,100.0,7
147,3,Identificação Única,4109401,100.0,7
148,3,Identificação Única,4108304,100.0,7
149,3,Identificação Única,4107652,100.0,7
150,3,Identificação Única,4106902,100.0,7
151,3,Identificação Única,3504107,100.0,7
152,3,Identificação Única,3504008,100.0,7
153,3,Identificação Única,3503307,100.0,7
154,3,Identificação Única,3503208,100.0,7
155,3,Identificação Única,3502804,100.0,7
156,3,Identificação Única,3501608,100.0,7
157,3,Identificação Única,3306305,100.0,7
158,3,Identificação Única,3305802,100.0,7
159,3,Identificação Única,3304557,100.0,7
160,3,Identificação Única,3304524,100.0,7
161,3,Identificação Única,3304201,100.0,7
162,3,Identificação Única,3304144,100.0,7
163,3,Identificação Única,3303906,100.0,7
164,3,Identificação Única,3516200,100.0,7
165,3,Identificação Única,3513801,100.0,7
166,3,Identificação Única,3513504,100.0,7
167,3,Identificação Única,3511102,100.0,7
168,3,Identificação Única,3510609,100.0,7
169,3,Identificação Única,3510500,100.0,7
170,3,Identificação Única,3509502,100.0,7
171,3,Identificação Única,3507605,100.0,7
172,3,Identificação Única,3507506,100.0,7
173,3,Identificação Única,3506003,100.0,7
174,3,Identificação Única,3505708,100.0,7
175,3,Identificação Única,3505500,100.0,7
176,3,Identificação Única,3524402,100.0,7
177,3,Identificação Única,3523909,100.0,7
178,3,Identificação Única,3523404,100.0,7
179,3,Identificação Única,3523107,100.0,7
180,3,Identificação Única,3522505,100.0,7
181,3,Identificação Única,3522307,100.0,7
182,3,Identificação Única,3522208,100.0,7
183,3,Identificação Única,3522109,100.0,7
184,3,Identificação Única,3520509,100.0,7
185,3,Identificação Única,3519071,100.0,7
186,3,Identificação Única,3518800,100.0,7
187,3,Identificação Única,3518701,100.0,7
188,3,Identificação Única,3518404,100.0,7
189,3,Identificação Única,3516408,100.0,7
190,3,Identificação Única,3516309,100.0,7
191,3,Identificação Única,3543303,100.0,7
192,3,Identificação Única,3541406,100.0,7
193,3,Identificação Única,3541000,100.0,7
194,3,Identificação Única,3539806,100.0,7
195,3,Identificação Única,3538709,100.0,7
196,3,Identificação Única,3538006,100.0,7
197,3,Identificação Única,3536505,100.0,7
198,3,Identificação Única,3534708,100.0,7
199,3,Identificação Única,3534401,100.0,7
200,3,Identificação Única,3530706,100.0,7
201,3,Identificação Única,3530607,100.0,7
202,3,Identificação Única,3529005,100.0,7
203,3,Identificação Única,3526902,100.0,7
204,3,Identificação Única,3525904,100.0,7
205,3,Identificação Única,3525300,100.0,7
206,3,Identificação Única,3552205,100.0,7
207,3,Identificação Única,3551702,100.0,7
208,3,Identificação Única,3551009,100.0,7
209,3,Identificação Única,3550308,100.0,7
210,3,Identificação Única,3549904,100.0,7
211,3,Identificação Única,3549805,100.0,7
212,3,Identificação Única,3548906,100.0,7
213,3,Identificação Única,3548807,100.0,7
214,3,Identificação Única,3548708,100.0,7
215,3,Identificação Única,3548500,100.0,7
216,3,Identificação Única,3547809,100.0,7
217,3,Identificação Única,3547304,100.0,7
218,3,Identificação Única,3545803,100.0,7
219,3,Identificação Única,3545209,100.0,7
220,3,Identificação Única,3543402,100.0,7
221,3,Identificação Única,4105805,100.0,7
222,3,Identificação Única,4104808,100.0,7
223,3,Identificação Única,4104204,100.0,7
224,3,Identificação Única,4101804,100.0,7
225,3,Identificação Única,4101507,100.0,7
226,3,Identificação Única,4101408,100.0,7
227,3,Identificação Única,3557006,100.0,7
228,3,Identificação Única,3556503,100.0,7
229,3,Identificação Única,3556206,100.0,7
230,3,Identificação Única,3554102,100.0,7
231,3,Identificação Única,3554003,100.0,7
232,3,Identificação Única,3552809,100.0,7
233,3,Identificação Única,3552502,100.0,7
234,3,Identificação Única,3552403,100.0,7
235,3,Identificação Única,1400100,100.0,7
236,3,Identificação Única,5211503,100.0,7
237,3,Identificação Única,5208707,100.0,7
238,3,Identificação Única,5208004,100.0,7
239,3,Identificação Única,5205109,100.0,7
240,3,Identificação Única,5201405,100.0,7
241,3,Identificação Única,5201108,100.0,7
242,3,Identificação Única,5200258,100.0,7
243,3,Identificação Única,5107958,100.0,7
244,3,Identificação Única,5107925,100.0,7
245,3,Identificação Única,5107602,100.0,7
246,3,Identificação Única,5103403,100.0,7
247,3,Identificação Única,5008305,100.0,7
248,3,Identificação Única,5003702,100.0,7
249,3,Identificação Única,1600303,100.0,7
250,3,Identificação Única,1506807,100.0,7
251,3,Identificação Única,1505502,100.0,7
252,3,Identificação Única,1504422,100.0,7
253,3,Identificação Única,1503606,100.0,7
254,3,Identificação Única,1502400,100.0,7
255,3,Identificação Única,1501709,100.0,7
256,3,Identificação Única,1501402,100.0,7
257,3,Identificação Única,1501303,100.0,7
258,3,Identificação Única,1500800,100.0,7
259,3,Identificação Única,1500602,100.0,7
260,3,Identificação Única,1500107,0.0,7
261,3,Identificação Única,1501808,0.0,7
262,3,Identificação Única,1502103,0.0,7
263,3,Identificação Única,1504208,0.0,7
264,3,Identificação Única,1505536,0.0,7
265,3,Identificação Única,5107909,0.0,7
266,3,Identificação Única,5108402,0.0,7
267,3,Identificação Única,4100400,0.0,7
268,3,Identificação Única,4103701,0.0,7
269,3,Identificação Única,3543907,0.0,7
270,3,Identificação Única,3529401,0.0,7
271,3,Identificação Única,3525003,0.0,7
272,3,Identificação Única,3506508,0.0,7
273,3,Identificação Única,3513009,0.0,7
274,3,Identificação Única,3515004,0.0,7
275,3,Identificação Única,3515707,0.0,7
276,3,Identificação Única,3304904,0.0,7
277,3,Identificação Única,3305109,0.0,7
278,3,Identificação Única,3305208,0.0,7
279,3,Identificação Única,4202404,0.0,7
280,3,Identificação Única,3300704,0.0,7
281,3,Identificação Única,3301009,0.0,7
282,3,Identificação Única,3301900,0.0,7
283,3,Identificação Única,3302403,0.0,7
284,3,Identificação Única,3170701,0.0,7
285,3,Identificação Única,3171204,0.0,7
286,3,Identificação Única,3205309,0.0,7
287,3,Identificação Única,3143906,0.0,7
288,3,Identificação Única,3147907,0.0,7
289,3,Identificação Única,3167202,0.0,7
290,3,Identificação Única,3118304,0.0,7
291,3,Identificação Única,3131307,0.0,7
292,3,Identificação Única,3131703,0.0,7
293,3,Identificação Única,4301602,0.0,7
294,3,Identificação Única,2804805,0.0,7
295,3,Identificação Única,2910727,0.0,7
296,3,Identificação Única,2914802,0.0,7
297,3,Identificação Única,2919553,0.0,7
298,3,Identificação Única,2606002,0.0,7
299,3,Identificação Única,2606804,0.0,7
300,3,Identificação Única,2611101,0.0,7
301,3,Identificação Única,2613701,0.0,7
302,3,Identificação Única,2307304,0.0,7
303,3,Identificação Única,2504009,0.0,7
304,3,Identificação Única,2513703,0.0,7
305,3,Identificação Única,2602902,0.0,7
306,3,Identificação Única,2101202,0.0,7
307,3,Identificação Única,2103000,0.0,7
308,3,Identificação Única,2103307,0.0,7
309,3,Identificação Única,2112209,0.0,7
310,3,Identificação Única,4314902,0.0,7
311,3,Identificação Única,4322400,0.0,7
312,3,Identificação Única,5212501,0.0,7
313,3,Identificação Única,5215231,0.0,7
314,3,Identificação Única,5217609,0.0,7
315,3,Identificação Única,1302504,0.0,7
316,3,Identificação Única,1301902,0.0,7
317,3,Identificação Única,1200401,0.0,7
318,3,Identificação Única,5221858,0.0,7
319,3,Identificação Única,1100122,0.0,7
1,4,Segurança e LGPD,5300108,100.0,7
2,4,Segurança e LGPD,1100205,100.0,7
3,4,Segurança e LGPD,1302603,100.0,7
4,4,Segurança e LGPD,4320008,100.0,7
5,4,Segurança e LGPD,4314902,100.0,7
6,4,Segurança e LGPD,4307005,100.0,7
7,4,Segurança e LGPD,2211001,100.0,7
8,4,Segurança e LGPD,4204202,100.0,7
9,4,Segurança e LGPD,2307304,100.0,7
10,4,Segurança e LGPD,2927408,100.0,7
11,4,Segurança e LGPD,5107958,100.0,7
12,4,Segurança e LGPD,3509502,100.0,7
13,4,Segurança e LGPD,3305802,100.0,7
14,4,Segurança e LGPD,3541406,100.0,7
15,4,Segurança e LGPD,3541000,100.0,7
16,4,Segurança e LGPD,3530607,100.0,7
17,4,Segurança e LGPD,3552205,100.0,7
18,4,Segurança e LGPD,3201308,100.0,7
19,4,Segurança e LGPD,3201209,100.0,7
20,4,Segurança e LGPD,3300100,100.0,7
21,4,Segurança e LGPD,3136702,100.0,7
22,4,Segurança e LGPD,3549904,100.0,7
23,4,Segurança e LGPD,3550308,100.0,7
24,4,Segurança e LGPD,4101408,100.0,7
25,4,Segurança e LGPD,4106902,100.0,7
26,4,Segurança e LGPD,3106200,100.0,7
27,4,Segurança e LGPD,4115200,100.0,7
28,4,Segurança e LGPD,4202909,100.0,7
29,4,Segurança e LGPD,4202404,100.0,7
30,4,Segurança e LGPD,5108402,100.0,7
31,4,Segurança e LGPD,4127700,80.0,7
32,4,Segurança e LGPD,4119152,80.0,7
33,4,Segurança e LGPD,3203205,80.0,7
34,4,Segurança e LGPD,2914802,80.0,7
35,4,Segurança e LGPD,3549805,80.0,7
36,4,Segurança e LGPD,3548500,80.0,7
37,4,Segurança e LGPD,3138203,80.0,7
38,4,Segurança e LGPD,3201506,80.0,7
39,4,Segurança e LGPD,3205309,80.0,7
40,4,Segurança e LGPD,3170206,80.0,7
41,4,Segurança e LGPD,3303302,80.0,7
42,4,Segurança e LGPD,3547304,80.0,7
43,4,Segurança e LGPD,2100055,80.0,7
44,4,Segurança e LGPD,4313409,80.0,7
45,4,Segurança e LGPD,2107506,80.0,7
46,4,Segurança e LGPD,2510808,80.0,7
47,4,Segurança e LGPD,4208906,80.0,7
48,4,Segurança e LGPD,4205407,80.0,7
49,4,Segurança e LGPD,4209102,80.0,7
50,4,Segurança e LGPD,2304400,80.0,7
51,4,Segurança e LGPD,2611606,80.0,7
52,4,Segurança e LGPD,2611101,80.0,7
53,4,Segurança e LGPD,4204608,80.0,7
54,4,Segurança e LGPD,2408003,80.0,7
55,4,Segurança e LGPD,4305108,80.0,7
56,4,Segurança e LGPD,5003702,80.0,7
57,4,Segurança e LGPD,3518800,80.0,7
58,4,Segurança e LGPD,3511102,80.0,7
59,4,Segurança e LGPD,3534708,80.0,7
60,4,Segurança e LGPD,3543303,80.0,7
61,4,Segurança e LGPD,3302700,80.0,7
62,4,Segurança e LGPD,3538006,80.0,7
63,4,Segurança e LGPD,4107652,80.0,7
64,4,Segurança e LGPD,4104808,80.0,7
65,4,Segurança e LGPD,4100400,80.0,7
66,4,Segurança e LGPD,3534401,80.0,7
67,4,Segurança e LGPD,3518701,80.0,7
68,4,Segurança e LGPD,3507506,80.0,7
69,4,Segurança e LGPD,3522505,80.0,7
70,4,Segurança e LGPD,5103403,80.0,7
71,4,Segurança e LGPD,5008305,80.0,7
72,4,Segurança e LGPD,1503606,80.0,7
73,4,Segurança e LGPD,5107602,80.0,7
74,4,Segurança e LGPD,5200258,80.0,7
75,4,Segurança e LGPD,5107925,80.0,7
76,4,Segurança e LGPD,3516408,80.0,7
77,4,Segurança e LGPD,1506807,80.0,7
78,4,Segurança e LGPD,2933307,80.0,7
79,4,Segurança e LGPD,4128104,80.0,7
80,4,Segurança e LGPD,4118204,80.0,7
81,4,Segurança e LGPD,3170107,80.0,7
82,4,Segurança e LGPD,3304557,80.0,7
83,4,Segurança e LGPD,3529005,80.0,7
84,4,Segurança e LGPD,3503208,80.0,7
85,4,Segurança e LGPD,3507605,60.0,7
86,4,Segurança e LGPD,3513009,60.0,7
87,4,Segurança e LGPD,1600303,60.0,7
88,4,Segurança e LGPD,5201108,60.0,7
89,4,Segurança e LGPD,5208004,60.0,7
90,4,Segurança e LGPD,2610707,60.0,7
91,4,Segurança e LGPD,2616407,60.0,7
92,4,Segurança e LGPD,2604106,60.0,7
93,4,Segurança e LGPD,2928703,60.0,7
94,4,Segurança e LGPD,4316808,60.0,7
95,4,Segurança e LGPD,4314100,60.0,7
96,4,Segurança e LGPD,4309209,60.0,7
97,4,Segurança e LGPD,2103307,60.0,7
98,4,Segurança e LGPD,2304202,60.0,7
99,4,Segurança e LGPD,3525300,60.0,7
100,4,Segurança e LGPD,3524402,60.0,7
101,4,Segurança e LGPD,3516309,60.0,7
102,4,Segurança e LGPD,3526902,60.0,7
103,4,Segurança e LGPD,3525904,60.0,7
104,4,Segurança e LGPD,3502804,60.0,7
105,4,Segurança e LGPD,3505500,60.0,7
106,4,Segurança e LGPD,3530706,60.0,7
107,4,Segurança e LGPD,3305208,60.0,7
108,4,Segurança e LGPD,3516200,60.0,7
109,4,Segurança e LGPD,3515004,60.0,7
110,4,Segurança e LGPD,2613701,60.0,7
111,4,Segurança e LGPD,2507507,60.0,7
112,4,Segurança e LGPD,4208203,60.0,7
113,4,Segurança e LGPD,2804805,60.0,7
114,4,Segurança e LGPD,5218805,60.0,7
115,4,Segurança e LGPD,5221403,60.0,7
116,4,Segurança e LGPD,4316907,60.0,7
117,4,Segurança e LGPD,4315602,60.0,7
118,4,Segurança e LGPD,2111300,60.0,7
119,4,Segurança e LGPD,2704302,60.0,7
120,4,Segurança e LGPD,2803500,60.0,7
121,4,Segurança e LGPD,2800308,60.0,7
122,4,Segurança e LGPD,4113700,60.0,7
123,4,Segurança e LGPD,3547809,60.0,7
124,4,Segurança e LGPD,3300407,60.0,7
125,4,Segurança e LGPD,3303906,60.0,7
126,4,Segurança e LGPD,1504208,60.0,7
127,4,Segurança e LGPD,1600600,60.0,7
128,4,Segurança e LGPD,5107909,60.0,7
129,4,Segurança e LGPD,3519071,60.0,7
130,4,Segurança e LGPD,4119905,60.0,7
131,4,Segurança e LGPD,2913606,60.0,7
132,4,Segurança e LGPD,4104204,60.0,7
133,4,Segurança e LGPD,4101507,60.0,7
134,4,Segurança e LGPD,3554102,60.0,7
135,4,Segurança e LGPD,3557006,60.0,7
136,4,Segurança e LGPD,3302858,60.0,7
137,4,Segurança e LGPD,3303203,60.0,7
138,4,Segurança e LGPD,3301702,60.0,7
139,4,Segurança e LGPD,3538709,60.0,7
140,4,Segurança e LGPD,3301009,60.0,7
141,4,Segurança e LGPD,3300456,60.0,7
142,4,Segurança e LGPD,2607901,40.0,7
143,4,Segurança e LGPD,2609600,40.0,7
144,4,Segurança e LGPD,4203204,40.0,7
145,4,Segurança e LGPD,2700300,40.0,7
146,4,Segurança e LGPD,2504009,40.0,7
147,4,Segurança e LGPD,1721000,40.0,7
148,4,Segurança e LGPD,4218707,40.0,7
149,4,Segurança e LGPD,4209300,40.0,7
150,4,Segurança e LGPD,2602902,40.0,7
151,4,Segurança e LGPD,1400100,40.0,7
152,4,Segurança e LGPD,5221858,40.0,7
153,4,Segurança e LGPD,5220454,40.0,7
154,4,Segurança e LGPD,5002704,40.0,7
155,4,Segurança e LGPD,4314407,40.0,7
156,4,Segurança e LGPD,2303709,40.0,7
157,4,Segurança e LGPD,2101202,40.0,7
158,4,Segurança e LGPD,3205002,40.0,7
159,4,Segurança e LGPD,3205200,40.0,7
160,4,Segurança e LGPD,3154606,40.0,7
161,4,Segurança e LGPD,3157807,40.0,7
162,4,Segurança e LGPD,3169901,40.0,7
163,4,Segurança e LGPD,3168606,40.0,7
164,4,Segurança e LGPD,3552502,40.0,7
165,4,Segurança e LGPD,3548807,40.0,7
166,4,Segurança e LGPD,3148004,40.0,7
167,4,Segurança e LGPD,3151800,40.0,7
168,4,Segurança e LGPD,3118601,40.0,7
169,4,Segurança e LGPD,3131703,40.0,7
170,4,Segurança e LGPD,3119401,40.0,7
171,4,Segurança e LGPD,4101804,40.0,7
172,4,Segurança e LGPD,3556206,40.0,7
173,4,Segurança e LGPD,3552809,40.0,7
174,4,Segurança e LGPD,4108304,40.0,7
175,4,Segurança e LGPD,4126256,40.0,7
176,4,Segurança e LGPD,2924009,40.0,7
177,4,Segurança e LGPD,2918407,40.0,7
178,4,Segurança e LGPD,3300704,40.0,7
179,4,Segurança e LGPD,3301900,40.0,7
180,4,Segurança e LGPD,3529401,40.0,7
181,4,Segurança e LGPD,3306305,40.0,7
182,4,Segurança e LGPD,3513801,40.0,7
183,4,Segurança e LGPD,3305109,40.0,7
184,4,Segurança e LGPD,3504008,40.0,7
185,4,Segurança e LGPD,3505708,40.0,7
186,4,Segurança e LGPD,3523909,40.0,7
187,4,Segurança e LGPD,3522208,40.0,7
188,4,Segurança e LGPD,5201405,40.0,7
189,4,Segurança e LGPD,1500602,40.0,7
190,4,Segurança e LGPD,1505502,20.0,7
191,4,Segurança e LGPD,1501709,20.0,7
192,4,Segurança e LGPD,5217609,20.0,7
193,4,Segurança e LGPD,4323002,20.0,7
194,4,Segurança e LGPD,1504422,20.0,7
195,4,Segurança e LGPD,1502400,20.0,7
196,4,Segurança e LGPD,5212501,20.0,7
197,4,Segurança e LGPD,3518404,20.0,7
198,4,Segurança e LGPD,5211503,20.0,7
199,4,Segurança e LGPD,5208707,20.0,7
200,4,Segurança e LGPD,3520509,20.0,7
201,4,Segurança e LGPD,3304144,20.0,7
202,4,Segurança e LGPD,3304904,20.0,7
203,4,Segurança e LGPD,3304524,20.0,7
204,4,Segurança e LGPD,3501608,20.0,7
205,4,Segurança e LGPD,3506508,20.0,7
206,4,Segurança e LGPD,3506003,20.0,7
207,4,Segurança e LGPD,3522307,20.0,7
208,4,Segurança e LGPD,3304201,20.0,7
209,4,Segurança e LGPD,3170701,20.0,7
210,4,Segurança e LGPD,3204906,20.0,7
211,4,Segurança e LGPD,3545803,20.0,7
212,4,Segurança e LGPD,3152501,20.0,7
213,4,Segurança e LGPD,3551009,20.0,7
214,4,Segurança e LGPD,3554003,20.0,7
215,4,Segurança e LGPD,3156700,20.0,7
216,4,Segurança e LGPD,3303500,20.0,7
217,4,Segurança e LGPD,3543402,20.0,7
218,4,Segurança e LGPD,3536505,20.0,7
219,4,Segurança e LGPD,3302403,20.0,7
220,4,Segurança e LGPD,3302502,20.0,7
221,4,Segurança e LGPD,3504107,20.0,7
222,4,Segurança e LGPD,1100122,20.0,7
223,4,Segurança e LGPD,1200401,20.0,7
224,4,Segurança e LGPD,4216602,20.0,7
225,4,Segurança e LGPD,4302105,20.0,7
226,4,Segurança e LGPD,2306405,20.0,7
227,4,Segurança e LGPD,4304606,20.0,7
228,4,Segurança e LGPD,2307650,20.0,7
229,4,Segurança e LGPD,2603454,20.0,7
230,4,Segurança e LGPD,2408102,20.0,7
231,4,Segurança e LGPD,2312908,20.0,7
232,4,Segurança e LGPD,1702109,20.0,7
233,4,Segurança e LGPD,2412005,20.0,7
234,4,Segurança e LGPD,2207702,20.0,7
235,4,Segurança e LGPD,4318705,20.0,7
236,4,Segurança e LGPD,2112209,20.0,7
237,4,Segurança e LGPD,2105302,20.0,7
238,4,Segurança e LGPD,2103000,20.0,7
239,4,Segurança e LGPD,2101400,20.0,7
240,4,Segurança e LGPD,4125506,20.0,7
241,4,Segurança e LGPD,2910727,20.0,7
242,4,Segurança e LGPD,2910800,20.0,7
243,4,Segurança e LGPD,2919553,20.0,7
244,4,Segurança e LGPD,4211900,20.0,7
245,4,Segurança e LGPD,2930709,20.0,7
246,4,Segurança e LGPD,2925303,20.0,7
247,4,Segurança e LGPD,3134202,20.0,7
248,4,Segurança e LGPD,3127701,20.0,7
249,4,Segurança e LGPD,3131307,20.0,7
250,4,Segurança e LGPD,3106705,20.0,7
251,4,Segurança e LGPD,3105608,20.0,7
252,4,Segurança e LGPD,3103504,20.0,7
253,4,Segurança e LGPD,3104007,20.0,7
254,4,Segurança e LGPD,2931350,20.0,7
255,4,Segurança e LGPD,4103701,20.0,7
256,4,Segurança e LGPD,1500107,20.0,7
257,4,Segurança e LGPD,1500800,0.0,7
258,4,Segurança e LGPD,1501303,0.0,7
259,4,Segurança e LGPD,3144805,0.0,7
260,4,Segurança e LGPD,3167202,0.0,7
261,4,Segurança e LGPD,3551702,0.0,7
262,4,Segurança e LGPD,3552403,0.0,7
263,4,Segurança e LGPD,3143302,0.0,7
264,4,Segurança e LGPD,3545209,0.0,7
265,4,Segurança e LGPD,3548708,0.0,7
266,4,Segurança e LGPD,3548906,0.0,7
267,4,Segurança e LGPD,3303401,0.0,7
268,4,Segurança e LGPD,3171204,0.0,7
269,4,Segurança e LGPD,3202405,0.0,7
270,4,Segurança e LGPD,3300209,0.0,7
271,4,Segurança e LGPD,3543907,0.0,7
272,4,Segurança e LGPD,3302205,0.0,7
273,4,Segurança e LGPD,3539806,0.0,7
274,4,Segurança e LGPD,3302007,0.0,7
275,4,Segurança e LGPD,5211909,0.0,7
276,4,Segurança e LGPD,1502103,0.0,7
277,4,Segurança e LGPD,1501808,0.0,7
278,4,Segurança e LGPD,1501402,0.0,7
279,4,Segurança e LGPD,1505536,0.0,7
280,4,Segurança e LGPD,3510609,0.0,7
281,4,Segurança e LGPD,3510500,0.0,7
282,4,Segurança e LGPD,3523404,0.0,7
283,4,Segurança e LGPD,3525003,0.0,7
284,4,Segurança e LGPD,3523107,0.0,7
285,4,Segurança e LGPD,3515707,0.0,7
286,4,Segurança e LGPD,3513504,0.0,7
287,4,Segurança e LGPD,3503307,0.0,7
288,4,Segurança e LGPD,3522109,0.0,7
289,4,Segurança e LGPD,5205109,0.0,7
290,4,Segurança e LGPD,3145208,0.0,7
291,4,Segurança e LGPD,3147907,0.0,7
292,4,Segurança e LGPD,3143906,0.0,7
293,4,Segurança e LGPD,2900702,0.0,7
294,4,Segurança e LGPD,2905701,0.0,7
295,4,Segurança e LGPD,2918001,0.0,7
296,4,Segurança e LGPD,4202008,0.0,7
297,4,Segurança e LGPD,4105805,0.0,7
298,4,Segurança e LGPD,3556503,0.0,7
299,4,Segurança e LGPD,3118304,0.0,7
300,4,Segurança e LGPD,3129806,0.0,7
301,4,Segurança e LGPD,3122306,0.0,7
302,4,Segurança e LGPD,4109401,0.0,7
303,4,Segurança e LGPD,4119509,0.0,7
304,4,Segurança e LGPD,2802908,0.0,7
305,4,Segurança e LGPD,2606804,0.0,7
306,4,Segurança e LGPD,2606002,0.0,7
307,4,Segurança e LGPD,2919207,0.0,7
308,4,Segurança e LGPD,2903201,0.0,7
309,4,Segurança e LGPD,4300604,0.0,7
310,4,Segurança e LGPD,4301602,0.0,7
311,4,Segurança e LGPD,4303103,0.0,7
312,4,Segurança e LGPD,2513703,0.0,7
313,4,Segurança e LGPD,2403251,0.0,7
314,4,Segurança e LGPD,2307700,0.0,7
315,4,Segurança e LGPD,2111201,0.0,7
316,4,Segurança e LGPD,4322400,0.0,7
317,4,Segurança e LGPD,5215231,0.0,7
318,4,Segurança e LGPD,1301902,0.0,7
319,4,Segurança e LGPD,1302504,0.0,7
1,5,Dados e Interoperabilidade,1502400,100.0,7
2,5,Dados e Interoperabilidade,5300108,100.0,7
3,5,Dados e Interoperabilidade,1503606,100.0,7
4,5,Dados e Interoperabilidade,1504208,100.0,7
5,5,Dados e Interoperabilidade,1505502,100.0,7
6,5,Dados e Interoperabilidade,1505536,100.0,7
7,5,Dados e Interoperabilidade,1302504,100.0,7
8,5,Dados e Interoperabilidade,1302603,100.0,7
9,5,Dados e Interoperabilidade,1506807,100.0,7
10,5,Dados e Interoperabilidade,5215231,100.0,7
11,5,Dados e Interoperabilidade,5217609,100.0,7
12,5,Dados e Interoperabilidade,5220454,100.0,7
13,5,Dados e Interoperabilidade,4209300,100.0,7
14,5,Dados e Interoperabilidade,4216602,100.0,7
15,5,Dados e Interoperabilidade,4218707,100.0,7
16,5,Dados e Interoperabilidade,2304202,100.0,7
17,5,Dados e Interoperabilidade,2304400,100.0,7
18,5,Dados e Interoperabilidade,2306405,100.0,7
19,5,Dados e Interoperabilidade,2307304,100.0,7
20,5,Dados e Interoperabilidade,2307700,100.0,7
21,5,Dados e Interoperabilidade,2312908,100.0,7
22,5,Dados e Interoperabilidade,4320008,100.0,7
23,5,Dados e Interoperabilidade,4322400,100.0,7
24,5,Dados e Interoperabilidade,4302105,100.0,7
25,5,Dados e Interoperabilidade,4303103,100.0,7
26,5,Dados e Interoperabilidade,4307005,100.0,7
27,5,Dados e Interoperabilidade,4309209,100.0,7
28,5,Dados e Interoperabilidade,4314902,100.0,7
29,5,Dados e Interoperabilidade,4119509,100.0,7
30,5,Dados e Interoperabilidade,4125506,100.0,7
31,5,Dados e Interoperabilidade,4128104,100.0,7
32,5,Dados e Interoperabilidade,2602902,100.0,7
33,5,Dados e Interoperabilidade,2603454,100.0,7
34,5,Dados e Interoperabilidade,2604106,100.0,7
35,5,Dados e Interoperabilidade,2606002,100.0,7
36,5,Dados e Interoperabilidade,2607901,100.0,7
37,5,Dados e Interoperabilidade,2105302,100.0,7
38,5,Dados e Interoperabilidade,2111201,100.0,7
39,5,Dados e Interoperabilidade,2111300,100.0,7
40,5,Dados e Interoperabilidade,2207702,100.0,7
41,5,Dados e Interoperabilidade,4202008,100.0,7
42,5,Dados e Interoperabilidade,4204202,100.0,7
43,5,Dados e Interoperabilidade,4204608,100.0,7
44,5,Dados e Interoperabilidade,4208203,100.0,7
45,5,Dados e Interoperabilidade,4101408,100.0,7
46,5,Dados e Interoperabilidade,4104204,100.0,7
47,5,Dados e Interoperabilidade,2803500,100.0,7
48,5,Dados e Interoperabilidade,2913606,100.0,7
49,5,Dados e Interoperabilidade,2408102,100.0,7
50,5,Dados e Interoperabilidade,2504009,100.0,7
51,5,Dados e Interoperabilidade,2507507,100.0,7
52,5,Dados e Interoperabilidade,2510808,100.0,7
53,5,Dados e Interoperabilidade,4104808,100.0,7
54,5,Dados e Interoperabilidade,4106902,100.0,7
55,5,Dados e Interoperabilidade,4108304,100.0,7
56,5,Dados e Interoperabilidade,4113700,100.0,7
57,5,Dados e Interoperabilidade,4115200,100.0,7
58,5,Dados e Interoperabilidade,4118204,100.0,7
59,5,Dados e Interoperabilidade,3549805,100.0,7
60,5,Dados e Interoperabilidade,3550308,100.0,7
61,5,Dados e Interoperabilidade,2927408,100.0,7
62,5,Dados e Interoperabilidade,2931350,100.0,7
63,5,Dados e Interoperabilidade,2933307,100.0,7
64,5,Dados e Interoperabilidade,3103504,100.0,7
65,5,Dados e Interoperabilidade,3105608,100.0,7
66,5,Dados e Interoperabilidade,3106200,100.0,7
67,5,Dados e Interoperabilidade,2611606,100.0,7
68,5,Dados e Interoperabilidade,2613701,100.0,7
69,5,Dados e Interoperabilidade,2800308,100.0,7
70,5,Dados e Interoperabilidade,3552403,100.0,7
71,5,Dados e Interoperabilidade,3556206,100.0,7
72,5,Dados e Interoperabilidade,3556503,100.0,7
73,5,Dados e Interoperabilidade,3534708,100.0,7
74,5,Dados e Interoperabilidade,3538006,100.0,7
75,5,Dados e Interoperabilidade,3541000,100.0,7
76,5,Dados e Interoperabilidade,3136702,100.0,7
77,5,Dados e Interoperabilidade,3143302,100.0,7
78,5,Dados e Interoperabilidade,3145208,100.0,7
79,5,Dados e Interoperabilidade,3541406,100.0,7
80,5,Dados e Interoperabilidade,3543303,100.0,7
81,5,Dados e Interoperabilidade,3543402,100.0,7
82,5,Dados e Interoperabilidade,3548500,100.0,7
83,5,Dados e Interoperabilidade,3548708,100.0,7
84,5,Dados e Interoperabilidade,3522208,100.0,7
85,5,Dados e Interoperabilidade,3524402,100.0,7
86,5,Dados e Interoperabilidade,3525300,100.0,7
87,5,Dados e Interoperabilidade,3525904,100.0,7
88,5,Dados e Interoperabilidade,3526902,100.0,7
89,5,Dados e Interoperabilidade,3530607,100.0,7
90,5,Dados e Interoperabilidade,3513801,100.0,7
91,5,Dados e Interoperabilidade,3167202,100.0,7
92,5,Dados e Interoperabilidade,3169901,100.0,7
93,5,Dados e Interoperabilidade,3170107,100.0,7
94,5,Dados e Interoperabilidade,3170206,100.0,7
95,5,Dados e Interoperabilidade,3201209,100.0,7
96,5,Dados e Interoperabilidade,3201308,100.0,7
97,5,Dados e Interoperabilidade,3118601,100.0,7
98,5,Dados e Interoperabilidade,3127701,100.0,7
99,5,Dados e Interoperabilidade,3129806,100.0,7
100,5,Dados e Interoperabilidade,3516200,100.0,7
101,5,Dados e Interoperabilidade,3522109,100.0,7
102,5,Dados e Interoperabilidade,3305802,100.0,7
103,5,Dados e Interoperabilidade,3306305,100.0,7
104,5,Dados e Interoperabilidade,3502804,100.0,7
105,5,Dados e Interoperabilidade,3503307,100.0,7
106,5,Dados e Interoperabilidade,3505500,100.0,7
107,5,Dados e Interoperabilidade,3506508,100.0,7
108,5,Dados e Interoperabilidade,3509502,100.0,7
109,5,Dados e Interoperabilidade,3302403,100.0,7
110,5,Dados e Interoperabilidade,3302858,100.0,7
111,5,Dados e Interoperabilidade,3300209,100.0,7
112,5,Dados e Interoperabilidade,3300407,100.0,7
113,5,Dados e Interoperabilidade,3301702,100.0,7
114,5,Dados e Interoperabilidade,3301900,100.0,7
115,5,Dados e Interoperabilidade,3302007,100.0,7
116,5,Dados e Interoperabilidade,3148004,100.0,7
117,5,Dados e Interoperabilidade,3151800,100.0,7
118,5,Dados e Interoperabilidade,3303500,100.0,7
119,5,Dados e Interoperabilidade,3303906,100.0,7
120,5,Dados e Interoperabilidade,3304144,100.0,7
121,5,Dados e Interoperabilidade,3304201,100.0,7
122,5,Dados e Interoperabilidade,3304557,100.0,7
123,5,Dados e Interoperabilidade,3203205,100.0,7
124,5,Dados e Interoperabilidade,3205002,100.0,7
125,5,Dados e Interoperabilidade,3205200,100.0,7
126,5,Dados e Interoperabilidade,3205309,100.0,7
127,5,Dados e Interoperabilidade,1600303,100.0,7
128,5,Dados e Interoperabilidade,1600600,100.0,7
129,5,Dados e Interoperabilidade,1702109,100.0,7
130,5,Dados e Interoperabilidade,2100055,100.0,7
131,5,Dados e Interoperabilidade,5208004,100.0,7
132,5,Dados e Interoperabilidade,5208707,100.0,7
133,5,Dados e Interoperabilidade,5002704,100.0,7
134,5,Dados e Interoperabilidade,5003702,100.0,7
135,5,Dados e Interoperabilidade,5103403,100.0,7
136,5,Dados e Interoperabilidade,5107925,100.0,7
137,5,Dados e Interoperabilidade,5108402,100.0,7
138,5,Dados e Interoperabilidade,1500800,100.0,7
139,5,Dados e Interoperabilidade,1500602,0.0,7
140,5,Dados e Interoperabilidade,1501303,0.0,7
141,5,Dados e Interoperabilidade,1501402,0.0,7
142,5,Dados e Interoperabilidade,1501709,0.0,7
143,5,Dados e Interoperabilidade,1501808,0.0,7
144,5,Dados e Interoperabilidade,5107958,0.0,7
145,5,Dados e Interoperabilidade,5107909,0.0,7
146,5,Dados e Interoperabilidade,5107602,0.0,7
147,5,Dados e Interoperabilidade,5008305,0.0,7
148,5,Dados e Interoperabilidade,4323002,0.0,7
149,5,Dados e Interoperabilidade,5205109,0.0,7
150,5,Dados e Interoperabilidade,5201405,0.0,7
151,5,Dados e Interoperabilidade,5201108,0.0,7
152,5,Dados e Interoperabilidade,5200258,0.0,7
153,5,Dados e Interoperabilidade,2103307,0.0,7
154,5,Dados e Interoperabilidade,2103000,0.0,7
155,5,Dados e Interoperabilidade,2101400,0.0,7
156,5,Dados e Interoperabilidade,2101202,0.0,7
157,5,Dados e Interoperabilidade,1721000,0.0,7
158,5,Dados e Interoperabilidade,1500107,0.0,7
159,5,Dados e Interoperabilidade,3204906,0.0,7
160,5,Dados e Interoperabilidade,3202405,0.0,7
161,5,Dados e Interoperabilidade,3305208,0.0,7
162,5,Dados e Interoperabilidade,3305109,0.0,7
163,5,Dados e Interoperabilidade,3304904,0.0,7
164,5,Dados e Interoperabilidade,3304524,0.0,7
165,5,Dados e Interoperabilidade,3303401,0.0,7
166,5,Dados e Interoperabilidade,3157807,0.0,7
167,5,Dados e Interoperabilidade,3156700,0.0,7
168,5,Dados e Interoperabilidade,3154606,0.0,7
169,5,Dados e Interoperabilidade,3152501,0.0,7
170,5,Dados e Interoperabilidade,3302205,0.0,7
171,5,Dados e Interoperabilidade,3301009,0.0,7
172,5,Dados e Interoperabilidade,3300704,0.0,7
173,5,Dados e Interoperabilidade,3300456,0.0,7
174,5,Dados e Interoperabilidade,3300100,0.0,7
175,5,Dados e Interoperabilidade,3303302,0.0,7
176,5,Dados e Interoperabilidade,3303203,0.0,7
177,5,Dados e Interoperabilidade,3302700,0.0,7
178,5,Dados e Interoperabilidade,3302502,0.0,7
179,5,Dados e Interoperabilidade,3510500,0.0,7
180,5,Dados e Interoperabilidade,3507605,0.0,7
181,5,Dados e Interoperabilidade,3507506,0.0,7
182,5,Dados e Interoperabilidade,3506003,0.0,7
183,5,Dados e Interoperabilidade,3505708,0.0,7
184,5,Dados e Interoperabilidade,3504107,0.0,7
185,5,Dados e Interoperabilidade,3504008,0.0,7
186,5,Dados e Interoperabilidade,3503208,0.0,7
187,5,Dados e Interoperabilidade,3501608,0.0,7
188,5,Dados e Interoperabilidade,3520509,0.0,7
189,5,Dados e Interoperabilidade,3519071,0.0,7
190,5,Dados e Interoperabilidade,3518800,0.0,7
191,5,Dados e Interoperabilidade,3518701,0.0,7
192,5,Dados e Interoperabilidade,3518404,0.0,7
193,5,Dados e Interoperabilidade,3516408,0.0,7
194,5,Dados e Interoperabilidade,3516309,0.0,7
195,5,Dados e Interoperabilidade,3515707,0.0,7
196,5,Dados e Interoperabilidade,3122306,0.0,7
197,5,Dados e Interoperabilidade,3119401,0.0,7
198,5,Dados e Interoperabilidade,3118304,0.0,7
199,5,Dados e Interoperabilidade,3201506,0.0,7
200,5,Dados e Interoperabilidade,3171204,0.0,7
201,5,Dados e Interoperabilidade,3170701,0.0,7
202,5,Dados e Interoperabilidade,3168606,0.0,7
203,5,Dados e Interoperabilidade,3515004,0.0,7
204,5,Dados e Interoperabilidade,3513504,0.0,7
205,5,Dados e Interoperabilidade,3513009,0.0,7
206,5,Dados e Interoperabilidade,3511102,0.0,7
207,5,Dados e Interoperabilidade,3510609,0.0,7
208,5,Dados e Interoperabilidade,3534401,0.0,7
209,5,Dados e Interoperabilidade,3530706,0.0,7
210,5,Dados e Interoperabilidade,3529401,0.0,7
211,5,Dados e Interoperabilidade,3529005,0.0,7
212,5,Dados e Interoperabilidade,3525003,0.0,7
213,5,Dados e Interoperabilidade,3523909,0.0,7
214,5,Dados e Interoperabilidade,3523404,0.0,7
215,5,Dados e Interoperabilidade,3523107,0.0,7
216,5,Dados e Interoperabilidade,3522505,0.0,7
217,5,Dados e Interoperabilidade,3522307,0.0,7
218,5,Dados e Interoperabilidade,3547809,0.0,7
219,5,Dados e Interoperabilidade,3547304,0.0,7
220,5,Dados e Interoperabilidade,3545803,0.0,7
221,5,Dados e Interoperabilidade,3545209,0.0,7
222,5,Dados e Interoperabilidade,3543907,0.0,7
223,5,Dados e Interoperabilidade,2925303,0.0,7
224,5,Dados e Interoperabilidade,2924009,0.0,7
225,5,Dados e Interoperabilidade,2919553,0.0,7
226,5,Dados e Interoperabilidade,2919207,0.0,7
227,5,Dados e Interoperabilidade,2918407,0.0,7
228,5,Dados e Interoperabilidade,2918001,0.0,7
229,5,Dados e Interoperabilidade,3147907,0.0,7
230,5,Dados e Interoperabilidade,3144805,0.0,7
231,5,Dados e Interoperabilidade,3143906,0.0,7
232,5,Dados e Interoperabilidade,3138203,0.0,7
233,5,Dados e Interoperabilidade,3134202,0.0,7
234,5,Dados e Interoperabilidade,3131703,0.0,7
235,5,Dados e Interoperabilidade,3131307,0.0,7
236,5,Dados e Interoperabilidade,3539806,0.0,7
237,5,Dados e Interoperabilidade,3538709,0.0,7
238,5,Dados e Interoperabilidade,3536505,0.0,7
239,5,Dados e Interoperabilidade,3557006,0.0,7
240,5,Dados e Interoperabilidade,3554102,0.0,7
241,5,Dados e Interoperabilidade,3554003,0.0,7
242,5,Dados e Interoperabilidade,3552809,0.0,7
243,5,Dados e Interoperabilidade,3552502,0.0,7
244,5,Dados e Interoperabilidade,3552205,0.0,7
245,5,Dados e Interoperabilidade,3551702,0.0,7
246,5,Dados e Interoperabilidade,2704302,0.0,7
247,5,Dados e Interoperabilidade,2700300,0.0,7
248,5,Dados e Interoperabilidade,2616407,0.0,7
249,5,Dados e Interoperabilidade,3106705,0.0,7
250,5,Dados e Interoperabilidade,3104007,0.0,7
251,5,Dados e Interoperabilidade,2930709,0.0,7
252,5,Dados e Interoperabilidade,2928703,0.0,7
253,5,Dados e Interoperabilidade,3551009,0.0,7
254,5,Dados e Interoperabilidade,3549904,0.0,7
255,5,Dados e Interoperabilidade,3548906,0.0,7
256,5,Dados e Interoperabilidade,3548807,0.0,7
257,5,Dados e Interoperabilidade,4119152,0.0,7
258,5,Dados e Interoperabilidade,4109401,0.0,7
259,5,Dados e Interoperabilidade,4107652,0.0,7
260,5,Dados e Interoperabilidade,4105805,0.0,7
261,5,Dados e Interoperabilidade,2412005,0.0,7
262,5,Dados e Interoperabilidade,2408003,0.0,7
263,5,Dados e Interoperabilidade,2914802,0.0,7
264,5,Dados e Interoperabilidade,2910800,0.0,7
265,5,Dados e Interoperabilidade,2910727,0.0,7
266,5,Dados e Interoperabilidade,2905701,0.0,7
267,5,Dados e Interoperabilidade,2903201,0.0,7
268,5,Dados e Interoperabilidade,2900702,0.0,7
269,5,Dados e Interoperabilidade,2804805,0.0,7
270,5,Dados e Interoperabilidade,2802908,0.0,7
271,5,Dados e Interoperabilidade,4103701,0.0,7
272,5,Dados e Interoperabilidade,4101804,0.0,7
273,5,Dados e Interoperabilidade,4101507,0.0,7
274,5,Dados e Interoperabilidade,4100400,0.0,7
275,5,Dados e Interoperabilidade,4209102,0.0,7
276,5,Dados e Interoperabilidade,4208906,0.0,7
277,5,Dados e Interoperabilidade,4205407,0.0,7
278,5,Dados e Interoperabilidade,4203204,0.0,7
279,5,Dados e Interoperabilidade,4202909,0.0,7
280,5,Dados e Interoperabilidade,4202404,0.0,7
281,5,Dados e Interoperabilidade,2112209,0.0,7
282,5,Dados e Interoperabilidade,2107506,0.0,7
283,5,Dados e Interoperabilidade,2611101,0.0,7
284,5,Dados e Interoperabilidade,2610707,0.0,7
285,5,Dados e Interoperabilidade,2609600,0.0,7
286,5,Dados e Interoperabilidade,2606804,0.0,7
287,5,Dados e Interoperabilidade,2513703,0.0,7
288,5,Dados e Interoperabilidade,4127700,0.0,7
289,5,Dados e Interoperabilidade,4126256,0.0,7
290,5,Dados e Interoperabilidade,4119905,0.0,7
291,5,Dados e Interoperabilidade,4314407,0.0,7
292,5,Dados e Interoperabilidade,4314100,0.0,7
293,5,Dados e Interoperabilidade,4313409,0.0,7
294,5,Dados e Interoperabilidade,4305108,0.0,7
295,5,Dados e Interoperabilidade,4304606,0.0,7
296,5,Dados e Interoperabilidade,4318705,0.0,7
297,5,Dados e Interoperabilidade,4316907,0.0,7
298,5,Dados e Interoperabilidade,4316808,0.0,7
299,5,Dados e Interoperabilidade,4315602,0.0,7
300,5,Dados e Interoperabilidade,2403251,0.0,7
301,5,Dados e Interoperabilidade,2307650,0.0,7
302,5,Dados e Interoperabilidade,2303709,0.0,7
303,5,Dados e Interoperabilidade,2211001,0.0,7
304,5,Dados e Interoperabilidade,4301602,0.0,7
305,5,Dados e Interoperabilidade,4300604,0.0,7
306,5,Dados e Interoperabilidade,4211900,0.0,7
307,5,Dados e Interoperabilidade,1502103,0.0,7
308,5,Dados e Interoperabilidade,5221858,0.0,7
309,5,Dados e Interoperabilidade,5221403,0.0,7
310,5,Dados e Interoperabilidade,5218805,0.0,7
311,5,Dados e Interoperabilidade,5212501,0.0,7
312,5,Dados e Interoperabilidade,5211909,0.0,7
313,5,Dados e Interoperabilidade,5211503,0.0,7
314,5,Dados e Interoperabilidade,1400100,0.0,7
315,5,Dados e Interoperabilidade,1301902,0.0,7
316,5,Dados e Interoperabilidade,1504422,0.0,7
317,5,Dados e Interoperabilidade,1200401,0.0,7
318,5,Dados e Interoperabilidade,1100205,0.0,7
319,5,Dados e Interoperabilidade,1100122,0.0,7
1,6,Infraestrutura,4127700,98.59,7
2,6,Infraestrutura,3205200,98.29,7
3,6,Infraestrutura,3127701,98.19,7
4,6,Infraestrutura,3547809,98.15,7
5,6,Infraestrutura,3513801,98.01,7
6,6,Infraestrutura,3548708,97.94,7
7,6,Infraestrutura,3145208,97.85,7
8,6,Infraestrutura,3509502,97.8,7
9,6,Infraestrutura,3543402,97.77,7
10,6,Infraestrutura,3548807,97.71,7
11,6,Infraestrutura,3104007,97.65,7
12,6,Infraestrutura,4208906,97.63,7
13,6,Infraestrutura,3524402,97.5,7
14,6,Infraestrutura,3534401,97.48,7
15,6,Infraestrutura,3106200,97.47,7
16,6,Infraestrutura,4209102,97.33,7
17,6,Infraestrutura,4202404,97.33,7
18,6,Infraestrutura,3170206,97.29,7
19,6,Infraestrutura,2611606,97.2,7
20,6,Infraestrutura,1302603,97.12,7
21,6,Infraestrutura,3151800,96.97,7
22,6,Infraestrutura,3301702,96.95,7
23,6,Infraestrutura,2211001,96.51,7
24,6,Infraestrutura,2927408,96.42,7
25,6,Infraestrutura,2611101,96.32,7
26,6,Infraestrutura,3550308,96.15,7
27,6,Infraestrutura,3536505,95.5,7
28,6,Infraestrutura,2933307,95.02,7
29,6,Infraestrutura,3505708,88.47,7
30,6,Infraestrutura,3548500,88.16,7
31,6,Infraestrutura,3552809,88.14,7
32,6,Infraestrutura,3534708,88.12,7
33,6,Infraestrutura,3530607,88.05,7
34,6,Infraestrutura,3507605,88.0,7
35,6,Infraestrutura,3504008,87.98,7
36,6,Infraestrutura,3552502,87.92,7
37,6,Infraestrutura,3549904,87.9,7
38,6,Infraestrutura,4106902,87.84,7
39,6,Infraestrutura,3511102,87.83,7
40,6,Infraestrutura,3518800,87.81,7
41,6,Infraestrutura,3201209,87.78,7
42,6,Infraestrutura,3523404,87.72,7
43,6,Infraestrutura,5221403,87.68,7
44,6,Infraestrutura,3118601,87.61,7
45,6,Infraestrutura,3538006,87.56,7
46,6,Infraestrutura,4119905,87.52,7
47,6,Infraestrutura,3525904,87.43,7
48,6,Infraestrutura,4216602,87.43,7
49,6,Infraestrutura,2800308,87.4,7
50,6,Infraestrutura,3522208,87.34,7
51,6,Infraestrutura,3552205,87.3,7
52,6,Infraestrutura,2604106,87.24,7
53,6,Infraestrutura,3167202,87.15,7
54,6,Infraestrutura,3302858,87.06,7
55,6,Infraestrutura,5002704,87.03,7
56,6,Infraestrutura,3523107,87.01,7
57,6,Infraestrutura,4305108,87.01,7
58,6,Infraestrutura,4208203,86.96,7
59,6,Infraestrutura,3513009,86.96,7
60,6,Infraestrutura,3304557,86.94,7
61,6,Infraestrutura,5300108,86.93,7
62,6,Infraestrutura,3303302,86.91,7
63,6,Infraestrutura,3516408,86.77,7
64,6,Infraestrutura,4323002,86.58,7
65,6,Infraestrutura,4314902,86.54,7
66,6,Infraestrutura,2704302,86.44,7
67,6,Infraestrutura,5107602,86.42,7
68,6,Infraestrutura,2900702,86.32,7
69,6,Infraestrutura,3302403,86.3,7
70,6,Infraestrutura,2312908,86.29,7
71,6,Infraestrutura,4209300,86.17,7
72,6,Infraestrutura,2607901,86.11,7
73,6,Infraestrutura,1100205,85.8,7
74,6,Infraestrutura,2112209,85.32,7
75,6,Infraestrutura,1200401,85.16,7
76,6,Infraestrutura,4101408,78.9,7
77,6,Infraestrutura,4109401,78.63,7
78,6,Infraestrutura,3523909,78.63,7
79,6,Infraestrutura,3545209,78.59,7
80,6,Infraestrutura,3549805,78.34,7
81,6,Infraestrutura,3541000,78.33,7
82,6,Infraestrutura,3205309,78.23,7
83,6,Infraestrutura,3510500,78.11,7
84,6,Infraestrutura,3503208,78.1,7
85,6,Infraestrutura,4104204,77.99,7
86,6,Infraestrutura,3522505,77.92,7
87,6,Infraestrutura,3520509,77.89,7
88,6,Infraestrutura,3545803,77.87,7
89,6,Infraestrutura,4119152,77.85,7
90,6,Infraestrutura,3170107,77.81,7
91,6,Infraestrutura,3205002,77.8,7
92,6,Infraestrutura,3516200,77.8,7
93,6,Infraestrutura,3304201,77.78,7
94,6,Infraestrutura,4316907,77.69,7
95,6,Infraestrutura,3302007,77.67,7
96,6,Infraestrutura,3556206,77.66,7
97,6,Infraestrutura,3170701,77.6,7
98,6,Infraestrutura,4307005,77.56,7
99,6,Infraestrutura,4204608,77.55,7
100,6,Infraestrutura,3554102,77.54,7
101,6,Infraestrutura,3152501,77.54,7
102,6,Infraestrutura,4202909,77.49,7
103,6,Infraestrutura,5003702,77.43,7
104,6,Infraestrutura,3548906,77.43,7
105,6,Infraestrutura,4202008,77.34,7
106,6,Infraestrutura,5107925,77.33,7
107,6,Infraestrutura,3144805,77.32,7
108,6,Infraestrutura,4304606,77.27,7
109,6,Infraestrutura,2408102,77.22,7
110,6,Infraestrutura,5208707,77.2,7
111,6,Infraestrutura,3201308,77.15,7
112,6,Infraestrutura,4115200,77.14,7
113,6,Infraestrutura,2304400,77.11,7
114,6,Infraestrutura,2307304,77.11,7
115,6,Infraestrutura,3136702,77.1,7
116,6,Infraestrutura,5220454,77.09,7
117,6,Infraestrutura,4107652,77.07,7
118,6,Infraestrutura,2403251,76.97,7
119,6,Infraestrutura,2802908,76.79,7
120,6,Infraestrutura,5201108,76.73,7
121,6,Infraestrutura,4302105,76.72,7
122,6,Infraestrutura,4303103,76.7,7
123,6,Infraestrutura,3138203,76.64,7
124,6,Infraestrutura,5103403,76.57,7
125,6,Infraestrutura,1505536,76.57,7
126,6,Infraestrutura,3303500,76.53,7
127,6,Infraestrutura,3157807,76.41,7
128,6,Infraestrutura,4309209,76.4,7
129,6,Infraestrutura,3302700,76.4,7
130,6,Infraestrutura,3300100,76.4,7
131,6,Infraestrutura,2510808,76.36,7
132,6,Infraestrutura,5205109,76.32,7
133,6,Infraestrutura,1501402,75.98,7
134,6,Infraestrutura,3303401,75.92,7
135,6,Infraestrutura,2504009,75.92,7
136,6,Infraestrutura,2105302,75.73,7
137,6,Infraestrutura,2918407,75.58,7
138,6,Infraestrutura,3203205,74.99,7
139,6,Infraestrutura,1600303,74.72,7
140,6,Infraestrutura,3502804,68.23,7
141,6,Infraestrutura,3306305,68.2,7
142,6,Infraestrutura,3556503,68.15,7
143,6,Infraestrutura,3526902,68.13,7
144,6,Infraestrutura,3503307,68.05,7
145,6,Infraestrutura,3547304,68.02,7
146,6,Infraestrutura,3529005,68.0,7
147,6,Infraestrutura,3154606,67.97,7
148,6,Infraestrutura,3541406,67.96,7
149,6,Infraestrutura,4108304,67.96,7
150,6,Infraestrutura,3529401,67.92,7
151,6,Infraestrutura,4104808,67.82,7
152,6,Infraestrutura,3543303,67.79,7
153,6,Infraestrutura,5107909,67.79,7
154,6,Infraestrutura,3201506,67.77,7
155,6,Infraestrutura,3557006,67.75,7
156,6,Infraestrutura,5211503,67.75,7
157,6,Infraestrutura,5008305,67.7,7
158,6,Infraestrutura,3525300,67.69,7
159,6,Infraestrutura,3518404,67.65,7
160,6,Infraestrutura,3304524,67.64,7
161,6,Infraestrutura,3538709,67.61,7
162,6,Infraestrutura,3134202,67.6,7
163,6,Infraestrutura,3300407,67.57,7
164,6,Infraestrutura,4204202,67.55,7
165,6,Infraestrutura,3122306,67.5,7
166,6,Infraestrutura,4320008,67.49,7
167,6,Infraestrutura,4314100,67.45,7
168,6,Infraestrutura,4105805,67.45,7
169,6,Infraestrutura,3507506,67.43,7
170,6,Infraestrutura,3530706,67.42,7
171,6,Infraestrutura,4113700,67.4,7
172,6,Infraestrutura,3501608,67.39,7
173,6,Infraestrutura,3106705,67.35,7
174,6,Infraestrutura,5211909,67.34,7
175,6,Infraestrutura,3522307,67.31,7
176,6,Infraestrutura,3518701,67.29,7
177,6,Infraestrutura,3505500,67.28,7
178,6,Infraestrutura,3204906,67.27,7
179,6,Infraestrutura,3131703,67.23,7
180,6,Infraestrutura,5201405,67.13,7
181,6,Infraestrutura,3510609,67.1,7
182,6,Infraestrutura,4101507,67.08,7
183,6,Infraestrutura,5218805,67.05,7
184,6,Infraestrutura,2610707,67.02,7
185,6,Infraestrutura,2905701,67.0,7
186,6,Infraestrutura,4125506,67.0,7
187,6,Infraestrutura,3551009,66.95,7
188,6,Infraestrutura,3305802,66.94,7
189,6,Infraestrutura,4211900,66.92,7
190,6,Infraestrutura,3516309,66.9,7
191,6,Infraestrutura,4322400,66.86,7
192,6,Infraestrutura,3303203,66.82,7
193,6,Infraestrutura,2408003,66.8,7
194,6,Infraestrutura,3147907,66.8,7
195,6,Infraestrutura,2507507,66.72,7
196,6,Infraestrutura,2616407,66.72,7
197,6,Infraestrutura,3303906,66.71,7
198,6,Infraestrutura,4300604,66.59,7
199,6,Infraestrutura,3554003,66.57,7
200,6,Infraestrutura,2606002,66.57,7
201,6,Infraestrutura,2303709,66.55,7
202,6,Infraestrutura,3129806,66.51,7
203,6,Infraestrutura,4103701,66.41,7
204,6,Infraestrutura,3305109,66.36,7
205,6,Infraestrutura,2111300,66.34,7
206,6,Infraestrutura,3304904,66.32,7
207,6,Infraestrutura,3302502,66.3,7
208,6,Infraestrutura,2609600,66.24,7
209,6,Infraestrutura,4203204,66.09,7
210,6,Infraestrutura,2914802,66.0,7
211,6,Infraestrutura,1500800,65.08,7
212,6,Infraestrutura,2903201,64.95,7
213,6,Infraestrutura,2924009,64.59,7
214,6,Infraestrutura,3168606,64.56,7
215,6,Infraestrutura,2107506,64.16,7
216,6,Infraestrutura,2513703,64.14,7
217,6,Infraestrutura,1505502,64.06,7
218,6,Infraestrutura,1506807,62.51,7
219,6,Infraestrutura,4119509,58.6,7
220,6,Infraestrutura,3119401,58.22,7
221,6,Infraestrutura,3551702,57.89,7
222,6,Infraestrutura,5217609,57.75,7
223,6,Infraestrutura,4313409,57.75,7
224,6,Infraestrutura,3156700,57.73,7
225,6,Infraestrutura,1702109,57.62,7
226,6,Infraestrutura,3515004,57.55,7
227,6,Infraestrutura,3522109,57.54,7
228,6,Infraestrutura,3506003,57.5,7
229,6,Infraestrutura,3504107,57.45,7
230,6,Infraestrutura,4218707,57.43,7
231,6,Infraestrutura,3143302,57.33,7
232,6,Infraestrutura,3515707,57.3,7
233,6,Infraestrutura,4205407,57.18,7
234,6,Infraestrutura,2307650,57.18,7
235,6,Infraestrutura,3103504,57.14,7
236,6,Infraestrutura,4126256,57.11,7
237,6,Infraestrutura,2700300,57.03,7
238,6,Infraestrutura,5108402,57.0,7
239,6,Infraestrutura,3143906,57.0,7
240,6,Infraestrutura,3304144,56.99,7
241,6,Infraestrutura,2304202,56.98,7
242,6,Infraestrutura,4101804,56.81,7
243,6,Infraestrutura,4100400,56.8,7
244,6,Infraestrutura,4118204,56.8,7
245,6,Infraestrutura,3169901,56.68,7
246,6,Infraestrutura,5107958,56.68,7
247,6,Infraestrutura,2603454,56.67,7
248,6,Infraestrutura,3148004,56.67,7
249,6,Infraestrutura,4318705,56.66,7
250,6,Infraestrutura,4315602,56.66,7
251,6,Infraestrutura,3300704,56.62,7
252,6,Infraestrutura,3301900,56.49,7
253,6,Infraestrutura,5212501,56.46,7
254,6,Infraestrutura,2919553,56.25,7
255,6,Infraestrutura,2804805,56.25,7
256,6,Infraestrutura,5208004,56.18,7
257,6,Infraestrutura,2931350,56.04,7
258,6,Infraestrutura,2930709,56.0,7
259,6,Infraestrutura,2306405,55.79,7
260,6,Infraestrutura,1502400,55.76,7
261,6,Infraestrutura,2412005,55.7,7
262,6,Infraestrutura,3300456,55.62,7
263,6,Infraestrutura,2928703,55.41,7
264,6,Infraestrutura,2803500,55.39,7
265,6,Infraestrutura,1600600,55.32,7
266,6,Infraestrutura,2913606,55.32,7
267,6,Infraestrutura,2100055,55.25,7
268,6,Infraestrutura,2925303,55.24,7
269,6,Infraestrutura,2101400,55.09,7
270,6,Infraestrutura,1501303,55.03,7
271,6,Infraestrutura,1504422,54.96,7
272,6,Infraestrutura,2111201,54.88,7
273,6,Infraestrutura,2918001,54.74,7
274,6,Infraestrutura,2103307,52.46,7
275,6,Infraestrutura,2103000,52.3,7
276,6,Infraestrutura,1302504,50.78,7
277,6,Infraestrutura,1301902,50.66,7
278,6,Infraestrutura,3202405,48.48,7
279,6,Infraestrutura,3506508,48.21,7
280,6,Infraestrutura,4128104,47.56,7
281,6,Infraestrutura,3552403,47.48,7
282,6,Infraestrutura,3513504,47.48,7
283,6,Infraestrutura,2910800,47.45,7
284,6,Infraestrutura,3131307,47.44,7
285,6,Infraestrutura,3543907,47.44,7
286,6,Infraestrutura,5200258,47.39,7
287,6,Infraestrutura,3105608,47.38,7
288,6,Infraestrutura,3539806,47.37,7
289,6,Infraestrutura,1100122,47.35,7
290,6,Infraestrutura,4316808,47.28,7
291,6,Infraestrutura,3519071,47.26,7
292,6,Infraestrutura,3525003,47.13,7
293,6,Infraestrutura,3171204,47.1,7
294,6,Infraestrutura,1721000,46.85,7
295,6,Infraestrutura,5221858,46.76,7
296,6,Infraestrutura,2910727,46.7,7
297,6,Infraestrutura,2606804,46.67,7
298,6,Infraestrutura,5215231,46.66,7
299,6,Infraestrutura,1400100,46.16,7
300,6,Infraestrutura,3305208,45.63,7
301,6,Infraestrutura,2602902,45.45,7
302,6,Infraestrutura,2919207,45.19,7
303,6,Infraestrutura,2613701,45.1,7
304,6,Infraestrutura,2101202,44.83,7
305,6,Infraestrutura,3300209,44.35,7
306,6,Infraestrutura,1501808,38.15,7
307,6,Infraestrutura,2307700,37.21,7
308,6,Infraestrutura,4314407,37.15,7
309,6,Infraestrutura,2207702,35.28,7
310,6,Infraestrutura,1503606,32.6,7
311,6,Infraestrutura,1500107,31.87,7
312,6,Infraestrutura,1500602,31.86,7
313,6,Infraestrutura,1502103,30.49,7
314,6,Infraestrutura,3118304,26.85,7
315,6,Infraestrutura,3302205,26.62,7
316,6,Infraestrutura,1504208,25.62,7
317,6,Infraestrutura,1501709,23.47,7
318,6,Infraestrutura,4301602,16.96,7
319,6,Infraestrutura,3301009,16.62,7
1,7,Inovação e Tecnologias Emergentes,1100122,,7
2,7,Inovação e Tecnologias Emergentes,1100205,,7
3,7,Inovação e Tecnologias Emergentes,1200401,,7
4,7,Inovação e Tecnologias Emergentes,1301902,,7
5,7,Inovação e Tecnologias Emergentes,1302504,,7
6,7,Inovação e Tecnologias Emergentes,1302603,,7
7,7,Inovação e Tecnologias Emergentes,1400100,,7
8,7,Inovação e Tecnologias Emergentes,1500107,,7
9,7,Inovação e Tecnologias Emergentes,1500602,,7
10,7,Inovação e Tecnologias Emergentes,1500800,,7
11,7,Inovação e Tecnologias Emergentes,1501303,,7
12,7,Inovação e Tecnologias Emergentes,1501402,,7
13,7,Inovação e Tecnologias Emergentes,1501709,,7
14,7,Inovação e Tecnologias Emergentes,1501808,,7
15,7,Inovação e Tecnologias Emergentes,1502103,,7
16,7,Inovação e Tecnologias Emergentes,1502400,,7
17,7,Inovação e Tecnologias Emergentes,1503606,,7
18,7,Inovação e Tecnologias Emergentes,1504208,,7
19,7,Inovação e Tecnologias Emergentes,1504422,,7
20,7,Inovação e Tecnologias Emergentes,1505502,,7
21,7,Inovação e Tecnologias Emergentes,1505536,,7
22,7,Inovação e Tecnologias Emergentes,1506807,,7
23,7,Inovação e Tecnologias Emergentes,1600303,,7
24,7,Inovação e Tecnologias Emergentes,1600600,,7
25,7,Inovação e Tecnologias Emergentes,1702109,,7
26,7,Inovação e Tecnologias Emergentes,1721000,,7
27,7,Inovação e Tecnologias Emergentes,2100055,,7
28,7,Inovação e Tecnologias Emergentes,2101202,,7
29,7,Inovação e Tecnologias Emergentes,2101400,,7
30,7,Inovação e Tecnologias Emergentes,2103000,,7
31,7,Inovação e Tecnologias Emergentes,2103307,,7
32,7,Inovação e Tecnologias Emergentes,2105302,,7
33,7,Inovação e Tecnologias Emergentes,2107506,,7
34,7,Inovação e Tecnologias Emergentes,2111201,,7
35,7,Inovação e Tecnologias Emergentes,2111300,,7
36,7,Inovação e Tecnologias Emergentes,2112209,,7
37,7,Inovação e Tecnologias Emergentes,2207702,,7
38,7,Inovação e Tecnologias Emergentes,2211001,,7
39,7,Inovação e Tecnologias Emergentes,2303709,,7
40,7,Inovação e Tecnologias Emergentes,2304202,,7
41,7,Inovação e Tecnologias Emergentes,2304400,,7
42,7,Inovação e Tecnologias Emergentes,2306405,,7
43,7,Inovação e Tecnologias Emergentes,2307304,,7
44,7,Inovação e Tecnologias Emergentes,2307650,,7
45,7,Inovação e Tecnologias Emergentes,2307700,,7
46,7,Inovação e Tecnologias Emergentes,2312908,,7
47,7,Inovação e Tecnologias Emergentes,2403251,,7
48,7,Inovação e Tecnologias Emergentes,2408003,,7
49,7,Inovação e Tecnologias Emergentes,2408102,,7
50,7,Inovação e Tecnologias Emergentes,2412005,,7
51,7,Inovação e Tecnologias Emergentes,2504009,,7
52,7,Inovação e Tecnologias Emergentes,2507507,,7
53,7,Inovação e Tecnologias Emergentes,2510808,,7
54,7,Inovação e Tecnologias Emergentes,2513703,,7
55,7,Inovação e Tecnologias Emergentes,2602902,,7
56,7,Inovação e Tecnologias Emergentes,2603454,,7
57,7,Inovação e Tecnologias Emergentes,2604106,,7
58,7,Inovação e Tecnologias Emergentes,2606002,,7
59,7,Inovação e Tecnologias Emergentes,2606804,,7
60,7,Inovação e Tecnologias Emergentes,2607901,,7
61,7,Inovação e Tecnologias Emergentes,2609600,,7
62,7,Inovação e Tecnologias Emergentes,2610707,,7
63,7,Inovação e Tecnologias Emergentes,2611101,,7
64,7,Inovação e Tecnologias Emergentes,2611606,,7
65,7,Inovação e Tecnologias Emergentes,2613701,,7
66,7,Inovação e Tecnologias Emergentes,2616407,,7
67,7,Inovação e Tecnologias Emergentes,2700300,,7
68,7,Inovação e Tecnologias Emergentes,2704302,,7
69,7,Inovação e Tecnologias Emergentes,2800308,,7
70,7,Inovação e Tecnologias Emergentes,2802908,,7
71,7,Inovação e Tecnologias Emergentes,2803500,,7
72,7,Inovação e Tecnologias Emergentes,2804805,,7
73,7,Inovação e Tecnologias Emergentes,2900702,,7
74,7,Inovação e Tecnologias Emergentes,2903201,,7
75,7,Inovação e Tecnologias Emergentes,2905701,,7
76,7,Inovação e Tecnologias Emergentes,2910727,,7
77,7,Inovação e Tecnologias Emergentes,2910800,,7
78,7,Inovação e Tecnologias Emergentes,2913606,,7
79,7,Inovação e Tecnologias Emergentes,2914802,,7
80,7,Inovação e Tecnologias Emergentes,2918001,,7
81,7,Inovação e Tecnologias Emergentes,2918407,,7
82,7,Inovação e Tecnologias Emergentes,2919207,,7
83,7,Inovação e Tecnologias Emergentes,2919553,,7
84,7,Inovação e Tecnologias Emergentes,2924009,,7
85,7,Inovação e Tecnologias Emergentes,2925303,,7
86,7,Inovação e Tecnologias Emergentes,2927408,,7
87,7,Inovação e Tecnologias Emergentes,2928703,,7
88,7,Inovação e Tecnologias Emergentes,2930709,,7
89,7,Inovação e Tecnologias Emergentes,2931350,,7
90,7,Inovação e Tecnologias Emergentes,2933307,,7
91,7,Inovação e Tecnologias Emergentes,3103504,,7
92,7,Inovação e Tecnologias Emergentes,3104007,,7
93,7,Inovação e Tecnologias Emergentes,3105608,,7
94,7,Inovação e Tecnologias Emergentes,3106200,,7
95,7,Inovação e Tecnologias Emergentes,3106705,,7
96,7,Inovação e Tecnologias Emergentes,3118304,,7
97,7,Inovação e Tecnologias Emergentes,3118601,,7
98,7,Inovação e Tecnologias Emergentes,3119401,,7
99,7,Inovação e Tecnologias Emergentes,3122306,,7
100,7,Inovação e Tecnologias Emergentes,3127701,,7
101,7,Inovação e Tecnologias Emergentes,3129806,,7
102,7,Inovação e Tecnologias Emergentes,3131307,,7
103,7,Inovação e Tecnologias Emergentes,3131703,,7
104,7,Inovação e Tecnologias Emergentes,3134202,,7
105,7,Inovação e Tecnologias Emergentes,3136702,,7
106,7,Inovação e Tecnologias Emergentes,3138203,,7
107,7,Inovação e Tecnologias Emergentes,3143302,,7
108,7,Inovação e Tecnologias Emergentes,3143906,,7
109,7,Inovação e Tecnologias Emergentes,3144805,,7
110,7,Inovação e Tecnologias Emergentes,3145208,,7
111,7,Inovação e Tecnologias Emergentes,3147907,,7
112,7,Inovação e Tecnologias Emergentes,3148004,,7
113,7,Inovação e Tecnologias Emergentes,3151800,,7
114,7,Inovação e Tecnologias Emergentes,3152501,,7
115,7,Inovação e Tecnologias Emergentes,3154606,,7
116,7,Inovação e Tecnologias Emergentes,3156700,,7
117,7,Inovação e Tecnologias Emergentes,3157807,,7
118,7,Inovação e Tecnologias Emergentes,3167202,,7
119,7,Inovação e Tecnologias Emergentes,3168606,,7
120,7,Inovação e Tecnologias Emergentes,3169901,,7
121,7,Inovação e Tecnologias Emergentes,3170107,,7
122,7,Inovação e Tecnologias Emergentes,3170206,,7
123,7,Inovação e Tecnologias Emergentes,3170701,,7
124,7,Inovação e Tecnologias Emergentes,3171204,,7
125,7,Inovação e Tecnologias Emergentes,3201209,,7
126,7,Inovação e Tecnologias Emergentes,3201308,,7
127,7,Inovação e Tecnologias Emergentes,3201506,,7
128,7,Inovação e Tecnologias Emergentes,3202405,,7
129,7,Inovação e Tecnologias Emergentes,3203205,,7
130,7,Inovação e Tecnologias Emergentes,3204906,,7
131,7,Inovação e Tecnologias Emergentes,3205002,,7
132,7,Inovação e Tecnologias Emergentes,3205200,,7
133,7,Inovação e Tecnologias Emergentes,3205309,,7
134,7,Inovação e Tecnologias Emergentes,3300100,,7
135,7,Inovação e Tecnologias Emergentes,3300209,,7
136,7,Inovação e Tecnologias Emergentes,3300407,,7
137,7,Inovação e Tecnologias Emergentes,3300456,,7
138,7,Inovação e Tecnologias Emergentes,3300704,,7
139,7,Inovação e Tecnologias Emergentes,3301009,,7
140,7,Inovação e Tecnologias Emergentes,3301702,,7
141,7,Inovação e Tecnologias Emergentes,3301900,,7
142,7,Inovação e Tecnologias Emergentes,3302007,,7
143,7,Inovação e Tecnologias Emergentes,3302205,,7
144,7,Inovação e Tecnologias Emergentes,3302403,,7
145,7,Inovação e Tecnologias Emergentes,3302502,,7
146,7,Inovação e Tecnologias Emergentes,3302700,,7
147,7,Inovação e Tecnologias Emergentes,3302858,,7
148,7,Inovação e Tecnologias Emergentes,3303203,,7
149,7,Inovação e Tecnologias Emergentes,3303302,,7
150,7,Inovação e Tecnologias Emergentes,3303401,,7
151,7,Inovação e Tecnologias Emergentes,3303500,,7
152,7,Inovação e Tecnologias Emergentes,3303906,,7
153,7,Inovação e Tecnologias Emergentes,3304144,,7
154,7,Inovação e Tecnologias Emergentes,3304201,,7
155,7,Inovação e Tecnologias Emergentes,3304524,,7
156,7,Inovação e Tecnologias Emergentes,3304557,,7
157,7,Inovação e Tecnologias Emergentes,3304904,,7
158,7,Inovação e Tecnologias Emergentes,3305109,,7
159,7,Inovação e Tecnologias Emergentes,3305208,,7
160,7,Inovação e Tecnologias Emergentes,3305802,,7
161,7,Inovação e Tecnologias Emergentes,3306305,,7
162,7,Inovação e Tecnologias Emergentes,3501608,,7
163,7,Inovação e Tecnologias Emergentes,3502804,,7
164,7,Inovação e Tecnologias Emergentes,3503208,,7
165,7,Inovação e Tecnologias Emergentes,3503307,,7
166,7,Inovação e Tecnologias Emergentes,3504008,,7
167,7,Inovação e Tecnologias Emergentes,3504107,,7
168,7,Inovação e Tecnologias Emergentes,3505500,,7
169,7,Inovação e Tecnologias Emergentes,3505708,,7
170,7,Inovação e Tecnologias Emergentes,3506003,,7
171,7,Inovação e Tecnologias Emergentes,3506508,,7
172,7,Inovação e Tecnologias Emergentes,3507506,,7
173,7,Inovação e Tecnologias Emergentes,3507605,,7
174,7,Inovação e Tecnologias Emergentes,3509502,,7
175,7,Inovação e Tecnologias Emergentes,3510500,,7
176,7,Inovação e Tecnologias Emergentes,3510609,,7
177,7,Inovação e Tecnologias Emergentes,3511102,,7
178,7,Inovação e Tecnologias Emergentes,3513009,,7
179,7,Inovação e Tecnologias Emergentes,3513504,,7
180,7,Inovação e Tecnologias Emergentes,3513801,,7
181,7,Inovação e Tecnologias Emergentes,3515004,,7
182,7,Inovação e Tecnologias Emergentes,3515707,,7
183,7,Inovação e Tecnologias Emergentes,3516200,,7
184,7,Inovação e Tecnologias Emergentes,3516309,,7
185,7,Inovação e Tecnologias Emergentes,3516408,,7
186,7,Inovação e Tecnologias Emergentes,3518404,,7
187,7,Inovação e Tecnologias Emergentes,3518701,,7
188,7,Inovação e Tecnologias Emergentes,3518800,,7
189,7,Inovação e Tecnologias Emergentes,3519071,,7
190,7,Inovação e Tecnologias Emergentes,3520509,,7
191,7,Inovação e Tecnologias Emergentes,3522109,,7
192,7,Inovação e Tecnologias Emergentes,3522208,,7
193,7,Inovação e Tecnologias Emergentes,3522307,,7
194,7,Inovação e Tecnologias Emergentes,3522505,,7
195,7,Inovação e Tecnologias Emergentes,3523107,,7
196,7,Inovação e Tecnologias Emergentes,3523404,,7
197,7,Inovação e Tecnologias Emergentes,3523909,,7
198,7,Inovação e Tecnologias Emergentes,3524402,,7
199,7,Inovação e Tecnologias Emergentes,3525003,,7
200,7,Inovação e Tecnologias Emergentes,3525300,,7
201,7,Inovação e Tecnologias Emergentes,3525904,,7
202,7,Inovação e Tecnologias Emergentes,3526902,,7
203,7,Inovação e Tecnologias Emergentes,3529005,,7
204,7,Inovação e Tecnologias Emergentes,3529401,,7
205,7,Inovação e Tecnologias Emergentes,3530607,,7
206,7,Inovação e Tecnologias Emergentes,3530706,,7
207,7,Inovação e Tecnologias Emergentes,3534401,,7
208,7,Inovação e Tecnologias Emergentes,3534708,,7
209,7,Inovação e Tecnologias Emergentes,3536505,,7
210,7,Inovação e Tecnologias Emergentes,3538006,,7
211,7,Inovação e Tecnologias Emergentes,3538709,,7
212,7,Inovação e Tecnologias Emergentes,3539806,,7
213,7,Inovação e Tecnologias Emergentes,3541000,,7
214,7,Inovação e Tecnologias Emergentes,3541406,,7
215,7,Inovação e Tecnologias Emergentes,3543303,,7
216,7,Inovação e Tecnologias Emergentes,3543402,,7
217,7,Inovação e Tecnologias Emergentes,3543907,,7
218,7,Inovação e Tecnologias Emergentes,3545209,,7
219,7,Inovação e Tecnologias Emergentes,3545803,,7
220,7,Inovação e Tecnologias Emergentes,3547304,,7
221,7,Inovação e Tecnologias Emergentes,3547809,,7
222,7,Inovação e Tecnologias Emergentes,3548500,,7
223,7,Inovação e Tecnologias Emergentes,3548708,,7
224,7,Inovação e Tecnologias Emergentes,3548807,,7
225,7,Inovação e Tecnologias Emergentes,3548906,,7
226,7,Inovação e Tecnologias Emergentes,3549805,,7
227,7,Inovação e Tecnologias Emergentes,3549904,,7
228,7,Inovação e Tecnologias Emergentes,3550308,,7
229,7,Inovação e Tecnologias Emergentes,3551009,,7
230,7,Inovação e Tecnologias Emergentes,3551702,,7
231,7,Inovação e Tecnologias Emergentes,3552205,,7
232,7,Inovação e Tecnologias Emergentes,3552403,,7
233,7,Inovação e Tecnologias Emergentes,3552502,,7
234,7,Inovação e Tecnologias Emergentes,3552809,,7
235,7,Inovação e Tecnologias Emergentes,3554003,,7
236,7,Inovação e Tecnologias Emergentes,3554102,,7
237,7,Inovação e Tecnologias Emergentes,3556206,,7
238,7,Inovação e Tecnologias Emergentes,3556503,,7
239,7,Inovação e Tecnologias Emergentes,3557006,,7
240,7,Inovação e Tecnologias Emergentes,4100400,,7
241,7,Inovação e Tecnologias Emergentes,4101408,,7
242,7,Inovação e Tecnologias Emergentes,4101507,,7
243,7,Inovação e Tecnologias Emergentes,4101804,,7
244,7,Inovação e Tecnologias Emergentes,4103701,,7
245,7,Inovação e Tecnologias Emergentes,4104204,,7
246,7,Inovação e Tecnologias Emergentes,4104808,,7
247,7,Inovação e Tecnologias Emergentes,4105805,,7
248,7,Inovação e Tecnologias Emergentes,4106902,,7
249,7,Inovação e Tecnologias Emergentes,4107652,,7
250,7,Inovação e Tecnologias Emergentes,4108304,,7
251,7,Inovação e Tecnologias Emergentes,4109401,,7
252,7,Inovação e Tecnologias Emergentes,4113700,,7
253,7,Inovação e Tecnologias Emergentes,4115200,,7
254,7,Inovação e Tecnologias Emergentes,4118204,,7
255,7,Inovação e Tecnologias Emergentes,4119152,,7
256,7,Inovação e Tecnologias Emergentes,4119509,,7
257,7,Inovação e Tecnologias Emergentes,4119905,,7
258,7,Inovação e Tecnologias Emergentes,4125506,,7
259,7,Inovação e Tecnologias Emergentes,4126256,,7
260,7,Inovação e Tecnologias Emergentes,4127700,,7
261,7,Inovação e Tecnologias Emergentes,4128104,,7
262,7,Inovação e Tecnologias Emergentes,4202008,,7
263,7,Inovação e Tecnologias Emergentes,4202404,,7
264,7,Inovação e Tecnologias Emergentes,4202909,,7
265,7,Inovação e Tecnologias Emergentes,4203204,,7
266,7,Inovação e Tecnologias Emergentes,4204202,,7
267,7,Inovação e Tecnologias Emergentes,4204608,,7
268,7,Inovação e Tecnologias Emergentes,4205407,,7
269,7,Inovação e Tecnologias Emergentes,4208203,,7
270,7,Inovação e Tecnologias Emergentes,4208906,,7
271,7,Inovação e Tecnologias Emergentes,4209102,,7
272,7,Inovação e Tecnologias Emergentes,4209300,,7
273,7,Inovação e Tecnologias Emergentes,4211900,,7
274,7,Inovação e Tecnologias Emergentes,4216602,,7
275,7,Inovação e Tecnologias Emergentes,4218707,,7
276,7,Inovação e Tecnologias Emergentes,4300604,,7
277,7,Inovação e Tecnologias Emergentes,4301602,,7
278,7,Inovação e Tecnologias Emergentes,4302105,,7
279,7,Inovação e Tecnologias Emergentes,4303103,,7
280,7,Inovação e Tecnologias Emergentes,4304606,,7
281,7,Inovação e Tecnologias Emergentes,4305108,,7
282,7,Inovação e Tecnologias Emergentes,4307005,,7
283,7,Inovação e Tecnologias Emergentes,4309209,,7
284,7,Inovação e Tecnologias Emergentes,4313409,,7
285,7,Inovação e Tecnologias Emergentes,4314100,,7
286,7,Inovação e Tecnologias Emergentes,4314407,,7
287,7,Inovação e Tecnologias Emergentes,4314902,,7
288,7,Inovação e Tecnologias Emergentes,4315602,,7
289,7,Inovação e Tecnologias Emergentes,4316808,,7
290,7,Inovação e Tecnologias Emergentes,4316907,,7
291,7,Inovação e Tecnologias Emergentes,4318705,,7
292,7,Inovação e Tecnologias Emergentes,4320008,,7
293,7,Inovação e Tecnologias Emergentes,4322400,,7
294,7,Inovação e Tecnologias Emergentes,4323002,,7
295,7,Inovação e Tecnologias Emergentes,5002704,,7
296,7,Inovação e Tecnologias Emergentes,5003702,,7
297,7,Inovação e Tecnologias Emergentes,5008305,,7
298,7,Inovação e Tecnologias Emergentes,5103403,,7
299,7,Inovação e Tecnologias Emergentes,5107602,,7
300,7,Inovação e Tecnologias Emergentes,5107909,,7
301,7,Inovação e Tecnologias Emergentes,5107925,,7
302,7,Inovação e Tecnologias Emergentes,5107958,,7
303,7,Inovação e Tecnologias Emergentes,5108402,,7
304,7,Inovação e Tecnologias Emergentes,5200258,,7
305,7,Inovação e Tecnologias Emergentes,5201108,,7
306,7,Inovação e Tecnologias Emergentes,5201405,,7
307,7,Inovação e Tecnologias Emergentes,5205109,,7
308,7,Inovação e Tecnologias Emergentes,5208004,,7
309,7,Inovação e Tecnologias Emergentes,5208707,,7
310,7,Inovação e Tecnologias Emergentes,5211503,,7
311,7,Inovação e Tecnologias Emergentes,5211909,,7
312,7,Inovação e Tecnologias Emergentes,5212501,,7
313,7,Inovação e Tecnologias Emergentes,5215231,,7
314,7,Inovação e Tecnologias Emergentes,5217609,,7
315,7,Inovação e Tecnologias Emergentes,5218805,,7
316,7,Inovação e Tecnologias Emergentes,5220454,,7
317,7,Inovação e Tecnologias Emergentes,5221403,,7
318,7,Inovação e Tecnologias Emergentes,5221858,,7
319,7,Inovação e Tecnologias Emergentes,5300108,,7
1,8,Eficiência e Processos,1100122,,7
2,8,Eficiência e Processos,1100205,,7
3,8,Eficiência e Processos,1200401,,7
4,8,Eficiência e Processos,1301902,,7
5,8,Eficiência e Processos,1302504,,7
6,8,Eficiência e Processos,1302603,,7
7,8,Eficiência e Processos,1400100,,7
8,8,Eficiência e Processos,1500107,,7
9,8,Eficiência e Processos,1500602,,7
10,8,Eficiência e Processos,1500800,,7
11,8,Eficiência e Processos,1501303,,7
12,8,Eficiência e Processos,1501402,,7
13,8,Eficiência e Processos,1501709,,7
14,8,Eficiência e Processos,1501808,,7
15,8,Eficiência e Processos,1502103,,7
16,8,Eficiência e Processos,1502400,,7
17,8,Eficiência e Processos,1503606,,7
18,8,Eficiência e Processos,1504208,,7
19,8,Eficiência e Processos,1504422,,7
20,8,Eficiência e Processos,1505502,,7
21,8,Eficiência e Processos,1505536,,7
22,8,Eficiência e Processos,1506807,,7
23,8,Eficiência e Processos,1600303,,7
24,8,Eficiência e Processos,1600600,,7
25,8,Eficiência e Processos,1702109,,7
26,8,Eficiência e Processos,1721000,,7
27,8,Eficiência e Processos,2100055,,7
28,8,Eficiência e Processos,2101202,,7
29,8,Eficiência e Processos,2101400,,7
30,8,Eficiência e Processos,2103000,,7
31,8,Eficiência e Processos,2103307,,7
32,8,Eficiência e Processos,2105302,,7
33,8,Eficiência e Processos,2107506,,7
34,8,Eficiência e Processos,2111201,,7
35,8,Eficiência e Processos,2111300,,7
36,8,Eficiência e Processos,2112209,,7
37,8,Eficiência e Processos,2207702,,7
38,8,Eficiência e Processos,2211001,,7
39,8,Eficiência e Processos,2303709,,7
40,8,Eficiência e Processos,2304202,,7
41,8,Eficiência e Processos,2304400,,7
42,8,Eficiência e Processos,2306405,,7
43,8,Eficiência e Processos,2307304,,7
44,8,Eficiência e Processos,2307650,,7
45,8,Eficiência e Processos,2307700,,7
46,8,Eficiência e Processos,2312908,,7
47,8,Eficiência e Processos,2403251,,7
48,8,Eficiência e Processos,2408003,,7
49,8,Eficiência e Processos,2408102,,7
50,8,Eficiência e Processos,2412005,,7
51,8,Eficiência e Processos,2504009,,7
52,8,Eficiência e Processos,2507507,,7
53,8,Eficiência e Processos,2510808,,7
54,8,Eficiência e Processos,2513703,,7
55,8,Eficiência e Processos,2602902,,7
56,8,Eficiência e Processos,2603454,,7
57,8,Eficiência e Processos,2604106,,7
58,8,Eficiência e Processos,2606002,,7
59,8,Eficiência e Processos,2606804,,7
60,8,Eficiência e Processos,2607901,,7
61,8,Eficiência e Processos,2609600,,7
62,8,Eficiência e Processos,2610707,,7
63,8,Eficiência e Processos,2611101,,7
64,8,Eficiência e Processos,2611606,,7
65,8,Eficiência e Processos,2613701,,7
66,8,Eficiência e Processos,2616407,,7
67,8,Eficiência e Processos,2700300,,7
68,8,Eficiência e Processos,2704302,,7
69,8,Eficiência e Processos,2800308,,7
70,8,Eficiência e Processos,2802908,,7
71,8,Eficiência e Processos,2803500,,7
72,8,Eficiência e Processos,2804805,,7
73,8,Eficiência e Processos,2900702,,7
74,8,Eficiência e Processos,2903201,,7
75,8,Eficiência e Processos,2905701,,7
76,8,Eficiência e Processos,2910727,,7
77,8,Eficiência e Processos,2910800,,7
78,8,Eficiência e Processos,2913606,,7
79,8,Eficiência e Processos,2914802,,7
80,8,Eficiência e Processos,2918001,,7
81,8,Eficiência e Processos,2918407,,7
82,8,Eficiência e Processos,2919207,,7
83,8,Eficiência e Processos,2919553,,7
84,8,Eficiência e Processos,2924009,,7
85,8,Eficiência e Processos,2925303,,7
86,8,Eficiência e Processos,2927408,,7
87,8,Eficiência e Processos,2928703,,7
88,8,Eficiência e Processos,2930709,,7
89,8,Eficiência e Processos,2931350,,7
90,8,Eficiência e Processos,2933307,,7
91,8,Eficiência e Processos,3103504,,7
92,8,Eficiência e Processos,3104007,,7
93,8,Eficiência e Processos,3105608,,7
94,8,Eficiência e Processos,3106200,,7
95,8,Eficiência e Processos,3106705,,7
96,8,Eficiência e Processos,3118304,,7
97,8,Eficiência e Processos,3118601,,7
98,8,Eficiência e Processos,3119401,,7
99,8,Eficiência e Processos,3122306,,7
100,8,Eficiência e Processos,3127701,,7
101,8,Eficiência e Processos,3129806,,7
102,8,Eficiência e Processos,3131307,,7
103,8,Eficiência e Processos,3131703,,7
104,8,Eficiência e Processos,3134202,,7
105,8,Eficiência e Processos,3136702,,7
106,8,Eficiência e Processos,3138203,,7
107,8,Eficiência e Processos,3143302,,7
108,8,Eficiência e Processos,3143906,,7
109,8,Eficiência e Processos,3144805,,7
110,8,Eficiência e Processos,3145208,,7
111,8,Eficiência e Processos,3147907,,7
112,8,Eficiência e Processos,3148004,,7
113,8,Eficiência e Processos,3151800,,7
114,8,Eficiência e Processos,3152501,,7
115,8,Eficiência e Processos,3154606,,7
116,8,Eficiência e Processos,3156700,,7
117,8,Eficiência e Processos,3157807,,7
118,8,Eficiência e Processos,3167202,,7
119,8,Eficiência e Processos,3168606,,7
120,8,Eficiência e Processos,3169901,,7
121,8,Eficiência e Processos,3170107,,7
122,8,Eficiência e Processos,3170206,,7
123,8,Eficiência e Processos,3170701,,7
124,8,Eficiência e Processos,3171204,,7
125,8,Eficiência e Processos,3201209,,7
126,8,Eficiência e Processos,3201308,,7
127,8,Eficiência e Processos,3201506,,7
128,8,Eficiência e Processos,3202405,,7
129,8,Eficiência e Processos,3203205,,7
130,8,Eficiência e Processos,3204906,,7
131,8,Eficiência e Processos,3205002,,7
132,8,Eficiência e Processos,3205200,,7
133,8,Eficiência e Processos,3205309,,7
134,8,Eficiência e Processos,3300100,,7
135,8,Eficiência e Processos,3300209,,7
136,8,Eficiência e Processos,3300407,,7
137,8,Eficiência e Processos,3300456,,7
138,8,Eficiência e Processos,3300704,,7
139,8,Eficiência e Processos,3301009,,7
140,8,Eficiência e Processos,3301702,,7
141,8,Eficiência e Processos,3301900,,7
142,8,Eficiência e Processos,3302007,,7
143,8,Eficiência e Processos,3302205,,7
144,8,Eficiência e Processos,3302403,,7
145,8,Eficiência e Processos,3302502,,7
146,8,Eficiência e Processos,3302700,,7
147,8,Eficiência e Processos,3302858,,7
148,8,Eficiência e Processos,3303203,,7
149,8,Eficiência e Processos,3303302,,7
150,8,Eficiência e Processos,3303401,,7
151,8,Eficiência e Processos,3303500,,7
152,8,Eficiência e Processos,3303906,,7
153,8,Eficiência e Processos,3304144,,7
154,8,Eficiência e Processos,3304201,,7
155,8,Eficiência e Processos,3304524,,7
156,8,Eficiência e Processos,3304557,,7
157,8,Eficiência e Processos,3304904,,7
158,8,Eficiência e Processos,3305109,,7
159,8,Eficiência e Processos,3305208,,7
160,8,Eficiência e Processos,3305802,,7
161,8,Eficiência e Processos,3306305,,7
162,8,Eficiência e Processos,3501608,,7
163,8,Eficiência e Processos,3502804,,7
164,8,Eficiência e Processos,3503208,,7
165,8,Eficiência e Processos,3503307,,7
166,8,Eficiência e Processos,3504008,,7
167,8,Eficiência e Processos,3504107,,7
168,8,Eficiência e Processos,3505500,,7
169,8,Eficiência e Processos,3505708,,7
170,8,Eficiência e Processos,3506003,,7
171,8,Eficiência e Processos,3506508,,7
172,8,Eficiência e Processos,3507506,,7
173,8,Eficiência e Processos,3507605,,7
174,8,Eficiência e Processos,3509502,,7
175,8,Eficiência e Processos,3510500,,7
176,8,Eficiência e Processos,3510609,,7
177,8,Eficiência e Processos,3511102,,7
178,8,Eficiência e Processos,3513009,,7
179,8,Eficiência e Processos,3513504,,7
180,8,Eficiência e Processos,3513801,,7
181,8,Eficiência e Processos,3515004,,7
182,8,Eficiência e Processos,3515707,,7
183,8,Eficiência e Processos,3516200,,7
184,8,Eficiência e Processos,3516309,,7
185,8,Eficiência e Processos,3516408,,7
186,8,Eficiência e Processos,3518404,,7
187,8,Eficiência e Processos,3518701,,7
188,8,Eficiência e Processos,3518800,,7
189,8,Eficiência e Processos,3519071,,7
190,8,Eficiência e Processos,3520509,,7
191,8,Eficiência e Processos,3522109,,7
192,8,Eficiência e Processos,3522208,,7
193,8,Eficiência e Processos,3522307,,7
194,8,Eficiência e Processos,3522505,,7
195,8,Eficiência e Processos,3523107,,7
196,8,Eficiência e Processos,3523404,,7
197,8,Eficiência e Processos,3523909,,7
198,8,Eficiência e Processos,3524402,,7
199,8,Eficiência e Processos,3525003,,7
200,8,Eficiência e Processos,3525300,,7
201,8,Eficiência e Processos,3525904,,7
202,8,Eficiência e Processos,3526902,,7
203,8,Eficiência e Processos,3529005,,7
204,8,Eficiência e Processos,3529401,,7
205,8,Eficiência e Processos,3530607,,7
206,8,Eficiência e Processos,3530706,,7
207,8,Eficiência e Processos,3534401,,7
208,8,Eficiência e Processos,3534708,,7
209,8,Eficiência e Processos,3536505,,7
210,8,Eficiência e Processos,3538006,,7
211,8,Eficiência e Processos,3538709,,7
212,8,Eficiência e Processos,3539806,,7
213,8,Eficiência e Processos,3541000,,7
214,8,Eficiência e Processos,3541406,,7
215,8,Eficiência e Processos,3543303,,7
216,8,Eficiência e Processos,3543402,,7
217,8,Eficiência e Processos,3543907,,7
218,8,Eficiência e Processos,3545209,,7
219,8,Eficiência e Processos,3545803,,7
220,8,Eficiência e Processos,3547304,,7
221,8,Eficiência e Processos,3547809,,7
222,8,Eficiência e Processos,3548500,,7
223,8,Eficiência e Processos,3548708,,7
224,8,Eficiência e Processos,3548807,,7
225,8,Eficiência e Processos,3548906,,7
226,8,Eficiência e Processos,3549805,,7
227,8,Eficiência e Processos,3549904,,7
228,8,Eficiência e Processos,3550308,,7
229,8,Eficiência e Processos,3551009,,7
230,8,Eficiência e Processos,3551702,,7
231,8,Eficiência e Processos,3552205,,7
232,8,Eficiência e Processos,3552403,,7
233,8,Eficiência e Processos,3552502,,7
234,8,Eficiência e Processos,3552809,,7
235,8,Eficiência e Processos,3554003,,7
236,8,Eficiência e Processos,3554102,,7
237,8,Eficiência e Processos,3556206,,7
238,8,Eficiência e Processos,3556503,,7
239,8,Eficiência e Processos,3557006,,7
240,8,Eficiência e Processos,4100400,,7
241,8,Eficiência e Processos,4101408,,7
242,8,Eficiência e Processos,4101507,,7
243,8,Eficiência e Processos,4101804,,7
244,8,Eficiência e Processos,4103701,,7
245,8,Eficiência e Processos,4104204,,7
246,8,Eficiência e Processos,4104808,,7
247,8,Eficiência e Processos,4105805,,7
248,8,Eficiência e Processos,4106902,,7
249,8,Eficiência e Processos,4107652,,7
250,8,Eficiência e Processos,4108304,,7
251,8,Eficiência e Processos,4109401,,7
252,8,Eficiência e Processos,4113700,,7
253,8,Eficiência e Processos,4115200,,7
254,8,Eficiência e Processos,4118204,,7
255,8,Eficiência e Processos,4119152,,7
256,8,Eficiência e Processos,4119509,,7
257,8,Eficiência e Processos,4119905,,7
258,8,Eficiência e Processos,4125506,,7
259,8,Eficiência e Processos,4126256,,7
260,8,Eficiência e Processos,4127700,,7
261,8,Eficiência e Processos,4128104,,7
262,8,Eficiência e Processos,4202008,,7
263,8,Eficiência e Processos,4202404,,7
264,8,Eficiência e Processos,4202909,,7
265,8,Eficiência e Processos,4203204,,7
266,8,Eficiência e Processos,4204202,,7
267,8,Eficiência e Processos,4204608,,7
268,8,Eficiência e Processos,4205407,,7
269,8,Eficiência e Processos,4208203,,7
270,8,Eficiência e Processos,4208906,,7
271,8,Eficiência e Processos,4209102,,7
272,8,Eficiência e Processos,4209300,,7
273,8,Eficiência e Processos,4211900,,7
274,8,Eficiência e Processos,4216602,,7
275,8,Eficiência e Processos,4218707,,7
276,8,Eficiência e Processos,4300604,,7
277,8,Eficiência e Processos,4301602,,7
278,8,Eficiência e Processos,4302105,,7
279,8,Eficiência e Processos,4303103,,7
280,8,Eficiência e Processos,4304606,,7
281,8,Eficiência e Processos,4305108,,7
282,8,Eficiência e Processos,4307005,,7
283,8,Eficiência e Processos,4309209,,7
284,8,Eficiência e Processos,4313409,,7
285,8,Eficiência e Processos,4314100,,7
286,8,Eficiência e Processos,4314407,,7
287,8,Eficiência e Processos,4314902,,7
288,8,Eficiência e Processos,4315602,,7
289,8,Eficiência e Processos,4316808,,7
290,8,Eficiência e Processos,4316907,,7
291,8,Eficiência e Processos,4318705,,7
292,8,Eficiência e Processos,4320008,,7
293,8,Eficiência e Processos,4322400,,7
294,8,Eficiência e Processos,4323002,,7
295,8,Eficiência e Processos,5002704,,7
296,8,Eficiência e Processos,5003702,,7
297,8,Eficiência e Processos,5008305,,7
298,8,Eficiência e Processos,5103403,,7
299,8,Eficiência e Processos,5107602,,7
300,8,Eficiência e Processos,5107909,,7
301,8,Eficiência e Processos,5107925,,7
302,8,Eficiência e Processos,5107958,,7
303,8,Eficiência e Processos,5108402,,7
304,8,Eficiência e Processos,5200258,,7
305,8,Eficiência e Processos,5201108,,7
306,8,Eficiência e Processos,5201405,,7
307,8,Eficiência e Processos,5205109,,7
308,8,Eficiência e Processos,5208004,,7
309,8,Eficiência e Processos,5208707,,7
310,8,Eficiência e Processos,5211503,,7
311,8,Eficiência e Processos,5211909,,7
312,8,Eficiência e Processos,5212501,,7
313,8,Eficiência e Processos,5215231,,7
314,8,Eficiência e Processos,5217609,,7
315,8,Eficiência e Processos,5218805,,7
316,8,Eficiência e Processos,5220454,,7
317,8,Eficiência e Processos,5221403,,7
318,8,Eficiência e Processos,5221858,,7
319,8,Eficiência e Processos,5300108,,7
1,9,Transparência e Participação,2933307,100.0,7
2,9,Transparência e Participação,3205200,100.0,7
3,9,Transparência e Participação,5220454,88.89,7
4,9,Transparência e Participação,1100205,88.89,7
5,9,Transparência e Participação,5300108,88.89,7
6,9,Transparência e Participação,4115200,88.89,7
7,9,Transparência e Participação,3530607,88.89,7
8,9,Transparência e Participação,3205309,88.89,7
9,9,Transparência e Participação,3300100,88.89,7
10,9,Transparência e Participação,3201209,88.89,7
11,9,Transparência e Participação,3201308,88.89,7
12,9,Transparência e Participação,5208707,88.89,7
13,9,Transparência e Participação,3513009,88.89,7
14,9,Transparência e Participação,2607901,88.89,7
15,9,Transparência e Participação,3541000,88.89,7
16,9,Transparência e Participação,3157807,88.89,7
17,9,Transparência e Participação,3548500,88.89,7
18,9,Transparência e Participação,4205407,88.89,7
19,9,Transparência e Participação,4202404,88.89,7
20,9,Transparência e Participação,2507507,88.89,7
21,9,Transparência e Participação,1302603,88.89,7
22,9,Transparência e Participação,3204906,83.33,7
23,9,Transparência e Participação,2408003,77.78,7
24,9,Transparência e Participação,4316907,77.78,7
25,9,Transparência e Participação,1200401,77.78,7
26,9,Transparência e Participação,2112209,77.78,7
27,9,Transparência e Participação,2510808,77.78,7
28,9,Transparência e Participação,1721000,77.78,7
29,9,Transparência e Participação,5217609,77.78,7
30,9,Transparência e Participação,2101400,77.78,7
31,9,Transparência e Participação,2312908,77.78,7
32,9,Transparência e Participação,4304606,77.78,7
33,9,Transparência e Participação,4216602,77.78,7
34,9,Transparência e Participação,2924009,77.78,7
35,9,Transparência e Participação,2918001,77.78,7
36,9,Transparência e Participação,4106902,77.78,7
37,9,Transparência e Participação,4314902,77.78,7
38,9,Transparência e Participação,3534708,77.78,7
39,9,Transparência e Participação,3548807,77.78,7
40,9,Transparência e Participação,3106200,77.78,7
41,9,Transparência e Participação,3554003,77.78,7
42,9,Transparência e Participação,3550308,77.78,7
43,9,Transparência e Participação,3534401,77.78,7
44,9,Transparência e Participação,3513801,77.78,7
45,9,Transparência e Participação,3170206,77.78,7
46,9,Transparência e Participação,1600303,77.78,7
47,9,Transparência e Participação,5008305,77.78,7
48,9,Transparência e Participação,1506807,77.78,7
49,9,Transparência e Participação,3516200,77.78,7
50,9,Transparência e Participação,3501608,77.78,7
51,9,Transparência e Participação,3504008,77.78,7
52,9,Transparência e Participação,5107925,77.78,7
53,9,Transparência e Participação,3505708,77.78,7
54,9,Transparência e Participação,3526902,77.78,7
55,9,Transparência e Participação,3525904,77.78,7
56,9,Transparência e Participação,3522109,77.78,7
57,9,Transparência e Participação,3302502,77.78,7
58,9,Transparência e Participação,3147907,77.78,7
59,9,Transparência e Participação,3541406,77.78,7
60,9,Transparência e Participação,3136702,77.78,7
61,9,Transparência e Participação,3148004,77.78,7
62,9,Transparência e Participação,4126256,77.78,7
63,9,Transparência e Participação,4202909,77.78,7
64,9,Transparência e Participação,2927408,77.78,7
65,9,Transparência e Participação,2925303,77.78,7
66,9,Transparência e Participação,2611606,77.78,7
67,9,Transparência e Participação,2604106,77.78,7
68,9,Transparência e Participação,2613701,77.78,7
69,9,Transparência e Participação,4204202,77.78,7
70,9,Transparência e Participação,3127701,77.78,7
71,9,Transparência e Participação,3129806,77.78,7
72,9,Transparência e Participação,3554102,77.78,7
73,9,Transparência e Participação,3552205,77.78,7
74,9,Transparência e Participação,3170701,77.78,7
75,9,Transparência e Participação,4113700,77.78,7
76,9,Transparência e Participação,3205002,77.78,7
77,9,Transparência e Participação,3549904,77.78,7
78,9,Transparência e Participação,4109401,77.78,7
79,9,Transparência e Participação,2704302,77.78,7
80,9,Transparência e Participação,4119152,77.78,7
81,9,Transparência e Participação,3201506,72.22,7
82,9,Transparência e Participação,4208906,66.67,7
83,9,Transparência e Participação,4218707,66.67,7
84,9,Transparência e Participação,4302105,66.67,7
85,9,Transparência e Participação,2307304,66.67,7
86,9,Transparência e Participação,1400100,66.67,7
87,9,Transparência e Participação,5002704,66.67,7
88,9,Transparência e Participação,4318705,66.67,7
89,9,Transparência e Participação,1100122,66.67,7
90,9,Transparência e Participação,2111300,66.67,7
91,9,Transparência e Participação,2111201,66.67,7
92,9,Transparência e Participação,2513703,66.67,7
93,9,Transparência e Participação,2602902,66.67,7
94,9,Transparência e Participação,4315602,66.67,7
95,9,Transparência e Participação,4316808,66.67,7
96,9,Transparência e Participação,4309209,66.67,7
97,9,Transparência e Participação,4314100,66.67,7
98,9,Transparência e Participação,4307005,66.67,7
99,9,Transparência e Participação,4305108,66.67,7
100,9,Transparência e Participação,2304202,66.67,7
101,9,Transparência e Participação,2207702,66.67,7
102,9,Transparência e Participação,3536505,66.67,7
103,9,Transparência e Participação,3538006,66.67,7
104,9,Transparência e Participação,3538709,66.67,7
105,9,Transparência e Participação,3143906,66.67,7
106,9,Transparência e Participação,3545209,66.67,7
107,9,Transparência e Participação,3547304,66.67,7
108,9,Transparência e Participação,3169901,66.67,7
109,9,Transparência e Participação,3549805,66.67,7
110,9,Transparência e Participação,3552502,66.67,7
111,9,Transparência e Participação,4100400,66.67,7
112,9,Transparência e Participação,3557006,66.67,7
113,9,Transparência e Participação,3556503,66.67,7
114,9,Transparência e Participação,3103504,66.67,7
115,9,Transparência e Participação,3105608,66.67,7
116,9,Transparência e Participação,4101507,66.67,7
117,9,Transparência e Participação,4101408,66.67,7
118,9,Transparência e Participação,2609600,66.67,7
119,9,Transparência e Participação,4119905,66.67,7
120,9,Transparência e Participação,4107652,66.67,7
121,9,Transparência e Participação,2611101,66.67,7
122,9,Transparência e Participação,4204608,66.67,7
123,9,Transparência e Participação,4208203,66.67,7
124,9,Transparência e Participação,2606002,66.67,7
125,9,Transparência e Participação,2616407,66.67,7
126,9,Transparência e Participação,2903201,66.67,7
127,9,Transparência e Participação,4104204,66.67,7
128,9,Transparência e Participação,2919553,66.67,7
129,9,Transparência e Participação,3202405,66.67,7
130,9,Transparência e Participação,3523909,66.67,7
131,9,Transparência e Participação,3529401,66.67,7
132,9,Transparência e Participação,3529005,66.67,7
133,9,Transparência e Participação,3300407,66.67,7
134,9,Transparência e Participação,3300456,66.67,7
135,9,Transparência e Participação,3302403,66.67,7
136,9,Transparência e Participação,3302858,66.67,7
137,9,Transparência e Participação,3303203,66.67,7
138,9,Transparência e Participação,3303401,66.67,7
139,9,Transparência e Participação,3303302,66.67,7
140,9,Transparência e Participação,3303906,66.67,7
141,9,Transparência e Participação,3520509,66.67,7
142,9,Transparência e Participação,3525300,66.67,7
143,9,Transparência e Participação,3522307,66.67,7
144,9,Transparência e Participação,3522505,66.67,7
145,9,Transparência e Participação,3503307,66.67,7
146,9,Transparência e Participação,3507605,66.67,7
147,9,Transparência e Participação,3509502,66.67,7
148,9,Transparência e Participação,3516309,66.67,7
149,9,Transparência e Participação,3510500,66.67,7
150,9,Transparência e Participação,3304201,66.67,7
151,9,Transparência e Participação,3304557,66.67,7
152,9,Transparência e Participação,3305208,66.67,7
153,9,Transparência e Participação,3305802,66.67,7
154,9,Transparência e Participação,3503208,66.67,7
155,9,Transparência e Participação,5201405,66.67,7
156,9,Transparência e Participação,5107958,66.67,7
157,9,Transparência e Participação,5205109,66.67,7
158,9,Transparência e Participação,5103403,66.67,7
159,9,Transparência e Participação,5107909,66.67,7
160,9,Transparência e Participação,1600600,66.67,7
161,9,Transparência e Participação,1505536,66.67,7
162,9,Transparência e Participação,1505502,66.67,7
163,9,Transparência e Participação,1503606,66.67,7
164,9,Transparência e Participação,1500800,66.67,7
165,9,Transparência e Participação,1500602,66.67,7
166,9,Transparência e Participação,5215231,61.11,7
167,9,Transparência e Participação,2408102,61.11,7
168,9,Transparência e Participação,5108402,55.56,7
169,9,Transparência e Participação,1501808,55.56,7
170,9,Transparência e Participação,5107602,55.56,7
171,9,Transparência e Participação,1504208,55.56,7
172,9,Transparência e Participação,3304144,55.56,7
173,9,Transparência e Participação,5211503,55.56,7
174,9,Transparência e Participação,1501402,55.56,7
175,9,Transparência e Participação,1501709,55.56,7
176,9,Transparência e Participação,3506003,55.56,7
177,9,Transparência e Participação,3505500,55.56,7
178,9,Transparência e Participação,3506508,55.56,7
179,9,Transparência e Participação,3304904,55.56,7
180,9,Transparência e Participação,3504107,55.56,7
181,9,Transparência e Participação,3502804,55.56,7
182,9,Transparência e Participação,3306305,55.56,7
183,9,Transparência e Participação,3170107,55.56,7
184,9,Transparência e Participação,3515707,55.56,7
185,9,Transparência e Participação,3300704,55.56,7
186,9,Transparência e Participação,3303500,55.56,7
187,9,Transparência e Participação,3302700,55.56,7
188,9,Transparência e Participação,3511102,55.56,7
189,9,Transparência e Participação,3507506,55.56,7
190,9,Transparência e Participação,5208004,55.56,7
191,9,Transparência e Participação,5201108,55.56,7
192,9,Transparência e Participação,5221858,55.56,7
193,9,Transparência e Participação,5003702,55.56,7
194,9,Transparência e Participação,5218805,55.56,7
195,9,Transparência e Participação,5221403,55.56,7
196,9,Transparência e Participação,4322400,55.56,7
197,9,Transparência e Participação,4320008,55.56,7
198,9,Transparência e Participação,4313409,55.56,7
199,9,Transparência e Participação,2504009,55.56,7
200,9,Transparência e Participação,2105302,55.56,7
201,9,Transparência e Participação,3171204,55.56,7
202,9,Transparência e Participação,3524402,55.56,7
203,9,Transparência e Participação,3525003,55.56,7
204,9,Transparência e Participação,3523404,55.56,7
205,9,Transparência e Participação,3519071,55.56,7
206,9,Transparência e Participação,3301900,55.56,7
207,9,Transparência e Participação,3543303,55.56,7
208,9,Transparência e Participação,3203205,55.56,7
209,9,Transparência e Participação,3539806,55.56,7
210,9,Transparência e Participação,3530706,55.56,7
211,9,Transparência e Participação,3119401,55.56,7
212,9,Transparência e Participação,3131703,55.56,7
213,9,Transparência e Participação,3552809,55.56,7
214,9,Transparência e Participação,3118601,55.56,7
215,9,Transparência e Participação,3134202,55.56,7
216,9,Transparência e Participação,2931350,55.56,7
217,9,Transparência e Participação,3168606,55.56,7
218,9,Transparência e Participação,3167202,55.56,7
219,9,Transparência e Participação,3548708,55.56,7
220,9,Transparência e Participação,3551009,55.56,7
221,9,Transparência e Participação,3548906,55.56,7
222,9,Transparência e Participação,3518800,55.56,7
223,9,Transparência e Participação,3518701,55.56,7
224,9,Transparência e Participação,4127700,55.56,7
225,9,Transparência e Participação,4128104,55.56,7
226,9,Transparência e Participação,2307650,55.56,7
227,9,Transparência e Participação,4303103,55.56,7
228,9,Transparência e Participação,2412005,55.56,7
229,9,Transparência e Participação,2403251,55.56,7
230,9,Transparência e Participação,2603454,55.56,7
231,9,Transparência e Participação,2304400,55.56,7
232,9,Transparência e Participação,2913606,55.56,7
233,9,Transparência e Participação,2100055,55.56,7
234,9,Transparência e Participação,1702109,55.56,7
235,9,Transparência e Participação,4314407,55.56,7
236,9,Transparência e Participação,2211001,55.56,7
237,9,Transparência e Participação,2303709,55.56,7
238,9,Transparência e Participação,2107506,55.56,7
239,9,Transparência e Participação,4209300,55.56,7
240,9,Transparência e Participação,2930709,55.56,7
241,9,Transparência e Participação,2928703,55.56,7
242,9,Transparência e Participação,4202008,55.56,7
243,9,Transparência e Participação,2606804,55.56,7
244,9,Transparência e Participação,2700300,55.56,7
245,9,Transparência e Participação,4211900,55.56,7
246,9,Transparência e Participação,4203204,55.56,7
247,9,Transparência e Participação,4209102,55.56,7
248,9,Transparência e Participação,2900702,55.56,7
249,9,Transparência e Participação,2905701,55.56,7
250,9,Transparência e Participação,4125506,55.56,7
251,9,Transparência e Participação,4118204,55.56,7
252,9,Transparência e Participação,3543907,55.56,7
253,9,Transparência e Participação,4104808,55.56,7
254,9,Transparência e Participação,3154606,55.56,7
255,9,Transparência e Participação,2910727,50.0,7
256,9,Transparência e Participação,4323002,44.44,7
257,9,Transparência e Participação,1500107,44.44,7
258,9,Transparência e Participação,1302504,44.44,7
259,9,Transparência e Participação,3305109,44.44,7
260,9,Transparência e Participação,5200258,44.44,7
261,9,Transparência e Participação,1502400,44.44,7
262,9,Transparência e Participação,3304524,44.44,7
263,9,Transparência e Participação,5211909,44.44,7
264,9,Transparência e Participação,1501303,44.44,7
265,9,Transparência e Participação,3104007,44.44,7
266,9,Transparência e Participação,3151800,44.44,7
267,9,Transparência e Participação,3556206,44.44,7
268,9,Transparência e Participação,3131307,44.44,7
269,9,Transparência e Participação,3552403,44.44,7
270,9,Transparência e Participação,3118304,44.44,7
271,9,Transparência e Participação,4101804,44.44,7
272,9,Transparência e Participação,3143302,44.44,7
273,9,Transparência e Participação,3144805,44.44,7
274,9,Transparência e Participação,3156700,44.44,7
275,9,Transparência e Participação,3515004,44.44,7
276,9,Transparência e Participação,3301702,44.44,7
277,9,Transparência e Participação,3513504,44.44,7
278,9,Transparência e Participação,3302205,44.44,7
279,9,Transparência e Participação,3518404,44.44,7
280,9,Transparência e Participação,3523107,44.44,7
281,9,Transparência e Participação,3522208,44.44,7
282,9,Transparência e Participação,3543402,44.44,7
283,9,Transparência e Participação,3152501,44.44,7
284,9,Transparência e Participação,3545803,44.44,7
285,9,Transparência e Participação,3145208,44.44,7
286,9,Transparência e Participação,3547809,44.44,7
287,9,Transparência e Participação,3106705,44.44,7
288,9,Transparência e Participação,3551702,44.44,7
289,9,Transparência e Participação,2918407,44.44,7
290,9,Transparência e Participação,2919207,44.44,7
291,9,Transparência e Participação,2103000,44.44,7
292,9,Transparência e Participação,2800308,44.44,7
293,9,Transparência e Participação,4300604,44.44,7
294,9,Transparência e Participação,2804805,44.44,7
295,9,Transparência e Participação,2101202,44.44,7
296,9,Transparência e Participação,2802908,44.44,7
297,9,Transparência e Participação,2610707,44.44,7
298,9,Transparência e Participação,4105805,44.44,7
299,9,Transparência e Participação,2914802,44.44,7
300,9,Transparência e Participação,2803500,44.44,7
301,9,Transparência e Participação,5212501,33.33,7
302,9,Transparência e Participação,1502103,33.33,7
303,9,Transparência e Participação,1504422,33.33,7
304,9,Transparência e Participação,2103307,33.33,7
305,9,Transparência e Participação,2910800,33.33,7
306,9,Transparência e Participação,4108304,33.33,7
307,9,Transparência e Participação,4119509,33.33,7
308,9,Transparência e Participação,3516408,33.33,7
309,9,Transparência e Participação,3122306,33.33,7
310,9,Transparência e Participação,3138203,33.33,7
311,9,Transparência e Participação,3302007,33.33,7
312,9,Transparência e Participação,2306405,33.33,7
313,9,Transparência e Participação,2307700,33.33,7
314,9,Transparência e Participação,3300209,22.22,7
315,9,Transparência e Participação,3301009,22.22,7
316,9,Transparência e Participação,4103701,22.22,7
317,9,Transparência e Participação,3510609,11.11,7
318,9,Transparência e Participação,1301902,11.11,7
319,9,Transparência e Participação,4301602,0.0,7
1,10,Competências em Governo Digital,1100122,,7
2,10,Competências em Governo Digital,1100205,,7
3,10,Competências em Governo Digital,1200401,,7
4,10,Competências em Governo Digital,1301902,,7
5,10,Competências em Governo Digital,1302504,,7
6,10,Competências em Governo Digital,1302603,,7
7,10,Competências em Governo Digital,1400100,,7
8,10,Competências em Governo Digital,1500107,,7
9,10,Competências em Governo Digital,1500602,,7
10,10,Competências em Governo Digital,1500800,,7
11,10,Competências em Governo Digital,1501303,,7
12,10,Competências em Governo Digital,1501402,,7
13,10,Competências em Governo Digital,1501709,,7
14,10,Competências em Governo Digital,1501808,,7
15,10,Competências em Governo Digital,1502103,,7
16,10,Competências em Governo Digital,1502400,,7
17,10,Competências em Governo Digital,1503606,,7
18,10,Competências em Governo Digital,1504208,,7
19,10,Competências em Governo Digital,1504422,,7
20,10,Competências em Governo Digital,1505502,,7
21,10,Competências em Governo Digital,1505536,,7
22,10,Competências em Governo Digital,1506807,,7
23,10,Competências em Governo Digital,1600303,,7
24,10,Competências em Governo Digital,1600600,,7
25,10,Competências em Governo Digital,1702109,,7
26,10,Competências em Governo Digital,1721000,,7
27,10,Competências em Governo Digital,2100055,,7
28,10,Competências em Governo Digital,2101202,,7
29,10,Competências em Governo Digital,2101400,,7
30,10,Competências em Governo Digital,2103000,,7
31,10,Competências em Governo Digital,2103307,,7
32,10,Competências em Governo Digital,2105302,,7
33,10,Competências em Governo Digital,2107506,,7
34,10,Competências em Governo Digital,2111201,,7
35,10,Competências em Governo Digital,2111300,,7
36,10,Competências em Governo Digital,2112209,,7
37,10,Competências em Governo Digital,2207702,,7
38,10,Competências em Governo Digital,2211001,,7
39,10,Competências em Governo Digital,2303709,,7
40,10,Competências em Governo Digital,2304202,,7
41,10,Competências em Governo Digital,2304400,,7
42,10,Competências em Governo Digital,2306405,,7
43,10,Competências em Governo Digital,2307304,,7
44,10,Competências em Governo Digital,2307650,,7
45,10,Competências em Governo Digital,2307700,,7
46,10,Competências em Governo Digital,2312908,,7
47,10,Competências em Governo Digital,2403251,,7
48,10,Competências em Governo Digital,2408003,,7
49,10,Competências em Governo Digital,2408102,,7
50,10,Competências em Governo Digital,2412005,,7
51,10,Competências em Governo Digital,2504009,,7
52,10,Competências em Governo Digital,2507507,,7
53,10,Competências em Governo Digital,2510808,,7
54,10,Competências em Governo Digital,2513703,,7
55,10,Competências em Governo Digital,2602902,,7
56,10,Competências em Governo Digital,2603454,,7
57,10,Competências em Governo Digital,2604106,,7
58,10,Competências em Governo Digital,2606002,,7
59,10,Competências em Governo Digital,2606804,,7
60,10,Competências em Governo Digital,2607901,,7
61,10,Competências em Governo Digital,2609600,,7
62,10,Competências em Governo Digital,2610707,,7
63,10,Competências em Governo Digital,2611101,,7
64,10,Competências em Governo Digital,2611606,,7
65,10,Competências em Governo Digital,2613701,,7
66,10,Competências em Governo Digital,2616407,,7
67,10,Competências em Governo Digital,2700300,,7
68,10,Competências em Governo Digital,2704302,,7
69,10,Competências em Governo Digital,2800308,,7
70,10,Competências em Governo Digital,2802908,,7
71,10,Competências em Governo Digital,2803500,,7
72,10,Competências em Governo Digital,2804805,,7
73,10,Competências em Governo Digital,2900702,,7
74,10,Competências em Governo Digital,2903201,,7
75,10,Competências em Governo Digital,2905701,,7
76,10,Competências em Governo Digital,2910727,,7
77,10,Competências em Governo Digital,2910800,,7
78,10,Competências em Governo Digital,2913606,,7
79,10,Competências em Governo Digital,2914802,,7
80,10,Competências em Governo Digital,2918001,,7
81,10,Competências em Governo Digital,2918407,,7
82,10,Competências em Governo Digital,2919207,,7
83,10,Competências em Governo Digital,2919553,,7
84,10,Competências em Governo Digital,2924009,,7
85,10,Competências em Governo Digital,2925303,,7
86,10,Competências em Governo Digital,2927408,,7
87,10,Competências em Governo Digital,2928703,,7
88,10,Competências em Governo Digital,2930709,,7
89,10,Competências em Governo Digital,2931350,,7
90,10,Competências em Governo Digital,2933307,,7
91,10,Competências em Governo Digital,3103504,,7
92,10,Competências em Governo Digital,3104007,,7
93,10,Competências em Governo Digital,3105608,,7
94,10,Competências em Governo Digital,3106200,,7
95,10,Competências em Governo Digital,3106705,,7
96,10,Competências em Governo Digital,3118304,,7
97,10,Competências em Governo Digital,3118601,,7
98,10,Competências em Governo Digital,3119401,,7
99,10,Competências em Governo Digital,3122306,,7
100,10,Competências em Governo Digital,3127701,,7
101,10,Competências em Governo Digital,3129806,,7
102,10,Competências em Governo Digital,3131307,,7
103,10,Competências em Governo Digital,3131703,,7
104,10,Competências em Governo Digital,3134202,,7
105,10,Competências em Governo Digital,3136702,,7
106,10,Competências em Governo Digital,3138203,,7
107,10,Competências em Governo Digital,3143302,,7
108,10,Competências em Governo Digital,3143906,,7
109,10,Competências em Governo Digital,3144805,,7
110,10,Competências em Governo Digital,3145208,,7
111,10,Competências em Governo Digital,3147907,,7
112,10,Competências em Governo Digital,3148004,,7
113,10,Competências em Governo Digital,3151800,,7
114,10,Competências em Governo Digital,3152501,,7
115,10,Competências em Governo Digital,3154606,,7
116,10,Competências em Governo Digital,3156700,,7
117,10,Competências em Governo Digital,3157807,,7
118,10,Competências em Governo Digital,3167202,,7
119,10,Competências em Governo Digital,3168606,,7
120,10,Competências em Governo Digital,3169901,,7
121,10,Competências em Governo Digital,3170107,,7
122,10,Competências em Governo Digital,3170206,,7
123,10,Competências em Governo Digital,3170701,,7
124,10,Competências em Governo Digital,3171204,,7
125,10,Competências em Governo Digital,3201209,,7
126,10,Competências em Governo Digital,3201308,,7
127,10,Competências em Governo Digital,3201506,,7
128,10,Competências em Governo Digital,3202405,,7
129,10,Competências em Governo Digital,3203205,,7
130,10,Competências em Governo Digital,3204906,,7
131,10,Competências em Governo Digital,3205002,,7
132,10,Competências em Governo Digital,3205200,,7
133,10,Competências em Governo Digital,3205309,,7
134,10,Competências em Governo Digital,3300100,,7
135,10,Competências em Governo Digital,3300209,,7
136,10,Competências em Governo Digital,3300407,,7
137,10,Competências em Governo Digital,3300456,,7
138,10,Competências em Governo Digital,3300704,,7
139,10,Competências em Governo Digital,3301009,,7
140,10,Competências em Governo Digital,3301702,,7
141,10,Competências em Governo Digital,3301900,,7
142,10,Competências em Governo Digital,3302007,,7
143,10,Competências em Governo Digital,3302205,,7
144,10,Competências em Governo Digital,3302403,,7
145,10,Competências em Governo Digital,3302502,,7
146,10,Competências em Governo Digital,3302700,,7
147,10,Competências em Governo Digital,3302858,,7
148,10,Competências em Governo Digital,3303203,,7
149,10,Competências em Governo Digital,3303302,,7
150,10,Competências em Governo Digital,3303401,,7
151,10,Competências em Governo Digital,3303500,,7
152,10,Competências em Governo Digital,3303906,,7
153,10,Competências em Governo Digital,3304144,,7
154,10,Competências em Governo Digital,3304201,,7
155,10,Competências em Governo Digital,3304524,,7
156,10,Competências em Governo Digital,3304557,,7
157,10,Competências em Governo Digital,3304904,,7
158,10,Competências em Governo Digital,3305109,,7
159,10,Competências em Governo Digital,3305208,,7
160,10,Competências em Governo Digital,3305802,,7
161,10,Competências em Governo Digital,3306305,,7
162,10,Competências em Governo Digital,3501608,,7
163,10,Competências em Governo Digital,3502804,,7
164,10,Competências em Governo Digital,3503208,,7
165,10,Competências em Governo Digital,3503307,,7
166,10,Competências em Governo Digital,3504008,,7
167,10,Competências em Governo Digital,3504107,,7
168,10,Competências em Governo Digital,3505500,,7
169,10,Competências em Governo Digital,3505708,,7
170,10,Competências em Governo Digital,3506003,,7
171,10,Competências em Governo Digital,3506508,,7
172,10,Competências em Governo Digital,3507506,,7
173,10,Competências em Governo Digital,3507605,,7
174,10,Competências em Governo Digital,3509502,,7
175,10,Competências em Governo Digital,3510500,,7
176,10,Competências em Governo Digital,3510609,,7
177,10,Competências em Governo Digital,3511102,,7
178,10,Competências em Governo Digital,3513009,,7
179,10,Competências em Governo Digital,3513504,,7
180,10,Competências em Governo Digital,3513801,,7
181,10,Competências em Governo Digital,3515004,,7
182,10,Competências em Governo Digital,3515707,,7
183,10,Competências em Governo Digital,3516200,,7
184,10,Competências em Governo Digital,3516309,,7
185,10,Competências em Governo Digital,3516408,,7
186,10,Competências em Governo Digital,3518404,,7
187,10,Competências em Governo Digital,3518701,,7
188,10,Competências em Governo Digital,3518800,,7
189,10,Competências em Governo Digital,3519071,,7
190,10,Competências em Governo Digital,3520509,,7
191,10,Competências em Governo Digital,3522109,,7
192,10,Competências em Governo Digital,3522208,,7
193,10,Competências em Governo Digital,3522307,,7
194,10,Competências em Governo Digital,3522505,,7
195,10,Competências em Governo Digital,3523107,,7
196,10,Competências em Governo Digital,3523404,,7
197,10,Competências em Governo Digital,3523909,,7
198,10,Competências em Governo Digital,3524402,,7
199,10,Competências em Governo Digital,3525003,,7
200,10,Competências em Governo Digital,3525300,,7
201,10,Competências em Governo Digital,3525904,,7
202,10,Competências em Governo Digital,3526902,,7
203,10,Competências em Governo Digital,3529005,,7
204,10,Competências em Governo Digital,3529401,,7
205,10,Competências em Governo Digital,3530607,,7
206,10,Competências em Governo Digital,3530706,,7
207,10,Competências em Governo Digital,3534401,,7
208,10,Competências em Governo Digital,3534708,,7
209,10,Competências em Governo Digital,3536505,,7
210,10,Competências em Governo Digital,3538006,,7
211,10,Competências em Governo Digital,3538709,,7
212,10,Competências em Governo Digital,3539806,,7
213,10,Competências em Governo Digital,3541000,,7
214,10,Competências em Governo Digital,3541406,,7
215,10,Competências em Governo Digital,3543303,,7
216,10,Competências em Governo Digital,3543402,,7
217,10,Competências em Governo Digital,3543907,,7
218,10,Competências em Governo Digital,3545209,,7
219,10,Competências em Governo Digital,3545803,,7
220,10,Competências em Governo Digital,3547304,,7
221,10,Competências em Governo Digital,3547809,,7
222,10,Competências em Governo Digital,3548500,,7
223,10,Competências em Governo Digital,3548708,,7
224,10,Competências em Governo Digital,3548807,,7
225,10,Competências em Governo Digital,3548906,,7
226,10,Competências em Governo Digital,3549805,,7
227,10,Competências em Governo Digital,3549904,,7
228,10,Competências em Governo Digital,3550308,,7
229,10,Competências em Governo Digital,3551009,,7
230,10,Competências em Governo Digital,3551702,,7
231,10,Competências em Governo Digital,3552205,,7
232,10,Competências em Governo Digital,3552403,,7
233,10,Competências em Governo Digital,3552502,,7
234,10,Competências em Governo Digital,3552809,,7
235,10,Competências em Governo Digital,3554003,,7
236,10,Competências em Governo Digital,3554102,,7
237,10,Competências em Governo Digital,3556206,,7
238,10,Competências em Governo Digital,3556503,,7
239,10,Competências em Governo Digital,3557006,,7
240,10,Competências em Governo Digital,4100400,,7
241,10,Competências em Governo Digital,4101408,,7
242,10,Competências em Governo Digital,4101507,,7
243,10,Competências em Governo Digital,4101804,,7
244,10,Competências em Governo Digital,4103701,,7
245,10,Competências em Governo Digital,4104204,,7
246,10,Competências em Governo Digital,4104808,,7
247,10,Competências em Governo Digital,4105805,,7
248,10,Competências em Governo Digital,4106902,,7
249,10,Competências em Governo Digital,4107652,,7
250,10,Competências em Governo Digital,4108304,,7
251,10,Competências em Governo Digital,4109401,,7
252,10,Competências em Governo Digital,4113700,,7
253,10,Competências em Governo Digital,4115200,,7
254,10,Competências em Governo Digital,4118204,,7
255,10,Competências em Governo Digital,4119152,,7
256,10,Competências em Governo Digital,4119509,,7
257,10,Competências em Governo Digital,4119905,,7
258,10,Competências em Governo Digital,4125506,,7
259,10,Competências em Governo Digital,4126256,,7
260,10,Competências em Governo Digital,4127700,,7
261,10,Competências em Governo Digital,4128104,,7
262,10,Competências em Governo Digital,4202008,,7
263,10,Competências em Governo Digital,4202404,,7
264,10,Competências em Governo Digital,4202909,,7
265,10,Competências em Governo Digital,4203204,,7
266,10,Competências em Governo Digital,4204202,,7
267,10,Competências em Governo Digital,4204608,,7
268,10,Competências em Governo Digital,4205407,,7
269,10,Competências em Governo Digital,4208203,,7
270,10,Competências em Governo Digital,4208906,,7
271,10,Competências em Governo Digital,4209102,,7
272,10,Competências em Governo Digital,4209300,,7
273,10,Competências em Governo Digital,4211900,,7
274,10,Competências em Governo Digital,4216602,,7
275,10,Competências em Governo Digital,4218707,,7
276,10,Competências em Governo Digital,4300604,,7
277,10,Competências em Governo Digital,4301602,,7
278,10,Competências em Governo Digital,4302105,,7
279,10,Competências em Governo Digital,4303103,,7
280,10,Competências em Governo Digital,4304606,,7
281,10,Competências em Governo Digital,4305108,,7
282,10,Competências em Governo Digital,4307005,,7
283,10,Competências em Governo Digital,4309209,,7
284,10,Competências em Governo Digital,4313409,,7
285,10,Competências em Governo Digital,4314100,,7
286,10,Competências em Governo Digital,4314407,,7
287,10,Competências em Governo Digital,4314902,,7
288,10,Competências em Governo Digital,4315602,,7
289,10,Competências em Governo Digital,4316808,,7
290,10,Competências em Governo Digital,4316907,,7
291,10,Competências em Governo Digital,4318705,,7
292,10,Competências em Governo Digital,4320008,,7
293,10,Competências em Governo Digital,4322400,,7
294,10,Competências em Governo Digital,4323002,,7
295,10,Competências em Governo Digital,5002704,,7
296,10,Competências em Governo Digital,5003702,,7
297,10,Competências em Governo Digital,5008305,,7
298,10,Competências em Governo Digital,5103403,,7
299,10,Competências em Governo Digital,5107602,,7
300,10,Competências em Governo Digital,5107909,,7
301,10,Competências em Governo Digital,5107925,,7
302,10,Competências em Governo Digital,5107958,,7
303,10,Competências em Governo Digital,5108402,,7
304,10,Competências em Governo Digital,5200258,,7
305,10,Competências em Governo Digital,5201108,,7
306,10,Competências em Governo Digital,5201405,,7
307,10,Competências em Governo Digital,5205109,,7
308,10,Competências em Governo Digital,5208004,,7
309,10,Competências em Governo Digital,5208707,,7
310,10,Competências em Governo Digital,5211503,,7
311,10,Competências em Governo Digital,5211909,,7
312,10,Competências em Governo Digital,5212501,,7
313,10,Competências em Governo Digital,5215231,,7
314,10,Competências em Governo Digital,5217609,,7
315,10,Competências em Governo Digital,5218805,,7
316,10,Competências em Governo Digital,5220454,,7
317,10,Competências em Governo Digital,5221403,,7
318,10,Competências em Governo Digital,5221858,,7
319,10,Competências em Governo Digital,5300108,,7
